Session,UAI,Nom de l'établissement,Commune,Code région académique,Région académique,Code académie,Académie,Code département,Département,Secteur,Nb candidats G,Taux de réussite G,VA du taux de réussite G,Nb candidats P,Taux de réussite P,Note à l'écrit G,VA de la note G,Note à l'écrit P,Taux d'accès 6eme 3eme,Part présents 3eme ordinaire total,Part présents 3eme segpa total,Nb mentions AB G,Nb mentions B G,Nb mentions TB G,Nb mentions global G,code_region_insee
2025,0350057X,COLLEGE JACQUES PREVERT,ROMILLE,03,BRETAGNE,14,RENNES,35,ILLE-ET-VILAINE,PU,135,89.0,-3.0,,,11.3,-0.1,,99.0,98.0,,29,26,37,92,53
2025,0351638R,COLLEGE ANNE DE BRETAGNE,RENNES,03,BRETAGNE,14,RENNES,35,ILLE-ET-VILAINE,PU,205,90.0,-5.0,,,12.1,-0.9,,93.0,98.0,,27,48,95,170,53
2025,0352071L,COLLEGE PRIVE JOSEPHINE-BAKHITA,RENNES,03,BRETAGNE,14,RENNES,35,ILLE-ET-VILAINE,PR,22,91.0,,9,89.0,10.3,,9.1,73.0,97.0,,9,5,3,17,53
2025,0352274G,COLLEGE FRANCOISE DOLTO,PACE,03,BRETAGNE,14,RENNES,35,ILLE-ET-VILAINE,PU,181,85.0,-7.0,8,88.0,11.7,-0.4,10.3,93.0,99.0,,32,37,72,141,53
2025,0353006C,COLLEGE PRIVE LEONTINE-DOLIVET,CESSON SEVIGNE,03,BRETAGNE,14,RENNES,35,ILLE-ET-VILAINE,PR,51,92.0,-4.0,,,13.3,0.3,,98.0,98.0,,5,12,23,40,53
2024,0351852Y,COLLEGE DE FONTENAY,CHARTRES DE BRETAGNE,03,BRETAGNE,14,RENNES,35,ILLE-ET-VILAINE,PU,141,95.0,0.0,24,62.0,12.6,0.5,9.2,92.0,100.0,,23,44,58,125,53
2024,0350874K,COLLEGE PRIVE ST YVES,MORDELLES,03,BRETAGNE,14,RENNES,35,ILLE-ET-VILAINE,PR,155,95.0,0.0,,,12.5,0.4,,89.0,96.0,,28,38,50,116,53
2024,0352274G,COLLEGE FRANCOISE DOLTO,PACE,03,BRETAGNE,14,RENNES,35,ILLE-ET-VILAINE,PU,181,96.0,0.0,9,44.0,12.9,-0.2,8.3,93.0,98.0,,26,51,87,164,53
2024,0350734H,COLLEGE LES CHALAIS,RENNES,03,BRETAGNE,14,RENNES,35,ILLE-ET-VILAINE,PU,101,84.0,2.0,14,50.0,10.0,0.1,7.0,78.0,97.0,,20,26,25,71,53
2024,0351851X,COLLEGE LA BINQUENAIS,RENNES,03,BRETAGNE,14,RENNES,35,ILLE-ET-VILAINE,PU,115,83.0,3.0,12,67.0,9.4,-0.2,4.9,82.0,94.0,0.0,24,19,26,69,53
2024,0352071L,COLLEGE PRIVE JOSEPHINE-BAKHITA,RENNES,03,BRETAGNE,14,RENNES,35,ILLE-ET-VILAINE,PR,35,89.0,,12,75.0,9.6,,9.3,66.0,100.0,,7,5,6,18,53
2024,0350057X,COLLEGE JACQUES PREVERT,ROMILLE,03,BRETAGNE,14,RENNES,35,ILLE-ET-VILAINE,PU,122,85.0,-7.0,,,11.7,0.0,,97.0,99.0,,20,29,38,87,53
2024,0350780H,COLLEGE PRIVE IMMACULEE,SAINT GREGOIRE,03,BRETAGNE,14,RENNES,35,ILLE-ET-VILAINE,PR,210,98.0,0.0,,,13.8,-0.1,,95.0,100.0,,37,56,98,191,53
2022,0350033W,COLLEGE LES ORMEAUX,RENNES,03,BRETAGNE,14,RENNES,35,ILLE-ET-VILAINE,PU,132,96.0,0.0,,,13.3,0.3,,93.0,96.0,,10,36,73,119,53
2022,0350836U,COLLEGE PRIVE ST MARTIN QUARTIER STE GENEVIE,RENNES,03,BRETAGNE,14,RENNES,35,ILLE-ET-VILAINE,PR,82,100.0,5.0,,,11.7,0.0,,81.0,99.0,,21,23,31,75,53
2022,0352069J,COLLEGE PRIVE ST VINCENT-PROVIDENCE,RENNES,03,BRETAGNE,14,RENNES,35,ILLE-ET-VILAINE,PR,190,99.0,1.0,17,88.0,13.6,0.4,6.1,86.0,96.0,71.0,26,77,76,179,53
2023,0350874K,COLLEGE PRIVE ST YVES,MORDELLES,03,BRETAGNE,14,RENNES,35,ILLE-ET-VILAINE,PR,155,100.0,4.0,,,12.8,0.4,,93.0,99.0,,29,54,55,138,53
2023,0352691K,COLLEGE ANDREE RECIPON,ORGERES,03,BRETAGNE,14,RENNES,35,ILLE-ET-VILAINE,PU,109,93.0,-4.0,9,89.0,12.8,-0.6,10.1,96.0,98.0,,13,21,55,89,53
2023,0352319F,COLLEGE PRIVE ST GABRIEL,PACE,03,BRETAGNE,14,RENNES,35,ILLE-ET-VILAINE,PR,242,100.0,2.0,,,14.0,0.6,,96.0,100.0,,35,63,129,227,53
2023,0350780H,COLLEGE PRIVE IMMACULEE,SAINT GREGOIRE,03,BRETAGNE,14,RENNES,35,ILLE-ET-VILAINE,PR,224,99.0,0.0,,,13.9,0.0,,96.0,100.0,,33,49,126,208,53
2025,0300037C,COLLEGE JEAN VILAR,SAINT GILLES,16,OCCITANIE,11,MONTPELLIER,30,GARD,PU,162,63.0,-18.0,6,100.0,8.4,-1.0,8.2,94.0,96.0,40.0,30,28,21,79,76
2025,0350835T,COLLEGE PRIVE LA TOUR D'AUVERGNE LA SALLE,RENNES,03,BRETAGNE,14,RENNES,35,ILLE-ET-VILAINE,PR,94,98.0,2.0,,,13.0,0.6,,81.0,99.0,,15,28,35,78,53
2025,0350913C,COLLEGE CLOTILDE VAUTIER,RENNES,03,BRETAGNE,14,RENNES,35,ILLE-ET-VILAINE,PU,78,78.0,-2.0,17,65.0,9.4,-0.4,5.8,80.0,94.0,100.0,14,8,22,44,53
2025,0351847T,COLLEGE GEORGES BRASSENS,LE RHEU,03,BRETAGNE,14,RENNES,35,ILLE-ET-VILAINE,PU,149,91.0,0.0,14,64.0,11.0,-0.6,8.6,88.0,96.0,,40,34,47,121,53
2025,0351851X,COLLEGE LA BINQUENAIS,RENNES,03,BRETAGNE,14,RENNES,35,ILLE-ET-VILAINE,PU,130,68.0,-10.0,14,71.0,9.5,0.0,8.0,86.0,98.0,44.0,20,18,27,65,53
2025,0351852Y,COLLEGE DE FONTENAY,CHARTRES DE BRETAGNE,03,BRETAGNE,14,RENNES,35,ILLE-ET-VILAINE,PU,130,95.0,2.0,16,56.0,12.3,0.5,8.8,93.0,95.0,,28,30,51,109,53
2023,0350002M,COLLEGE PIERRE BROSSOLETTE,BRUZ,03,BRETAGNE,14,RENNES,35,ILLE-ET-VILAINE,PU,125,98.0,0.0,28,68.0,13.0,-0.2,8.8,90.0,95.0,57.0,20,25,60,105,53
2023,0351906G,COLLEGE BOURGCHEVREUIL,CESSON SEVIGNE,03,BRETAGNE,14,RENNES,35,ILLE-ET-VILAINE,PU,182,98.0,0.0,,,13.4,-0.5,,95.0,100.0,,19,49,108,176,53
2023,0351852Y,COLLEGE DE FONTENAY,CHARTRES DE BRETAGNE,03,BRETAGNE,14,RENNES,35,ILLE-ET-VILAINE,PU,116,93.0,-1.0,13,85.0,12.0,-0.4,9.2,95.0,93.0,,23,32,43,98,53
2023,0350734H,COLLEGE LES CHALAIS,RENNES,03,BRETAGNE,14,RENNES,35,ILLE-ET-VILAINE,PU,111,85.0,-1.0,8,38.0,9.8,-0.6,6.2,86.0,98.0,,22,26,28,76,53
2023,0350895H,COLLEGE ROSA PARKS,RENNES,03,BRETAGNE,14,RENNES,35,ILLE-ET-VILAINE,PU,124,68.0,-4.0,24,33.0,7.4,-1.0,3.8,78.0,100.0,94.0,25,12,13,50,53
2023,0350913C,COLLEGE CLOTILDE VAUTIER,RENNES,03,BRETAGNE,14,RENNES,35,ILLE-ET-VILAINE,PU,77,73.0,-8.0,9,78.0,9.8,0.3,5.8,84.0,94.0,47.0,14,11,18,43,53
2023,0352071L,COLLEGE PRIVE JOSEPHINE-BAKHITA,RENNES,03,BRETAGNE,14,RENNES,35,ILLE-ET-VILAINE,PR,37,92.0,-3.0,7,71.0,11.5,0.4,8.9,84.0,94.0,,10,10,7,27,53
2023,0350057X,COLLEGE JACQUES PREVERT,ROMILLE,03,BRETAGNE,14,RENNES,35,ILLE-ET-VILAINE,PU,119,92.0,-4.0,15,33.0,12.4,0.1,8.2,98.0,99.0,,26,25,46,97,53
2023,0352589Z,COLLEGE JEAN MOULIN,SAINT JACQUES DE LA LANDE,03,BRETAGNE,14,RENNES,35,ILLE-ET-VILAINE,PU,100,90.0,5.0,,,9.1,-0.9,,94.0,94.0,,25,33,18,76,53
2023,0352541X,COLLEGE THEODORE MONOD,VERN SUR SEICHE,03,BRETAGNE,14,RENNES,35,ILLE-ET-VILAINE,PU,149,89.0,-8.0,7,43.0,11.8,-0.9,5.5,92.0,100.0,,22,53,45,120,53
2024,0350027P,COLLEGE LES GAYEULLES,RENNES,03,BRETAGNE,14,RENNES,35,ILLE-ET-VILAINE,PU,104,86.0,-4.0,20,70.0,11.8,-0.2,8.8,84.0,90.0,,17,20,39,76,53
2024,0350759K,COLLEGE ECHANGE,RENNES,03,BRETAGNE,14,RENNES,35,ILLE-ET-VILAINE,PU,83,96.0,2.0,20,55.0,13.4,0.2,9.7,92.0,94.0,,11,18,47,76,53
2024,0350760L,COLLEGE CLEUNAY,RENNES,03,BRETAGNE,14,RENNES,35,ILLE-ET-VILAINE,PU,91,80.0,-1.0,11,36.0,8.8,-1.1,7.1,83.0,96.0,,18,12,23,53,53
2024,0350963G,COLLEGE DES HAUTES OURMES,RENNES,03,BRETAGNE,14,RENNES,35,ILLE-ET-VILAINE,PU,92,90.0,3.0,43,77.0,10.9,-0.2,8.0,84.0,90.0,73.0,15,17,31,63,53
2024,0352541X,COLLEGE THEODORE MONOD,VERN SUR SEICHE,03,BRETAGNE,14,RENNES,35,ILLE-ET-VILAINE,PU,157,90.0,-2.0,,,12.4,0.1,,92.0,100.0,,25,39,54,118,53
2022,0351852Y,COLLEGE DE FONTENAY,CHARTRES DE BRETAGNE,03,BRETAGNE,14,RENNES,35,ILLE-ET-VILAINE,PU,133,92.0,0.0,19,74.0,11.1,0.4,8.1,92.0,98.0,,29,25,51,105,53
2022,0352030S,COLLEGE MORVAN LEBESQUE,MORDELLES,03,BRETAGNE,14,RENNES,35,ILLE-ET-VILAINE,PU,106,90.0,-4.0,,,11.8,0.2,,94.0,96.0,,18,26,36,80,53
2022,0350759K,COLLEGE ECHANGE,RENNES,03,BRETAGNE,14,RENNES,35,ILLE-ET-VILAINE,PU,95,93.0,-3.0,13,85.0,12.2,-0.4,10.4,88.0,93.0,,13,19,45,77,53
2022,0350781J,COLLEGE PRIVE NOTRE DAME DU VIEUX COURS,RENNES,03,BRETAGNE,14,RENNES,35,ILLE-ET-VILAINE,PR,106,99.0,1.0,,,12.5,-0.1,,92.0,98.0,,16,35,45,96,53
2022,0350965J,COLLEGE LE LANDRY,RENNES,03,BRETAGNE,14,RENNES,35,ILLE-ET-VILAINE,PU,125,94.0,1.0,9,100.0,12.1,0.0,9.5,86.0,95.0,,15,33,54,102,53
2022,0350760L,COLLEGE CLEUNAY,RENNES,03,BRETAGNE,14,RENNES,35,ILLE-ET-VILAINE,PU,109,83.0,-7.0,14,36.0,9.7,-0.6,6.8,90.0,97.0,,19,23,31,73,53
2022,0350895H,COLLEGE ROSA PARKS,RENNES,03,BRETAGNE,14,RENNES,35,ILLE-ET-VILAINE,PU,115,75.0,-3.0,16,44.0,8.0,-0.7,4.8,82.0,99.0,85.0,22,23,15,60,53
2022,0352070K,COLLEGE PRIVE ASSOMPTION,RENNES,03,BRETAGNE,14,RENNES,35,ILLE-ET-VILAINE,PR,222,99.0,1.0,,,14.4,0.9,,91.0,100.0,,8,47,161,216,53
2022,0350839X,COLLEGE PRIVE SAINT-HELIER,RENNES,03,BRETAGNE,14,RENNES,35,ILLE-ET-VILAINE,PR,111,95.0,-2.0,12,92.0,12.1,-0.5,10.1,91.0,100.0,,13,43,35,91,53
2022,0350057X,COLLEGE JACQUES PREVERT,ROMILLE,03,BRETAGNE,14,RENNES,35,ILLE-ET-VILAINE,PU,99,97.0,1.0,5,80.0,12.1,0.3,10.1,97.0,94.0,,23,32,31,86,53
2022,0352589Z,COLLEGE JEAN MOULIN,SAINT JACQUES DE LA LANDE,03,BRETAGNE,14,RENNES,35,ILLE-ET-VILAINE,PU,92,85.0,-1.0,,,9.9,-0.1,,91.0,92.0,,17,14,34,65,53
2025,0350734H,COLLEGE LES CHALAIS,RENNES,03,BRETAGNE,14,RENNES,35,ILLE-ET-VILAINE,PU,92,84.0,-1.0,16,44.0,10.1,-0.2,6.5,87.0,94.0,,26,14,25,65,53
2025,0350780H,COLLEGE PRIVE IMMACULEE,SAINT GREGOIRE,03,BRETAGNE,14,RENNES,35,ILLE-ET-VILAINE,PR,226,97.0,-1.0,,,13.7,0.1,,96.0,100.0,,29,60,103,192,53
2025,0350781J,COLLEGE PRIVE NOTRE DAME DU VIEUX COURS,RENNES,03,BRETAGNE,14,RENNES,35,ILLE-ET-VILAINE,PR,129,98.0,2.0,,,13.2,0.7,,85.0,100.0,,23,57,40,120,53
2025,0353083L,COLLEGE PRIVE SAINT-PAUL,SAINT ERBLON,03,BRETAGNE,14,RENNES,35,ILLE-ET-VILAINE,PR,110,98.0,2.0,,,12.8,0.4,,94.0,100.0,,23,28,39,90,53
2025,0350895H,COLLEGE ROSA PARKS,RENNES,03,BRETAGNE,14,RENNES,35,ILLE-ET-VILAINE,PU,76,64.0,1.0,18,72.0,7.7,0.2,7.8,68.0,92.0,76.0,22,6,10,38,53
2025,0350963G,COLLEGE LES HAUTES OURMES,RENNES,03,BRETAGNE,14,RENNES,35,ILLE-ET-VILAINE,PU,131,82.0,2.0,26,58.0,10.2,0.4,7.1,87.0,97.0,65.0,26,28,29,83,53
2025,0352260S,COLLEGE FRANCOIS TRUFFAUT,BETTON,03,BRETAGNE,14,RENNES,35,ILLE-ET-VILAINE,PU,158,97.0,1.0,,,12.4,-0.3,,95.0,96.0,,35,44,59,138,53
2023,0350852L,COLLEGE PRIVE ST JOSEPH,BRUZ,03,BRETAGNE,14,RENNES,35,ILLE-ET-VILAINE,PR,333,98.0,1.0,,,12.8,0.2,,90.0,98.0,,58,115,132,305,53
2023,0352959B,COLLEGE MARIE CURIE,LAILLE,03,BRETAGNE,14,RENNES,35,ILLE-ET-VILAINE,PU,77,87.0,-10.0,,,12.4,-0.4,,94.0,98.0,,13,14,31,58,53
2023,0352274G,COLLEGE FRANCOISE DOLTO,PACE,03,BRETAGNE,14,RENNES,35,ILLE-ET-VILAINE,PU,186,97.0,1.0,,,12.4,0.0,,95.0,98.0,,37,44,87,168,53
2023,0350033W,COLLEGE LES ORMEAUX,RENNES,03,BRETAGNE,14,RENNES,35,ILLE-ET-VILAINE,PU,131,98.0,0.0,9,89.0,13.4,-0.5,9.6,90.0,99.0,,16,23,76,115,53
2023,0350759K,COLLEGE ECHANGE,RENNES,03,BRETAGNE,14,RENNES,35,ILLE-ET-VILAINE,PU,109,99.0,1.0,21,67.0,12.7,-0.7,8.8,90.0,96.0,,19,26,50,95,53
2023,0350760L,COLLEGE CLEUNAY,RENNES,03,BRETAGNE,14,RENNES,35,ILLE-ET-VILAINE,PU,92,100.0,8.0,17,100.0,10.7,-0.8,7.1,71.0,99.0,,23,24,41,88,53
2023,0351851X,COLLEGE LA BINQUENAIS,RENNES,03,BRETAGNE,14,RENNES,35,ILLE-ET-VILAINE,PU,103,79.0,-4.0,13,85.0,9.1,-0.5,6.2,77.0,95.0,47.0,23,13,19,55,53
2024,0352260S,COLLEGE FRANCOIS TRUFFAUT,BETTON,03,BRETAGNE,14,RENNES,35,ILLE-ET-VILAINE,PU,110,97.0,1.0,9,89.0,12.2,-1.1,10.2,93.0,100.0,,27,28,46,101,53
2024,0350852L,COLLEGE PRIVE ST JOSEPH,BRUZ,03,BRETAGNE,14,RENNES,35,ILLE-ET-VILAINE,PR,204,98.0,1.0,,,12.4,-0.4,,95.0,98.0,,47,64,75,186,53
2024,0352959B,COLLEGE MARIE CURIE,LAILLE,03,BRETAGNE,14,RENNES,35,ILLE-ET-VILAINE,PU,103,99.0,3.0,5,60.0,13.3,0.6,8.8,94.0,98.0,,23,27,42,92,53
2024,0352030S,COLLEGE MORVAN LEBESQUE,MORDELLES,03,BRETAGNE,14,RENNES,35,ILLE-ET-VILAINE,PU,120,88.0,-6.0,6,67.0,11.7,-0.2,10.2,93.0,98.0,,16,30,41,87,53
2024,0350033W,COLLEGE LES ORMEAUX,RENNES,03,BRETAGNE,14,RENNES,35,ILLE-ET-VILAINE,PU,131,91.0,-3.0,5,40.0,13.0,-0.3,7.4,86.0,100.0,,14,25,67,106,53
2024,0350836U,COLLEGE PRIVE ST MARTIN QUARTIER STE GENEVIEVE,RENNES,03,BRETAGNE,14,RENNES,35,ILLE-ET-VILAINE,PR,103,96.0,0.0,,,13.0,0.4,,93.0,98.0,,15,39,36,90,53
2024,0350895H,COLLEGE ROSA PARKS,RENNES,03,BRETAGNE,14,RENNES,35,ILLE-ET-VILAINE,PU,96,77.0,9.0,25,60.0,7.8,-0.3,7.8,88.0,99.0,67.0,26,17,7,50,53
2024,0351638R,COLLEGE ANNE DE BRETAGNE,RENNES,03,BRETAGNE,14,RENNES,35,ILLE-ET-VILAINE,PU,212,93.0,-3.0,,,12.9,-0.4,,91.0,98.0,,26,44,112,182,53
2024,0352069J,COLLEGE PRIVE ST VINCENT-PROVIDENCE,RENNES,03,BRETAGNE,14,RENNES,35,ILLE-ET-VILAINE,PR,167,98.0,0.0,23,70.0,13.7,-0.7,6.5,84.0,98.0,79.0,25,54,75,154,53
2022,0352260S,COLLEGE FRANCOIS TRUFFAUT,BETTON,03,BRETAGNE,14,RENNES,35,ILLE-ET-VILAINE,PU,125,93.0,-2.0,,,11.4,-0.2,,93.0,97.0,,24,28,47,99,53
2022,0350852L,COLLEGE PRIVE ST JOSEPH,BRUZ,03,BRETAGNE,14,RENNES,35,ILLE-ET-VILAINE,PR,182,95.0,-1.0,,,11.8,-0.1,,92.0,98.0,,32,52,73,157,53
2022,0350027P,COLLEGE LES GAYEULLES,RENNES,03,BRETAGNE,14,RENNES,35,ILLE-ET-VILAINE,PU,152,91.0,-1.0,,,11.6,0.0,,80.0,92.0,,22,36,65,123,53
2022,0300037C,COLLEGE JEAN VILAR,SAINT GILLES,16,OCCITANIE,11,MONTPELLIER,30,GARD,PU,164,73.0,-8.0,,,8.0,-0.7,,97.0,96.0,25.0,35,22,27,84,76
2023,0352030S,COLLEGE MORVAN LEBESQUE,MORDELLES,03,BRETAGNE,14,RENNES,35,ILLE-ET-VILAINE,PU,88,92.0,-4.0,13,46.0,11.7,-0.2,8.2,93.0,98.0,,11,20,27,58,53
2023,0350781J,COLLEGE PRIVE NOTRE DAME DU VIEUX COURS,RENNES,03,BRETAGNE,14,RENNES,35,ILLE-ET-VILAINE,PR,104,100.0,1.0,,,14.0,0.1,,89.0,100.0,,13,23,63,99,53
2023,0351638R,COLLEGE ANNE DE BRETAGNE,RENNES,03,BRETAGNE,14,RENNES,35,ILLE-ET-VILAINE,PU,204,91.0,-5.0,,,12.4,-0.9,,91.0,99.0,,21,42,103,166,53
2023,0350027P,COLLEGE LES GAYEULLES,RENNES,03,BRETAGNE,14,RENNES,35,ILLE-ET-VILAINE,PU,125,99.0,8.0,,,11.9,0.3,,89.0,89.0,,19,29,65,113,53
2023,0352069J,COLLEGE PRIVE ST VINCENT-PROVIDENCE,RENNES,03,BRETAGNE,14,RENNES,35,ILLE-ET-VILAINE,PR,194,100.0,1.0,22,86.0,13.9,-0.3,6.4,88.0,98.0,71.0,27,74,87,188,53
2023,0350835T,COLLEGE PRIVE LA TOUR D'AUVERGNE LA SALLE,RENNES,03,BRETAGNE,14,RENNES,35,ILLE-ET-VILAINE,PR,99,99.0,2.0,,,13.8,0.9,,90.0,99.0,,17,24,51,92,53
2023,0350836U,COLLEGE PRIVE ST MARTIN QUARTIER STE GENEVIEVE,RENNES,03,BRETAGNE,14,RENNES,35,ILLE-ET-VILAINE,PR,83,98.0,1.0,,,12.3,-0.3,,87.0,93.0,,13,28,30,71,53
2023,0350965J,COLLEGE LE LANDRY,RENNES,03,BRETAGNE,14,RENNES,35,ILLE-ET-VILAINE,PU,118,93.0,-2.0,6,100.0,11.9,-1.1,8.3,91.0,95.0,,21,30,48,99,53
2023,0352070K,COLLEGE PRIVE ASSOMPTION,RENNES,03,BRETAGNE,14,RENNES,35,ILLE-ET-VILAINE,PR,224,100.0,1.0,,,14.3,0.0,,92.0,99.0,,7,49,164,220,53
2022,0350002M,COLLEGE PIERRE BROSSOLETTE,BRUZ,03,BRETAGNE,14,RENNES,35,ILLE-ET-VILAINE,PU,142,94.0,-2.0,28,75.0,11.6,-0.6,8.2,92.0,99.0,35.0,27,44,51,122,53
2022,0352274G,COLLEGE FRANCOISE DOLTO,PACE,03,BRETAGNE,14,RENNES,35,ILLE-ET-VILAINE,PU,176,91.0,-4.0,,,11.6,-0.3,,93.0,99.0,,30,38,66,134,53
2022,0350734H,COLLEGE LES CHALAIS,RENNES,03,BRETAGNE,14,RENNES,35,ILLE-ET-VILAINE,PU,100,89.0,2.0,11,64.0,10.2,0.7,6.3,78.0,98.0,,22,22,33,77,53
2022,0350780H,COLLEGE PRIVE IMMACULEE,SAINT GREGOIRE,03,BRETAGNE,14,RENNES,35,ILLE-ET-VILAINE,PR,230,99.0,1.0,,,13.5,0.1,,96.0,99.0,,29,67,116,212,53
2022,0352541X,COLLEGE THEODORE MONOD,VERN SUR SEICHE,03,BRETAGNE,14,RENNES,35,ILLE-ET-VILAINE,PU,130,92.0,-4.0,,,11.5,-0.5,,97.0,99.0,,28,34,41,103,53
2024,0350002M,COLLEGE PIERRE BROSSOLETTE,BRUZ,03,BRETAGNE,14,RENNES,35,ILLE-ET-VILAINE,PU,130,92.0,-3.0,23,83.0,12.1,-0.2,8.3,92.0,95.0,46.0,18,42,37,97,53
2024,0351847T,COLLEGE GEORGES BRASSENS,LE RHEU,03,BRETAGNE,14,RENNES,35,ILLE-ET-VILAINE,PU,170,91.0,-3.0,19,58.0,11.0,-1.3,8.1,90.0,95.0,,27,43,51,121,53
2024,0352691K,COLLEGE ANDREE RECIPON,ORGERES,03,BRETAGNE,14,RENNES,35,ILLE-ET-VILAINE,PU,103,88.0,-8.0,19,63.0,12.6,0.0,11.0,95.0,95.0,,18,25,37,80,53
2024,0352319F,COLLEGE PRIVE ST GABRIEL,PACE,03,BRETAGNE,14,RENNES,35,ILLE-ET-VILAINE,PR,249,99.0,2.0,,,13.4,0.3,,95.0,99.0,,32,81,115,228,53
2024,0350835T,COLLEGE PRIVE LA TOUR D'AUVERGNE LA SALLE,RENNES,03,BRETAGNE,14,RENNES,35,ILLE-ET-VILAINE,PR,100,98.0,2.0,,,13.5,0.9,,95.0,99.0,,15,35,42,92,53
2024,0350839X,COLLEGE PRIVE SAINT-HELIER,RENNES,03,BRETAGNE,14,RENNES,35,ILLE-ET-VILAINE,PR,119,97.0,-1.0,8,100.0,13.2,-0.1,10.6,91.0,98.0,,21,43,41,105,53
2024,0350913C,COLLEGE CLOTILDE VAUTIER,RENNES,03,BRETAGNE,14,RENNES,35,ILLE-ET-VILAINE,PU,87,68.0,-4.0,14,79.0,8.5,-0.5,7.9,78.0,100.0,86.0,15,13,15,43,53
2024,0350965J,COLLEGE LE LANDRY,RENNES,03,BRETAGNE,14,RENNES,35,ILLE-ET-VILAINE,PU,127,93.0,-1.0,5,60.0,12.4,-0.3,6.6,88.0,95.0,,26,26,53,105,53
2024,0351796M,COLLEGE EMILE ZOLA,RENNES,03,BRETAGNE,14,RENNES,35,ILLE-ET-VILAINE,PU,135,86.0,0.0,,,10.8,-0.2,,80.0,96.0,,29,30,45,104,53
2024,0352070K,COLLEGE PRIVE ASSOMPTION,RENNES,03,BRETAGNE,14,RENNES,35,ILLE-ET-VILAINE,PR,253,100.0,2.0,,,14.1,-0.1,,94.0,98.0,,22,56,174,252,53
2024,0353083L,COLLEGE PRIVE SAINT-PAUL,SAINT ERBLON,03,BRETAGNE,14,RENNES,35,ILLE-ET-VILAINE,PR,100,93.0,-4.0,,,12.2,-0.7,,93.0,95.0,,18,27,34,79,53
2024,0352589Z,COLLEGE JEAN MOULIN,SAINT JACQUES DE LA LANDE,03,BRETAGNE,14,RENNES,35,ILLE-ET-VILAINE,PU,93,89.0,5.0,,,9.1,-1.0,,84.0,97.0,,21,19,27,67,53
2025,0350002M,COLLEGE PIERRE BROSSOLETTE,BRUZ,03,BRETAGNE,14,RENNES,35,ILLE-ET-VILAINE,PU,127,89.0,-3.0,19,47.0,11.9,-0.3,8.5,95.0,98.0,70.0,18,27,44,89,53
2025,0350033W,COLLEGE LES ORMEAUX,RENNES,03,BRETAGNE,14,RENNES,35,ILLE-ET-VILAINE,PU,123,98.0,2.0,6,83.0,13.0,-0.1,8.0,93.0,96.0,,27,26,57,110,53
2025,0350874K,COLLEGE PRIVE ST YVES,MORDELLES,03,BRETAGNE,14,RENNES,35,ILLE-ET-VILAINE,PR,163,96.0,0.0,,,12.8,0.5,,92.0,99.0,,31,40,48,119,53
2025,0352069J,COLLEGE PRIVE ST VINCENT-PROVIDENCE,RENNES,03,BRETAGNE,14,RENNES,35,ILLE-ET-VILAINE,PR,187,98.0,0.0,12,42.0,14.4,-0.1,6.5,89.0,98.0,57.0,23,66,89,178,53
2025,0352070K,COLLEGE PRIVE ASSOMPTION,RENNES,03,BRETAGNE,14,RENNES,35,ILLE-ET-VILAINE,PR,249,99.0,1.0,,,13.8,0.0,,94.0,100.0,,23,64,156,243,53
2025,0352541X,COLLEGE THEODORE MONOD,VERN SUR SEICHE,03,BRETAGNE,14,RENNES,35,ILLE-ET-VILAINE,PU,128,90.0,-4.0,,,11.7,-0.1,,91.0,99.0,,22,32,42,96,53
2025,0352959B,COLLEGE MARIE CURIE,LAILLE,03,BRETAGNE,14,RENNES,35,ILLE-ET-VILAINE,PU,129,95.0,-1.0,,,13.1,0.3,,96.0,99.0,,24,31,56,111,53
2023,0352260S,COLLEGE FRANCOIS TRUFFAUT,BETTON,03,BRETAGNE,14,RENNES,35,ILLE-ET-VILAINE,PU,123,98.0,1.0,8,88.0,13.1,-0.3,9.2,93.0,99.0,,13,29,64,106,53
2023,0351847T,COLLEGE GEORGES BRASSENS,LE RHEU,03,BRETAGNE,14,RENNES,35,ILLE-ET-VILAINE,PU,197,95.0,0.0,15,73.0,11.6,-0.6,9.1,91.0,100.0,,32,67,68,167,53
2023,0350963G,COLLEGE DES HAUTES OURMES,RENNES,03,BRETAGNE,14,RENNES,35,ILLE-ET-VILAINE,PU,137,83.0,-4.0,25,52.0,9.9,-0.5,5.7,85.0,96.0,50.0,24,23,37,84,53
2023,0351796M,COLLEGE EMILE ZOLA,RENNES,03,BRETAGNE,14,RENNES,35,ILLE-ET-VILAINE,PU,137,87.0,-6.0,,,11.5,-0.5,,89.0,95.0,,18,25,57,100,53
2023,0350839X,COLLEGE PRIVE SAINT-HELIER,RENNES,03,BRETAGNE,14,RENNES,35,ILLE-ET-VILAINE,PR,124,98.0,0.0,,,12.4,-0.3,,91.0,99.0,,26,37,39,102,53
2024,0300037C,COLLEGE JEAN VILAR,SAINT GILLES,16,OCCITANIE,11,MONTPELLIER,30,GARD,PU,155,67.0,-14.0,9,89.0,8.6,-0.8,6.5,91.0,98.0,53.0,30,24,19,73,76
2023,0300037C,COLLEGE JEAN VILAR,SAINT GILLES,16,OCCITANIE,11,MONTPELLIER,30,GARD,PU,189,81.0,-6.0,8,75.0,10.0,-0.1,4.2,91.0,97.0,50.0,43,31,36,110,76
2024,0351906G,COLLEGE BOURGCHEVREUIL,CESSON SEVIGNE,03,BRETAGNE,14,RENNES,35,ILLE-ET-VILAINE,PU,168,97.0,0.0,,,12.8,-1.0,,91.0,97.0,,32,40,76,148,53
2024,0350781J,COLLEGE PRIVE NOTRE DAME DU VIEUX COURS,RENNES,03,BRETAGNE,14,RENNES,35,ILLE-ET-VILAINE,PR,107,95.0,-2.0,,,13.0,0.0,,84.0,98.0,,14,36,42,92,53
2025,0350027P,COLLEGE LES GAYEULLES,RENNES,03,BRETAGNE,14,RENNES,35,ILLE-ET-VILAINE,PU,148,89.0,1.0,,,11.5,0.1,,80.0,91.0,,25,42,50,117,53
2025,0350759K,COLLEGE ECHANGE,RENNES,03,BRETAGNE,14,RENNES,35,ILLE-ET-VILAINE,PU,89,92.0,0.0,14,57.0,12.0,-0.4,9.7,91.0,95.0,,14,21,37,72,53
2025,0350760L,COLLEGE CLEUNAY,RENNES,03,BRETAGNE,14,RENNES,35,ILLE-ET-VILAINE,PU,98,85.0,1.0,,,10.5,0.0,,92.0,97.0,,14,16,31,61,53
2025,0350836U,COLLEGE PRIVE ST MARTIN QUARTIER STE GENEVIEVE,RENNES,03,BRETAGNE,14,RENNES,35,ILLE-ET-VILAINE,PR,87,98.0,2.0,,,12.7,0.2,,85.0,99.0,,17,28,30,75,53
2025,0350839X,COLLEGE PRIVE SAINT-HELIER,RENNES,03,BRETAGNE,14,RENNES,35,ILLE-ET-VILAINE,PR,123,88.0,-8.0,,,11.7,-0.3,,93.0,98.0,,24,41,24,89,53
2025,0350852L,COLLEGE PRIVE ST JOSEPH,BRUZ,03,BRETAGNE,14,RENNES,35,ILLE-ET-VILAINE,PR,206,96.0,0.0,,,12.4,0.0,,92.0,99.0,,56,59,57,172,53
2025,0350965J,COLLEGE LE LANDRY,RENNES,03,BRETAGNE,14,RENNES,35,ILLE-ET-VILAINE,PU,104,88.0,-3.0,12,58.0,11.8,-0.4,10.4,86.0,96.0,,14,19,49,82,53
2025,0351796M,COLLEGE EMILE ZOLA,RENNES,03,BRETAGNE,14,RENNES,35,ILLE-ET-VILAINE,PU,124,72.0,-13.0,,,9.5,-1.0,,85.0,96.0,,23,23,29,75,53
2025,0351906G,COLLEGE BOURGCHEVREUIL,CESSON SEVIGNE,03,BRETAGNE,14,RENNES,35,ILLE-ET-VILAINE,PU,175,94.0,-1.0,10,60.0,12.9,0.2,8.9,91.0,97.0,,28,44,79,151,53
2025,0352030S,COLLEGE MORVAN LEBESQUE,MORDELLES,03,BRETAGNE,14,RENNES,35,ILLE-ET-VILAINE,PU,130,91.0,1.0,,,11.3,0.3,,95.0,98.0,,26,39,33,98,53
2025,0352319F,COLLEGE PRIVE ST GABRIEL,PACE,03,BRETAGNE,14,RENNES,35,ILLE-ET-VILAINE,PR,245,98.0,1.0,,,13.4,0.5,,93.0,99.0,,42,68,113,223,53
2025,0352589Z,COLLEGE JEAN MOULIN,SAINT JACQUES DE LA LANDE,03,BRETAGNE,14,RENNES,35,ILLE-ET-VILAINE,PU,93,85.0,0.0,,,10.3,-0.3,,91.0,97.0,,22,14,32,68,53
2025,0352691K,COLLEGE ANDREE RECIPON,ORGERES,03,BRETAGNE,14,RENNES,35,ILLE-ET-VILAINE,PU,107,89.0,-5.0,8,100.0,12.7,0.5,12.1,90.0,100.0,,24,19,40,83,53
2022,0351906G,COLLEGE BOURGCHEVREUIL,CESSON SEVIGNE,03,BRETAGNE,14,RENNES,35,ILLE-ET-VILAINE,PU,183,98.0,1.0,8,100.0,13.5,0.8,9.6,91.0,98.0,,22,30,121,173,53
2022,0352959B,COLLEGE MARIE CURIE,LAILLE,03,BRETAGNE,14,RENNES,35,ILLE-ET-VILAINE,PU,59,100.0,3.0,,,12.7,0.0,,100.0,100.0,,14,14,25,53,53
2022,0351847T,COLLEGE GEORGES BRASSENS,LE RHEU,03,BRETAGNE,14,RENNES,35,ILLE-ET-VILAINE,PU,197,89.0,-4.0,15,80.0,10.7,-0.2,8.1,94.0,98.0,,46,59,54,159,53
2022,0350874K,COLLEGE PRIVE ST YVES,MORDELLES,03,BRETAGNE,14,RENNES,35,ILLE-ET-VILAINE,PR,168,98.0,,6,83.0,12.0,,9.3,92.0,97.0,,31,39,70,140,53
2022,0352691K,COLLEGE ANDREE RECIPON,ORGERES,03,BRETAGNE,14,RENNES,35,ILLE-ET-VILAINE,PU,103,87.0,-9.0,5,60.0,12.2,0.0,7.9,94.0,96.0,,16,23,44,83,53
2022,0352319F,COLLEGE PRIVE ST GABRIEL,PACE,03,BRETAGNE,14,RENNES,35,ILLE-ET-VILAINE,PR,243,100.0,2.0,,,13.0,0.5,,96.0,100.0,,47,64,109,220,53
2022,0350963G,COLLEGE DES HAUTES OURMES,RENNES,03,BRETAGNE,14,RENNES,35,ILLE-ET-VILAINE,PU,125,76.0,-8.0,9,89.0,8.8,-0.5,6.8,89.0,94.0,50.0,21,23,30,74,53
2022,0351796M,COLLEGE EMILE ZOLA,RENNES,03,BRETAGNE,14,RENNES,35,ILLE-ET-VILAINE,PU,138,88.0,-4.0,,,11.0,-0.6,,88.0,96.0,,15,35,51,101,53
2022,0350913C,COLLEGE CLOTILDE VAUTIER,RENNES,03,BRETAGNE,14,RENNES,35,ILLE-ET-VILAINE,PU,77,87.0,2.0,10,80.0,10.4,0.5,5.5,84.0,98.0,38.0,16,11,27,54,53
2022,0350835T,COLLEGE PRIVE LA TOUR D'AUVERGNE LA SALLE,RENNES,03,BRETAGNE,14,RENNES,35,ILLE-ET-VILAINE,PR,99,95.0,-2.0,,,12.2,0.1,,97.0,99.0,,16,30,41,87,53
2022,0351638R,COLLEGE ANNE DE BRETAGNE,RENNES,03,BRETAGNE,14,RENNES,35,ILLE-ET-VILAINE,PU,205,95.0,-2.0,,,11.9,-0.7,,89.0,98.0,,27,49,108,184,53
2022,0351851X,COLLEGE LA BINQUENAIS,RENNES,03,BRETAGNE,14,RENNES,35,ILLE-ET-VILAINE,PU,116,79.0,4.0,,,7.6,-0.3,,82.0,96.0,0.0,23,16,20,59,53
