date_mesure,geocode_commune,libelle_commune,type_installation,vecteur,valeur
1996-01-01,35238,Rennes,Autre,Thermique non renouvelable,8.5
1997-01-01,35131,L'Hermitage,Non renseigné,Thermique non renouvelable,7.424
1997-01-01,35238,Rennes,Autre,Thermique non renouvelable,8.5
1998-01-01,35131,L'Hermitage,Non renseigné,Thermique non renouvelable,7.424
1998-01-01,35238,Rennes,Autre,Thermique non renouvelable,8.5
1999-01-01,35131,L'Hermitage,Non renseigné,Thermique non renouvelable,7.424
1999-01-01,35238,Rennes,Autre,Thermique non renouvelable,8.5
1999-01-01,35238,Rennes,Cogénération à vapeur,Thermique non renouvelable,1.454
2000-01-01,35131,L'Hermitage,Non renseigné,Thermique non renouvelable,7.424
2000-01-01,35238,Rennes,Autre,Thermique non renouvelable,8.5
2000-01-01,35238,Rennes,Cogénération à vapeur,Bioénergies,9.5
2000-01-01,35238,Rennes,Cogénération à vapeur,Thermique non renouvelable,1.454
2001-01-01,35131,L'Hermitage,Non renseigné,Thermique non renouvelable,7.424
2001-01-01,35238,Rennes,Autre,Thermique non renouvelable,8.5
2001-01-01,35238,Rennes,Cogénération à vapeur,Bioénergies,9.5
2001-01-01,35238,Rennes,Cogénération à vapeur,Thermique non renouvelable,1.454
2002-01-01,35131,L'Hermitage,Non renseigné,Thermique non renouvelable,7.424
2002-01-01,35238,Rennes,Autre,Thermique non renouvelable,8.5
2002-01-01,35238,Rennes,Cogénération à vapeur,Bioénergies,9.5
2002-01-01,35238,Rennes,Cogénération à vapeur,Thermique non renouvelable,1.454
2003-01-01,35131,L'Hermitage,Non renseigné,Thermique non renouvelable,7.424
2003-01-01,35238,Rennes,Autre,Thermique non renouvelable,8.5
2003-01-01,35238,Rennes,Cogénération à vapeur,Bioénergies,9.5
2003-01-01,35238,Rennes,Cogénération à vapeur,Thermique non renouvelable,1.454
2004-01-01,35131,L'Hermitage,Non renseigné,Thermique non renouvelable,7.424
2004-01-01,35238,Rennes,Autre,Thermique non renouvelable,8.5
2004-01-01,35238,Rennes,Cogénération à vapeur,Bioénergies,9.5
2004-01-01,35238,Rennes,Cogénération à vapeur,Thermique non renouvelable,1.454
2004-01-01,35238,Rennes,Photovoltaïque,Solaire,1.81125
2005-01-01,35065,La Chapelle-Thouarault,Photovoltaïque,Solaire,0.18522999999999998
2005-01-01,35131,L'Hermitage,Non renseigné,Thermique non renouvelable,7.424
2005-01-01,35238,Rennes,Autre,Thermique non renouvelable,8.5
2005-01-01,35238,Rennes,Cogénération à vapeur,Bioénergies,9.5
2005-01-01,35238,Rennes,Cogénération à vapeur,Thermique non renouvelable,1.454
2005-01-01,35238,Rennes,Photovoltaïque,Solaire,1.81125
2006-01-01,35065,La Chapelle-Thouarault,Photovoltaïque,Solaire,0.18522999999999998
2006-01-01,35131,L'Hermitage,Non renseigné,Thermique non renouvelable,7.424
2006-01-01,35135,Irodouër,Photovoltaïque,Solaire,0.15966999999999998
2006-01-01,35238,Rennes,Autre,Thermique non renouvelable,8.5
2006-01-01,35238,Rennes,Cogénération à vapeur,Bioénergies,9.5
2006-01-01,35238,Rennes,Cogénération à vapeur,Thermique non renouvelable,1.454
2006-01-01,35238,Rennes,Photovoltaïque,Solaire,1.81125
2007-01-01,35001,Acigné,Photovoltaïque,Solaire,0.1196
2007-01-01,35065,La Chapelle-Thouarault,Photovoltaïque,Solaire,0.18522999999999998
2007-01-01,35066,Chartres-de-Bretagne,Photovoltaïque,Solaire,0.08917
2007-01-01,35131,L'Hermitage,Non renseigné,Thermique non renouvelable,7.424
2007-01-01,35135,Irodouër,Photovoltaïque,Solaire,0.15966999999999998
2007-01-01,35196,Mordelles,Photovoltaïque,Solaire,0.3781900000000001
2007-01-01,35210,Pacé,Photovoltaïque,Solaire,0.38004000000000004
2007-01-01,35238,Rennes,Autre,Thermique non renouvelable,8.5
2007-01-01,35238,Rennes,Cogénération à vapeur,Bioénergies,9.5
2007-01-01,35238,Rennes,Cogénération à vapeur,Thermique non renouvelable,1.454
2007-01-01,35238,Rennes,Photovoltaïque,Solaire,1.81125
2007-01-01,35315,Saint-Sulpice-la-Forêt,Photovoltaïque,Solaire,0.06405
2007-01-01,35334,Thorigné-Fouillard,Photovoltaïque,Solaire,0.04269
2008-01-01,35001,Acigné,Photovoltaïque,Solaire,0.24412
2008-01-01,35024,Betton,Photovoltaïque,Solaire,0.11361
2008-01-01,35047,Bruz,Photovoltaïque,Solaire,0.5918399999999999
2008-01-01,35051,Cesson-Sévigné,Photovoltaïque,Solaire,0.09739
2008-01-01,35065,La Chapelle-Thouarault,Photovoltaïque,Solaire,0.18522999999999998
2008-01-01,35066,Chartres-de-Bretagne,Photovoltaïque,Solaire,0.08917
2008-01-01,35131,L'Hermitage,Non renseigné,Thermique non renouvelable,7.424
2008-01-01,35131,L'Hermitage,Photovoltaïque,Solaire,0.13596
2008-01-01,35135,Irodouër,Photovoltaïque,Solaire,0.15966999999999998
2008-01-01,35136,Janzé,Photovoltaïque,Solaire,0.17185
2008-01-01,35150,Lécousse,Photovoltaïque,Solaire,0.12491
2008-01-01,35189,Montgermont,Photovoltaïque,Solaire,0.15678
2008-01-01,35196,Mordelles,Photovoltaïque,Solaire,0.49457000000000007
2008-01-01,35204,Nouvoitou,Photovoltaïque,Solaire,0.04466
2008-01-01,35210,Pacé,Photovoltaïque,Solaire,0.41251
2008-01-01,35238,Rennes,Autre,Thermique non renouvelable,8.5
2008-01-01,35238,Rennes,Cogénération à vapeur,Bioénergies,9.5
2008-01-01,35238,Rennes,Cogénération à vapeur,Thermique non renouvelable,1.454
2008-01-01,35238,Rennes,Photovoltaïque,Solaire,1.81125
2008-01-01,35240,Le Rheu,Photovoltaïque,Solaire,0.04852
2008-01-01,35266,Saint-Erblon,Photovoltaïque,Solaire,0.06797
2008-01-01,35278,Saint-Grégoire,Photovoltaïque,Solaire,0.30629
2008-01-01,35281,Saint-Jacques-de-la-Lande,Photovoltaïque,Solaire,0.028149999999999998
2008-01-01,35315,Saint-Sulpice-la-Forêt,Photovoltaïque,Solaire,0.06405
2008-01-01,35334,Thorigné-Fouillard,Photovoltaïque,Solaire,0.24684
2008-01-01,35352,Vern-sur-Seiche,Photovoltaïque,Solaire,0.06866
2008-01-01,35353,Vezin-le-Coquet,Photovoltaïque,Solaire,0.10402
2009-01-01,35001,Acigné,Photovoltaïque,Solaire,0.62788
2009-01-01,35024,Betton,Photovoltaïque,Solaire,0.16332999999999998
2009-01-01,35032,Bourgbarré,Photovoltaïque,Solaire,0.20391
2009-01-01,35039,Brécé,Photovoltaïque,Solaire,0.08325
2009-01-01,35047,Bruz,Photovoltaïque,Solaire,0.76645
2009-01-01,35051,Cesson-Sévigné,Photovoltaïque,Solaire,0.6410399999999999
2009-01-01,35055,Chantepie,Photovoltaïque,Solaire,0.18680000000000002
2009-01-01,35059,La Chapelle-des-Fougeretz,Photovoltaïque,Solaire,0.20725
2009-01-01,35065,La Chapelle-Thouarault,Photovoltaïque,Solaire,0.18522999999999998
2009-01-01,35066,Chartres-de-Bretagne,Photovoltaïque,Solaire,0.22862000000000002
2009-01-01,35076,Chavagne,Photovoltaïque,Solaire,0.26947000000000004
2009-01-01,35079,Chevaigné,Photovoltaïque,Solaire,0.12059
2009-01-01,35088,Corps-Nuds,Photovoltaïque,Solaire,0.25897000000000003
2009-01-01,35120,Gévezé,Photovoltaïque,Solaire,0.31443
2009-01-01,35131,L'Hermitage,Non renseigné,Thermique non renouvelable,7.424
2009-01-01,35131,L'Hermitage,Photovoltaïque,Solaire,0.13596
2009-01-01,35135,Irodouër,Photovoltaïque,Solaire,0.38038
2009-01-01,35136,Janzé,Photovoltaïque,Solaire,0.80908
2009-01-01,35139,Laillé,Photovoltaïque,Solaire,0.42677
2009-01-01,35144,Langan,Photovoltaïque,Solaire,0.08552
2009-01-01,35150,Lécousse,Photovoltaïque,Solaire,0.12491
2009-01-01,35189,Montgermont,Photovoltaïque,Solaire,0.15678
2009-01-01,35196,Mordelles,Photovoltaïque,Solaire,0.49457000000000007
2009-01-01,35200,Moutiers,Photovoltaïque,Solaire,0.16072
2009-01-01,35204,Nouvoitou,Photovoltaïque,Solaire,0.04466
2009-01-01,35206,Noyal-Châtillon-sur-Seiche,Photovoltaïque,Solaire,0.6355299999999999
2009-01-01,35208,Orgères,Photovoltaïque,Solaire,0.29097
2009-01-01,35210,Pacé,Photovoltaïque,Solaire,0.6313099999999999
2009-01-01,35235,Rannée,Photovoltaïque,Solaire,0.16844
2009-01-01,35238,Rennes,Autre,Thermique non renouvelable,8.5
2009-01-01,35238,Rennes,Cogénération à vapeur,Bioénergies,9.5
2009-01-01,35238,Rennes,Cogénération à vapeur,Thermique non renouvelable,1.454
2009-01-01,35238,Rennes,Photovoltaïque,Solaire,1.81125
2009-01-01,35240,Le Rheu,Photovoltaïque,Solaire,0.43448999999999993
2009-01-01,35245,Romillé,Photovoltaïque,Solaire,0.74726
2009-01-01,35266,Saint-Erblon,Photovoltaïque,Solaire,0.06797
2009-01-01,35275,Saint-Gilles,Photovoltaïque,Solaire,0.293
2009-01-01,35278,Saint-Grégoire,Photovoltaïque,Solaire,0.33489
2009-01-01,35281,Saint-Jacques-de-la-Lande,Photovoltaïque,Solaire,0.24362000000000003
2009-01-01,35310,Saint-Sauveur-des-Landes,Photovoltaïque,Solaire,0.11832
2009-01-01,35315,Saint-Sulpice-la-Forêt,Photovoltaïque,Solaire,0.06405
2009-01-01,35334,Thorigné-Fouillard,Photovoltaïque,Solaire,0.30219
2009-01-01,35352,Vern-sur-Seiche,Photovoltaïque,Solaire,0.06866
2009-01-01,35353,Vezin-le-Coquet,Photovoltaïque,Solaire,0.33517
2009-01-01,35363,Pont-Péan,Photovoltaïque,Solaire,0.094
2010-01-01,35001,Acigné,Photovoltaïque,Solaire,0.62788
2010-01-01,35024,Betton,Photovoltaïque,Solaire,0.55398
2010-01-01,35032,Bourgbarré,Photovoltaïque,Solaire,0.76911
2010-01-01,35039,Brécé,Photovoltaïque,Solaire,0.08325
2010-01-01,35047,Bruz,Photovoltaïque,Solaire,0.76645
2010-01-01,35051,Cesson-Sévigné,Photovoltaïque,Solaire,0.7035899999999999
2010-01-01,35055,Chantepie,Photovoltaïque,Solaire,0.30832
2010-01-01,35058,La Chapelle-Chaussée,Photovoltaïque,Solaire,0.055299999999999995
2010-01-01,35059,La Chapelle-des-Fougeretz,Autre,Thermique non renouvelable,3.938
2010-01-01,35059,La Chapelle-des-Fougeretz,Photovoltaïque,Solaire,0.43516999999999995
2010-01-01,35065,La Chapelle-Thouarault,Photovoltaïque,Solaire,0.29249
2010-01-01,35066,Chartres-de-Bretagne,Photovoltaïque,Solaire,0.26149
2010-01-01,35076,Chavagne,Photovoltaïque,Solaire,0.26947000000000004
2010-01-01,35079,Chevaigné,Photovoltaïque,Solaire,0.22569
2010-01-01,35080,Cintré,Photovoltaïque,Solaire,0.08537
2010-01-01,35088,Corps-Nuds,Photovoltaïque,Solaire,0.55002
2010-01-01,35120,Gévezé,Photovoltaïque,Solaire,0.59723
2010-01-01,35131,L'Hermitage,Non renseigné,Thermique non renouvelable,7.424
2010-01-01,35131,L'Hermitage,Photovoltaïque,Solaire,0.13596
2010-01-01,35132,Hirel,Photovoltaïque,Solaire,0.14237
2010-01-01,35135,Irodouër,Photovoltaïque,Solaire,0.38038
2010-01-01,35136,Janzé,Photovoltaïque,Solaire,0.80908
2010-01-01,35139,Laillé,Photovoltaïque,Solaire,0.64652
2010-01-01,35144,Langan,Photovoltaïque,Solaire,0.19526
2010-01-01,35150,Lécousse,Photovoltaïque,Solaire,0.29194
2010-01-01,35160,Loutehel,Photovoltaïque,Solaire,0.04967
2010-01-01,35170,Mecé,Photovoltaïque,Solaire,0.05249
2010-01-01,35189,Montgermont,Photovoltaïque,Solaire,0.15678
2010-01-01,35190,Monthault,Photovoltaïque,Solaire,0.10695
2010-01-01,35196,Mordelles,Photovoltaïque,Solaire,0.49457000000000007
2010-01-01,35200,Moutiers,Photovoltaïque,Solaire,0.32282
2010-01-01,35204,Nouvoitou,Photovoltaïque,Solaire,0.27534000000000003
2010-01-01,35206,Noyal-Châtillon-sur-Seiche,Photovoltaïque,Solaire,0.6355299999999999
2010-01-01,35208,Orgères,Photovoltaïque,Solaire,0.40697000000000005
2010-01-01,35210,Pacé,Photovoltaïque,Solaire,0.7370099999999999
2010-01-01,35216,Parthenay-de-Bretagne,Photovoltaïque,Solaire,0.10745
2010-01-01,35230,Poilley,Photovoltaïque,Solaire,0.12837
2010-01-01,35235,Rannée,Photovoltaïque,Solaire,0.36697
2010-01-01,35238,Rennes,Autre,Thermique non renouvelable,8.5
2010-01-01,35238,Rennes,Cogénération à vapeur,Bioénergies,9.5
2010-01-01,35238,Rennes,Cogénération à vapeur,Thermique non renouvelable,1.454
2010-01-01,35238,Rennes,Photovoltaïque,Solaire,1.81125
2010-01-01,35240,Le Rheu,Photovoltaïque,Solaire,0.47805999999999993
2010-01-01,35245,Romillé,Photovoltaïque,Solaire,0.74726
2010-01-01,35250,Saint-Armel,Photovoltaïque,Solaire,0.046490000000000004
2010-01-01,35266,Saint-Erblon,Photovoltaïque,Solaire,0.06797
2010-01-01,35275,Saint-Gilles,Photovoltaïque,Solaire,0.56451
2010-01-01,35278,Saint-Grégoire,Photovoltaïque,Solaire,0.47964000000000007
2010-01-01,35281,Saint-Jacques-de-la-Lande,Photovoltaïque,Solaire,0.24362000000000003
2010-01-01,35310,Saint-Sauveur-des-Landes,Photovoltaïque,Solaire,0.23939
2010-01-01,35315,Saint-Sulpice-la-Forêt,Photovoltaïque,Solaire,0.06405
2010-01-01,35334,Thorigné-Fouillard,Photovoltaïque,Solaire,0.30219
2010-01-01,35351,Le Verger,Photovoltaïque,Solaire,0.12332
2010-01-01,35352,Vern-sur-Seiche,Photovoltaïque,Solaire,0.32985000000000003
2010-01-01,35353,Vezin-le-Coquet,Photovoltaïque,Solaire,0.33517
2010-01-01,35363,Pont-Péan,Photovoltaïque,Solaire,0.30232
2011-01-01,35001,Acigné,Photovoltaïque,Solaire,0.62788
2011-01-01,35024,Betton,Photovoltaïque,Solaire,0.55398
2011-01-01,35032,Bourgbarré,Photovoltaïque,Solaire,1.8346999999999998
2011-01-01,35039,Brécé,Photovoltaïque,Solaire,0.13982
2011-01-01,35047,Bruz,Photovoltaïque,Solaire,0.76645
2011-01-01,35051,Cesson-Sévigné,Photovoltaïque,Solaire,0.7035899999999999
2011-01-01,35055,Chantepie,Photovoltaïque,Solaire,0.30832
2011-01-01,35058,La Chapelle-Chaussée,Photovoltaïque,Solaire,0.18099
2011-01-01,35059,La Chapelle-des-Fougeretz,Autre,Thermique non renouvelable,3.938
2011-01-01,35059,La Chapelle-des-Fougeretz,Photovoltaïque,Solaire,0.6168699999999999
2011-01-01,35065,La Chapelle-Thouarault,Photovoltaïque,Solaire,0.29249
2011-01-01,35066,Chartres-de-Bretagne,Photovoltaïque,Solaire,0.26149
2011-01-01,35076,Chavagne,Photovoltaïque,Solaire,0.59147
2011-01-01,35079,Chevaigné,Photovoltaïque,Solaire,0.22569
2011-01-01,35080,Cintré,Photovoltaïque,Solaire,0.16557
2011-01-01,35088,Corps-Nuds,Photovoltaïque,Solaire,0.55002
2011-01-01,35120,Gévezé,Non renseigné,Bioénergies,0.15
2011-01-01,35120,Gévezé,Photovoltaïque,Solaire,0.59723
2011-01-01,35131,L'Hermitage,Non renseigné,Thermique non renouvelable,7.424
2011-01-01,35131,L'Hermitage,Photovoltaïque,Solaire,0.30602999999999997
2011-01-01,35132,Hirel,Photovoltaïque,Solaire,0.14237
2011-01-01,35135,Irodouër,Photovoltaïque,Solaire,0.38038
2011-01-01,35136,Janzé,Photovoltaïque,Solaire,0.80908
2011-01-01,35139,Laillé,Photovoltaïque,Solaire,0.64652
2011-01-01,35144,Langan,Photovoltaïque,Solaire,0.19526
2011-01-01,35150,Lécousse,Photovoltaïque,Solaire,0.38794
2011-01-01,35160,Loutehel,Photovoltaïque,Solaire,0.04967
2011-01-01,35170,Mecé,Photovoltaïque,Solaire,0.05249
2011-01-01,35180,Miniac-sous-Bécherel,Photovoltaïque,Solaire,0.10806
2011-01-01,35189,Montgermont,Photovoltaïque,Solaire,0.35314
2011-01-01,35190,Monthault,Photovoltaïque,Solaire,0.10695
2011-01-01,35196,Mordelles,Photovoltaïque,Solaire,0.49457000000000007
2011-01-01,35200,Moutiers,Photovoltaïque,Solaire,0.32282
2011-01-01,35204,Nouvoitou,Photovoltaïque,Solaire,0.27534000000000003
2011-01-01,35206,Noyal-Châtillon-sur-Seiche,Photovoltaïque,Solaire,0.69153
2011-01-01,35208,Orgères,Photovoltaïque,Solaire,0.60497
2011-01-01,35210,Pacé,Photovoltaïque,Solaire,1.11201
2011-01-01,35216,Parthenay-de-Bretagne,Photovoltaïque,Solaire,0.10745
2011-01-01,35230,Poilley,Photovoltaïque,Solaire,0.22137
2011-01-01,35235,Rannée,Photovoltaïque,Solaire,0.36697
2011-01-01,35238,Rennes,Autre,Thermique non renouvelable,8.5
2011-01-01,35238,Rennes,Cogénération à vapeur,Bioénergies,9.5
2011-01-01,35238,Rennes,Cogénération à vapeur,Thermique non renouvelable,1.454
2011-01-01,35238,Rennes,Photovoltaïque,Solaire,1.81125
2011-01-01,35240,Le Rheu,Photovoltaïque,Solaire,0.47805999999999993
2011-01-01,35245,Romillé,Photovoltaïque,Solaire,0.74726
2011-01-01,35250,Saint-Armel,Photovoltaïque,Solaire,0.14383
2011-01-01,35266,Saint-Erblon,Photovoltaïque,Solaire,0.17876
2011-01-01,35275,Saint-Gilles,Photovoltaïque,Solaire,0.84581
2011-01-01,35278,Saint-Grégoire,Photovoltaïque,Solaire,0.47964000000000007
2011-01-01,35281,Saint-Jacques-de-la-Lande,Photovoltaïque,Solaire,0.24362000000000003
2011-01-01,35310,Saint-Sauveur-des-Landes,Photovoltaïque,Solaire,0.37839
2011-01-01,35315,Saint-Sulpice-la-Forêt,Photovoltaïque,Solaire,0.13685
2011-01-01,35334,Thorigné-Fouillard,Photovoltaïque,Solaire,0.30219
2011-01-01,35351,Le Verger,Photovoltaïque,Solaire,0.12332
2011-01-01,35352,Vern-sur-Seiche,Photovoltaïque,Solaire,1.55093
2011-01-01,35353,Vezin-le-Coquet,Photovoltaïque,Solaire,0.33517
2011-01-01,35363,Pont-Péan,Photovoltaïque,Solaire,0.30232
2012-01-01,35001,Acigné,Photovoltaïque,Solaire,0.62788
2012-01-01,35024,Betton,Photovoltaïque,Solaire,0.55398
2012-01-01,35032,Bourgbarré,Photovoltaïque,Solaire,2.7437
2012-01-01,35039,Brécé,Photovoltaïque,Solaire,0.13982
2012-01-01,35047,Bruz,Photovoltaïque,Solaire,0.76645
2012-01-01,35051,Cesson-Sévigné,Photovoltaïque,Solaire,0.7885899999999999
2012-01-01,35055,Chantepie,Photovoltaïque,Solaire,0.30832
2012-01-01,35058,La Chapelle-Chaussée,Photovoltaïque,Solaire,0.18099
2012-01-01,35059,La Chapelle-des-Fougeretz,Autre,Thermique non renouvelable,7.29
2012-01-01,35059,La Chapelle-des-Fougeretz,Photovoltaïque,Solaire,0.6168699999999999
2012-01-01,35065,La Chapelle-Thouarault,Photovoltaïque,Solaire,0.34349
2012-01-01,35066,Chartres-de-Bretagne,Photovoltaïque,Solaire,0.26149
2012-01-01,35076,Chavagne,Photovoltaïque,Solaire,0.7304700000000001
2012-01-01,35079,Chevaigné,Photovoltaïque,Solaire,0.22569
2012-01-01,35080,Cintré,Photovoltaïque,Solaire,0.16557
2012-01-01,35088,Corps-Nuds,Photovoltaïque,Solaire,0.6450199999999999
2012-01-01,35120,Gévezé,Non renseigné,Bioénergies,0.15
2012-01-01,35120,Gévezé,Photovoltaïque,Solaire,0.59723
2012-01-01,35131,L'Hermitage,Non renseigné,Thermique non renouvelable,7.424
2012-01-01,35131,L'Hermitage,Photovoltaïque,Solaire,0.30602999999999997
2012-01-01,35132,Hirel,Photovoltaïque,Solaire,0.14237
2012-01-01,35135,Irodouër,Photovoltaïque,Solaire,0.38038
2012-01-01,35136,Janzé,Photovoltaïque,Solaire,0.80908
2012-01-01,35139,Laillé,Photovoltaïque,Solaire,0.64652
2012-01-01,35144,Langan,Photovoltaïque,Solaire,0.19526
2012-01-01,35150,Lécousse,Photovoltaïque,Solaire,0.38794
2012-01-01,35160,Loutehel,Photovoltaïque,Solaire,0.04967
2012-01-01,35170,Mecé,Photovoltaïque,Solaire,0.05249
2012-01-01,35180,Miniac-sous-Bécherel,Photovoltaïque,Solaire,0.10806
2012-01-01,35189,Montgermont,Photovoltaïque,Solaire,0.35314
2012-01-01,35190,Monthault,Photovoltaïque,Solaire,0.10695
2012-01-01,35196,Mordelles,Photovoltaïque,Solaire,0.5359700000000001
2012-01-01,35200,Moutiers,Photovoltaïque,Solaire,0.32282
2012-01-01,35204,Nouvoitou,Photovoltaïque,Solaire,0.27534000000000003
2012-01-01,35206,Noyal-Châtillon-sur-Seiche,Photovoltaïque,Solaire,0.69153
2012-01-01,35208,Orgères,Photovoltaïque,Solaire,0.77797
2012-01-01,35210,Pacé,Photovoltaïque,Solaire,1.18701
2012-01-01,35216,Parthenay-de-Bretagne,Photovoltaïque,Solaire,0.10745
2012-01-01,35230,Poilley,Photovoltaïque,Solaire,0.22137
2012-01-01,35235,Rannée,Photovoltaïque,Solaire,0.47197
2012-01-01,35238,Rennes,Autre,Thermique non renouvelable,8.5
2012-01-01,35238,Rennes,Cogénération à vapeur,Bioénergies,9.5
2012-01-01,35238,Rennes,Cogénération à vapeur,Thermique non renouvelable,1.454
2012-01-01,35238,Rennes,Photovoltaïque,Solaire,1.91025
2012-01-01,35240,Le Rheu,Photovoltaïque,Solaire,0.47805999999999993
2012-01-01,35245,Romillé,Photovoltaïque,Solaire,0.80626
2012-01-01,35250,Saint-Armel,Photovoltaïque,Solaire,0.14383
2012-01-01,35266,Saint-Erblon,Photovoltaïque,Solaire,0.17876
2012-01-01,35275,Saint-Gilles,Photovoltaïque,Solaire,0.84581
2012-01-01,35278,Saint-Grégoire,Photovoltaïque,Solaire,0.47964000000000007
2012-01-01,35281,Saint-Jacques-de-la-Lande,Photovoltaïque,Solaire,0.24362000000000003
2012-01-01,35310,Saint-Sauveur-des-Landes,Photovoltaïque,Solaire,0.37839
2012-01-01,35315,Saint-Sulpice-la-Forêt,Photovoltaïque,Solaire,0.13685
2012-01-01,35334,Thorigné-Fouillard,Photovoltaïque,Solaire,0.30219
2012-01-01,35351,Le Verger,Photovoltaïque,Solaire,0.12332
2012-01-01,35352,Vern-sur-Seiche,Photovoltaïque,Solaire,1.55093
2012-01-01,35353,Vezin-le-Coquet,Photovoltaïque,Solaire,0.33517
2012-01-01,35363,Pont-Péan,Photovoltaïque,Solaire,0.30232
2013-01-01,35001,Acigné,Photovoltaïque,Solaire,0.62788
2013-01-01,35024,Betton,Photovoltaïque,Solaire,0.55398
2013-01-01,35032,Bourgbarré,Photovoltaïque,Solaire,2.8196999999999997
2013-01-01,35039,Brécé,Photovoltaïque,Solaire,0.13982
2013-01-01,35047,Bruz,Eclusée,Hydraulique,0.12064
2013-01-01,35047,Bruz,Photovoltaïque,Solaire,0.76645
2013-01-01,35051,Cesson-Sévigné,Photovoltaïque,Solaire,0.7885899999999999
2013-01-01,35055,Chantepie,Photovoltaïque,Solaire,0.30832
2013-01-01,35058,La Chapelle-Chaussée,Photovoltaïque,Solaire,0.18099
2013-01-01,35059,La Chapelle-des-Fougeretz,Autre,Thermique non renouvelable,7.29
2013-01-01,35059,La Chapelle-des-Fougeretz,Photovoltaïque,Solaire,0.6168699999999999
2013-01-01,35065,La Chapelle-Thouarault,Photovoltaïque,Solaire,0.34349
2013-01-01,35066,Chartres-de-Bretagne,Photovoltaïque,Solaire,0.26149
2013-01-01,35076,Chavagne,Photovoltaïque,Solaire,0.7304700000000001
2013-01-01,35079,Chevaigné,Photovoltaïque,Solaire,0.22569
2013-01-01,35080,Cintré,Photovoltaïque,Solaire,0.16557
2013-01-01,35088,Corps-Nuds,Photovoltaïque,Solaire,0.6450199999999999
2013-01-01,35120,Gévezé,Non renseigné,Bioénergies,0.15
2013-01-01,35120,Gévezé,Photovoltaïque,Solaire,0.59723
2013-01-01,35131,L'Hermitage,Non renseigné,Thermique non renouvelable,7.424
2013-01-01,35131,L'Hermitage,Photovoltaïque,Solaire,0.30602999999999997
2013-01-01,35132,Hirel,Photovoltaïque,Solaire,0.14237
2013-01-01,35135,Irodouër,Photovoltaïque,Solaire,0.38038
2013-01-01,35136,Janzé,Photovoltaïque,Solaire,0.80908
2013-01-01,35139,Laillé,Photovoltaïque,Solaire,0.64652
2013-01-01,35144,Langan,Photovoltaïque,Solaire,0.19526
2013-01-01,35150,Lécousse,Photovoltaïque,Solaire,0.38794
2013-01-01,35160,Loutehel,Photovoltaïque,Solaire,0.04967
2013-01-01,35170,Mecé,Photovoltaïque,Solaire,0.05249
2013-01-01,35180,Miniac-sous-Bécherel,Photovoltaïque,Solaire,0.10806
2013-01-01,35189,Montgermont,Photovoltaïque,Solaire,0.35314
2013-01-01,35190,Monthault,Photovoltaïque,Solaire,0.10695
2013-01-01,35196,Mordelles,Photovoltaïque,Solaire,0.5359700000000001
2013-01-01,35200,Moutiers,Photovoltaïque,Solaire,0.32282
2013-01-01,35204,Nouvoitou,Photovoltaïque,Solaire,0.27534000000000003
2013-01-01,35206,Noyal-Châtillon-sur-Seiche,Photovoltaïque,Solaire,0.69153
2013-01-01,35208,Orgères,Photovoltaïque,Solaire,0.86937
2013-01-01,35210,Pacé,Photovoltaïque,Solaire,1.18701
2013-01-01,35216,Parthenay-de-Bretagne,Photovoltaïque,Solaire,0.15744999999999998
2013-01-01,35230,Poilley,Photovoltaïque,Solaire,0.22137
2013-01-01,35235,Rannée,Photovoltaïque,Solaire,0.47197
2013-01-01,35238,Rennes,Autre,Bioénergies,10.627
2013-01-01,35238,Rennes,Autre,Thermique non renouvelable,8.5
2013-01-01,35238,Rennes,Cogénération à vapeur,Bioénergies,9.5
2013-01-01,35238,Rennes,Cogénération à vapeur,Thermique non renouvelable,1.454
2013-01-01,35238,Rennes,Photovoltaïque,Solaire,2.00925
2013-01-01,35240,Le Rheu,Photovoltaïque,Solaire,0.47805999999999993
2013-01-01,35245,Romillé,Photovoltaïque,Solaire,0.80626
2013-01-01,35250,Saint-Armel,Photovoltaïque,Solaire,0.14383
2013-01-01,35266,Saint-Erblon,Photovoltaïque,Solaire,0.17876
2013-01-01,35275,Saint-Gilles,Photovoltaïque,Solaire,0.84581
2013-01-01,35278,Saint-Grégoire,Photovoltaïque,Solaire,0.47964000000000007
2013-01-01,35281,Saint-Jacques-de-la-Lande,Photovoltaïque,Solaire,0.24362000000000003
2013-01-01,35310,Saint-Sauveur-des-Landes,Photovoltaïque,Solaire,0.37839
2013-01-01,35315,Saint-Sulpice-la-Forêt,Photovoltaïque,Solaire,0.13685
2013-01-01,35334,Thorigné-Fouillard,Photovoltaïque,Solaire,0.30219
2013-01-01,35351,Le Verger,Photovoltaïque,Solaire,0.12332
2013-01-01,35352,Vern-sur-Seiche,Photovoltaïque,Solaire,1.55093
2013-01-01,35353,Vezin-le-Coquet,Photovoltaïque,Solaire,0.33517
2013-01-01,35363,Pont-Péan,Photovoltaïque,Solaire,0.30232
2014-01-01,35001,Acigné,Photovoltaïque,Solaire,0.62788
2014-01-01,35024,Betton,Photovoltaïque,Solaire,0.55398
2014-01-01,35032,Bourgbarré,Photovoltaïque,Solaire,2.8196999999999997
2014-01-01,35039,Brécé,Photovoltaïque,Solaire,0.13982
2014-01-01,35047,Bruz,Eclusée,Hydraulique,0.12064
2014-01-01,35047,Bruz,Photovoltaïque,Solaire,0.76645
2014-01-01,35051,Cesson-Sévigné,Photovoltaïque,Solaire,0.7885899999999999
2014-01-01,35055,Chantepie,Photovoltaïque,Solaire,0.39632
2014-01-01,35058,La Chapelle-Chaussée,Photovoltaïque,Solaire,0.18099
2014-01-01,35059,La Chapelle-des-Fougeretz,Autre,Thermique non renouvelable,7.29
2014-01-01,35059,La Chapelle-des-Fougeretz,Photovoltaïque,Solaire,0.6168699999999999
2014-01-01,35065,La Chapelle-Thouarault,Photovoltaïque,Solaire,0.34349
2014-01-01,35066,Chartres-de-Bretagne,Photovoltaïque,Solaire,0.26149
2014-01-01,35076,Chavagne,Photovoltaïque,Solaire,0.7304700000000001
2014-01-01,35079,Chevaigné,Photovoltaïque,Solaire,0.22569
2014-01-01,35080,Cintré,Photovoltaïque,Solaire,0.16557
2014-01-01,35088,Corps-Nuds,Photovoltaïque,Solaire,0.6450199999999999
2014-01-01,35120,Gévezé,Non renseigné,Bioénergies,0.15
2014-01-01,35120,Gévezé,Photovoltaïque,Solaire,0.59723
2014-01-01,35131,L'Hermitage,Non renseigné,Thermique non renouvelable,7.424
2014-01-01,35131,L'Hermitage,Photovoltaïque,Solaire,0.30602999999999997
2014-01-01,35132,Hirel,Photovoltaïque,Solaire,0.14237
2014-01-01,35135,Irodouër,Photovoltaïque,Solaire,0.38038
2014-01-01,35136,Janzé,Photovoltaïque,Solaire,0.90308
2014-01-01,35139,Laillé,Photovoltaïque,Solaire,0.64652
2014-01-01,35144,Langan,Photovoltaïque,Solaire,0.19526
2014-01-01,35150,Lécousse,Photovoltaïque,Solaire,0.38794
2014-01-01,35160,Loutehel,Photovoltaïque,Solaire,0.04967
2014-01-01,35170,Mecé,Photovoltaïque,Solaire,0.05249
2014-01-01,35180,Miniac-sous-Bécherel,Photovoltaïque,Solaire,0.10806
2014-01-01,35189,Montgermont,Photovoltaïque,Solaire,0.35314
2014-01-01,35190,Monthault,Photovoltaïque,Solaire,0.19695
2014-01-01,35196,Mordelles,Photovoltaïque,Solaire,0.7949700000000001
2014-01-01,35200,Moutiers,Photovoltaïque,Solaire,0.32282
2014-01-01,35204,Nouvoitou,Photovoltaïque,Solaire,0.27534000000000003
2014-01-01,35206,Noyal-Châtillon-sur-Seiche,Non renseigné,Thermique non renouvelable,14.0
2014-01-01,35206,Noyal-Châtillon-sur-Seiche,Photovoltaïque,Solaire,0.69153
2014-01-01,35208,Orgères,Photovoltaïque,Solaire,0.86937
2014-01-01,35210,Pacé,Photovoltaïque,Solaire,1.18701
2014-01-01,35216,Parthenay-de-Bretagne,Photovoltaïque,Solaire,0.25745
2014-01-01,35230,Poilley,Photovoltaïque,Solaire,0.22137
2014-01-01,35235,Rannée,Photovoltaïque,Solaire,0.56697
2014-01-01,35238,Rennes,Autre,Bioénergies,10.627
2014-01-01,35238,Rennes,Autre,Thermique non renouvelable,8.5
2014-01-01,35238,Rennes,Cogénération à vapeur,Bioénergies,9.5
2014-01-01,35238,Rennes,Cogénération à vapeur,Thermique non renouvelable,1.454
2014-01-01,35238,Rennes,Photovoltaïque,Solaire,2.00925
2014-01-01,35240,Le Rheu,Photovoltaïque,Solaire,0.47805999999999993
2014-01-01,35245,Romillé,Photovoltaïque,Solaire,0.80626
2014-01-01,35250,Saint-Armel,Photovoltaïque,Solaire,0.14383
2014-01-01,35266,Saint-Erblon,Photovoltaïque,Solaire,0.17876
2014-01-01,35275,Saint-Gilles,Photovoltaïque,Solaire,0.84581
2014-01-01,35278,Saint-Grégoire,Photovoltaïque,Solaire,0.47964000000000007
2014-01-01,35281,Saint-Jacques-de-la-Lande,Photovoltaïque,Solaire,0.24362000000000003
2014-01-01,35310,Saint-Sauveur-des-Landes,Photovoltaïque,Solaire,0.46939
2014-01-01,35315,Saint-Sulpice-la-Forêt,Photovoltaïque,Solaire,0.13685
2014-01-01,35334,Thorigné-Fouillard,Photovoltaïque,Solaire,0.30219
2014-01-01,35351,Le Verger,Photovoltaïque,Solaire,0.12332
2014-01-01,35352,Vern-sur-Seiche,Photovoltaïque,Solaire,1.55093
2014-01-01,35353,Vezin-le-Coquet,Photovoltaïque,Solaire,0.33517
2014-01-01,35363,Pont-Péan,Photovoltaïque,Solaire,0.30232
2015-01-01,35001,Acigné,Photovoltaïque,Solaire,0.62788
2015-01-01,35024,Betton,Photovoltaïque,Solaire,0.55398
2015-01-01,35032,Bourgbarré,Photovoltaïque,Solaire,2.8196999999999997
2015-01-01,35039,Brécé,Photovoltaïque,Solaire,0.13982
2015-01-01,35047,Bruz,Eclusée,Hydraulique,0.12064
2015-01-01,35047,Bruz,Photovoltaïque,Solaire,0.76645
2015-01-01,35051,Cesson-Sévigné,Photovoltaïque,Solaire,0.7885899999999999
2015-01-01,35055,Chantepie,Photovoltaïque,Solaire,0.39632
2015-01-01,35058,La Chapelle-Chaussée,Photovoltaïque,Solaire,0.18099
2015-01-01,35059,La Chapelle-des-Fougeretz,Autre,Thermique non renouvelable,7.29
2015-01-01,35059,La Chapelle-des-Fougeretz,Photovoltaïque,Solaire,0.6168699999999999
2015-01-01,35065,La Chapelle-Thouarault,Photovoltaïque,Solaire,0.34349
2015-01-01,35066,Chartres-de-Bretagne,Photovoltaïque,Solaire,0.26149
2015-01-01,35076,Chavagne,Photovoltaïque,Solaire,0.7304700000000001
2015-01-01,35079,Chevaigné,Photovoltaïque,Solaire,0.22569
2015-01-01,35080,Cintré,Photovoltaïque,Solaire,0.16557
2015-01-01,35088,Corps-Nuds,Photovoltaïque,Solaire,0.6450199999999999
2015-01-01,35120,Gévezé,Non renseigné,Bioénergies,0.15
2015-01-01,35120,Gévezé,Photovoltaïque,Solaire,0.59723
2015-01-01,35131,L'Hermitage,Non renseigné,Thermique non renouvelable,7.424
2015-01-01,35131,L'Hermitage,Photovoltaïque,Solaire,0.30602999999999997
2015-01-01,35132,Hirel,Photovoltaïque,Solaire,0.14237
2015-01-01,35135,Irodouër,Photovoltaïque,Solaire,0.38038
2015-01-01,35136,Janzé,Non renseigné,Thermique non renouvelable,2.5
2015-01-01,35136,Janzé,Photovoltaïque,Solaire,0.90308
2015-01-01,35139,Laillé,Photovoltaïque,Solaire,0.64652
2015-01-01,35144,Langan,Photovoltaïque,Solaire,0.19526
2015-01-01,35150,Lécousse,Photovoltaïque,Solaire,0.38794
2015-01-01,35160,Loutehel,Photovoltaïque,Solaire,0.04967
2015-01-01,35170,Mecé,Photovoltaïque,Solaire,0.05249
2015-01-01,35180,Miniac-sous-Bécherel,Photovoltaïque,Solaire,0.10806
2015-01-01,35189,Montgermont,Photovoltaïque,Solaire,0.35314
2015-01-01,35190,Monthault,Photovoltaïque,Solaire,0.19695
2015-01-01,35196,Mordelles,Photovoltaïque,Solaire,0.7949700000000001
2015-01-01,35200,Moutiers,Photovoltaïque,Solaire,0.32282
2015-01-01,35204,Nouvoitou,Photovoltaïque,Solaire,0.27534000000000003
2015-01-01,35206,Noyal-Châtillon-sur-Seiche,Non renseigné,Thermique non renouvelable,14.0
2015-01-01,35206,Noyal-Châtillon-sur-Seiche,Photovoltaïque,Solaire,0.69153
2015-01-01,35208,Orgères,Photovoltaïque,Solaire,0.86937
2015-01-01,35210,Pacé,Photovoltaïque,Solaire,1.18701
2015-01-01,35216,Parthenay-de-Bretagne,Photovoltaïque,Solaire,0.25745
2015-01-01,35230,Poilley,Photovoltaïque,Solaire,0.22137
2015-01-01,35235,Rannée,Photovoltaïque,Solaire,0.56697
2015-01-01,35238,Rennes,Autre,Bioénergies,10.627
2015-01-01,35238,Rennes,Autre,Thermique non renouvelable,8.5
2015-01-01,35238,Rennes,Cogénération à vapeur,Bioénergies,9.5
2015-01-01,35238,Rennes,Cogénération à vapeur,Thermique non renouvelable,1.454
2015-01-01,35238,Rennes,Photovoltaïque,Solaire,2.09725
2015-01-01,35240,Le Rheu,Photovoltaïque,Solaire,0.47805999999999993
2015-01-01,35245,Romillé,Photovoltaïque,Solaire,0.80626
2015-01-01,35250,Saint-Armel,Photovoltaïque,Solaire,0.14383
2015-01-01,35266,Saint-Erblon,Photovoltaïque,Solaire,0.26195999999999997
2015-01-01,35275,Saint-Gilles,Photovoltaïque,Solaire,0.9458099999999999
2015-01-01,35278,Saint-Grégoire,Photovoltaïque,Solaire,0.47964000000000007
2015-01-01,35281,Saint-Jacques-de-la-Lande,Photovoltaïque,Solaire,0.33762000000000003
2015-01-01,35310,Saint-Sauveur-des-Landes,Photovoltaïque,Solaire,0.5593899999999999
2015-01-01,35315,Saint-Sulpice-la-Forêt,Photovoltaïque,Solaire,0.13685
2015-01-01,35334,Thorigné-Fouillard,Photovoltaïque,Solaire,0.30219
2015-01-01,35351,Le Verger,Photovoltaïque,Solaire,0.12332
2015-01-01,35352,Vern-sur-Seiche,Photovoltaïque,Solaire,1.55093
2015-01-01,35353,Vezin-le-Coquet,Photovoltaïque,Solaire,0.33517
2015-01-01,35363,Pont-Péan,Photovoltaïque,Solaire,0.30232
2016-01-01,35001,Acigné,Photovoltaïque,Solaire,0.62788
2016-01-01,35024,Betton,Photovoltaïque,Solaire,0.55398
2016-01-01,35032,Bourgbarré,Photovoltaïque,Solaire,2.8196999999999997
2016-01-01,35039,Brécé,Photovoltaïque,Solaire,0.13982
2016-01-01,35047,Bruz,Eclusée,Hydraulique,0.12064
2016-01-01,35047,Bruz,Photovoltaïque,Solaire,0.76645
2016-01-01,35051,Cesson-Sévigné,Photovoltaïque,Solaire,0.7885899999999999
2016-01-01,35055,Chantepie,Photovoltaïque,Solaire,0.49632
2016-01-01,35058,La Chapelle-Chaussée,Photovoltaïque,Solaire,0.18099
2016-01-01,35059,La Chapelle-des-Fougeretz,Autre,Thermique non renouvelable,7.29
2016-01-01,35059,La Chapelle-des-Fougeretz,Photovoltaïque,Solaire,0.6168699999999999
2016-01-01,35065,La Chapelle-Thouarault,Photovoltaïque,Solaire,0.34349
2016-01-01,35066,Chartres-de-Bretagne,Photovoltaïque,Solaire,0.26149
2016-01-01,35076,Chavagne,Photovoltaïque,Solaire,0.7304700000000001
2016-01-01,35079,Chevaigné,Photovoltaïque,Solaire,0.22569
2016-01-01,35080,Cintré,Photovoltaïque,Solaire,0.16557
2016-01-01,35088,Corps-Nuds,Photovoltaïque,Solaire,0.6450199999999999
2016-01-01,35120,Gévezé,Non renseigné,Bioénergies,0.15
2016-01-01,35120,Gévezé,Photovoltaïque,Solaire,0.59723
2016-01-01,35131,L'Hermitage,Non renseigné,Thermique non renouvelable,7.424
2016-01-01,35131,L'Hermitage,Photovoltaïque,Solaire,0.30602999999999997
2016-01-01,35132,Hirel,Photovoltaïque,Solaire,0.14237
2016-01-01,35135,Irodouër,Photovoltaïque,Solaire,0.38038
2016-01-01,35136,Janzé,Non renseigné,Thermique non renouvelable,2.5
2016-01-01,35136,Janzé,Photovoltaïque,Solaire,0.90308
2016-01-01,35139,Laillé,Photovoltaïque,Solaire,0.64652
2016-01-01,35144,Langan,Photovoltaïque,Solaire,0.19526
2016-01-01,35150,Lécousse,Photovoltaïque,Solaire,0.38794
2016-01-01,35160,Loutehel,Photovoltaïque,Solaire,0.04967
2016-01-01,35170,Mecé,Photovoltaïque,Solaire,0.05249
2016-01-01,35180,Miniac-sous-Bécherel,Photovoltaïque,Solaire,0.21467000000000003
2016-01-01,35189,Montgermont,Photovoltaïque,Solaire,0.35314
2016-01-01,35190,Monthault,Photovoltaïque,Solaire,0.19695
2016-01-01,35196,Mordelles,Cogénération à vapeur,Thermique non renouvelable,2.0
2016-01-01,35196,Mordelles,Photovoltaïque,Solaire,0.97297
2016-01-01,35200,Moutiers,Photovoltaïque,Solaire,0.32282
2016-01-01,35204,Nouvoitou,Non renseigné,Thermique non renouvelable,4.401
2016-01-01,35204,Nouvoitou,Photovoltaïque,Solaire,0.47534000000000004
2016-01-01,35206,Noyal-Châtillon-sur-Seiche,Non renseigné,Thermique non renouvelable,14.0
2016-01-01,35206,Noyal-Châtillon-sur-Seiche,Photovoltaïque,Solaire,0.69153
2016-01-01,35208,Orgères,Photovoltaïque,Solaire,0.86937
2016-01-01,35210,Pacé,Photovoltaïque,Solaire,1.18701
2016-01-01,35216,Parthenay-de-Bretagne,Photovoltaïque,Solaire,0.25745
2016-01-01,35230,Poilley,Photovoltaïque,Solaire,0.30837
2016-01-01,35235,Rannée,Photovoltaïque,Solaire,0.6889700000000001
2016-01-01,35238,Rennes,Autre,Bioénergies,10.627
2016-01-01,35238,Rennes,Autre,Thermique non renouvelable,8.5
2016-01-01,35238,Rennes,Cogénération à vapeur,Bioénergies,9.5
2016-01-01,35238,Rennes,Cogénération à vapeur,Thermique non renouvelable,1.454
2016-01-01,35238,Rennes,Photovoltaïque,Solaire,2.09725
2016-01-01,35240,Le Rheu,Photovoltaïque,Solaire,0.47805999999999993
2016-01-01,35245,Romillé,Photovoltaïque,Solaire,0.80626
2016-01-01,35250,Saint-Armel,Photovoltaïque,Solaire,0.14383
2016-01-01,35266,Saint-Erblon,Non renseigné,Thermique non renouvelable,4.266
2016-01-01,35266,Saint-Erblon,Photovoltaïque,Solaire,0.26195999999999997
2016-01-01,35275,Saint-Gilles,Photovoltaïque,Solaire,0.9458099999999999
2016-01-01,35278,Saint-Grégoire,Photovoltaïque,Solaire,0.47964000000000007
2016-01-01,35281,Saint-Jacques-de-la-Lande,Photovoltaïque,Solaire,0.33762000000000003
2016-01-01,35310,Saint-Sauveur-des-Landes,Photovoltaïque,Solaire,0.5593899999999999
2016-01-01,35315,Saint-Sulpice-la-Forêt,Photovoltaïque,Solaire,0.13685
2016-01-01,35334,Thorigné-Fouillard,Photovoltaïque,Solaire,0.30219
2016-01-01,35351,Le Verger,Photovoltaïque,Solaire,0.12332
2016-01-01,35352,Vern-sur-Seiche,Photovoltaïque,Solaire,1.55093
2016-01-01,35353,Vezin-le-Coquet,Photovoltaïque,Solaire,0.33517
2016-01-01,35363,Pont-Péan,Photovoltaïque,Solaire,0.30232
2017-01-01,35001,Acigné,Photovoltaïque,Solaire,0.62788
2017-01-01,35024,Betton,Photovoltaïque,Solaire,0.55398
2017-01-01,35032,Bourgbarré,Photovoltaïque,Solaire,2.8196999999999997
2017-01-01,35039,Brécé,Photovoltaïque,Solaire,0.13982
2017-01-01,35047,Bruz,Eclusée,Hydraulique,0.12064
2017-01-01,35047,Bruz,Photovoltaïque,Solaire,0.76645
2017-01-01,35051,Cesson-Sévigné,Photovoltaïque,Solaire,0.7885899999999999
2017-01-01,35055,Chantepie,Photovoltaïque,Solaire,0.49632
2017-01-01,35058,La Chapelle-Chaussée,Photovoltaïque,Solaire,0.18099
2017-01-01,35059,La Chapelle-des-Fougeretz,Autre,Thermique non renouvelable,7.29
2017-01-01,35059,La Chapelle-des-Fougeretz,Photovoltaïque,Solaire,0.6168699999999999
2017-01-01,35065,La Chapelle-Thouarault,Photovoltaïque,Solaire,0.34349
2017-01-01,35066,Chartres-de-Bretagne,Photovoltaïque,Solaire,0.26149
2017-01-01,35076,Chavagne,Photovoltaïque,Solaire,0.7304700000000001
2017-01-01,35079,Chevaigné,Photovoltaïque,Solaire,0.22569
2017-01-01,35080,Cintré,Photovoltaïque,Solaire,0.16557
2017-01-01,35088,Corps-Nuds,Photovoltaïque,Solaire,0.6450199999999999
2017-01-01,35120,Gévezé,Non renseigné,Bioénergies,0.15
2017-01-01,35120,Gévezé,Photovoltaïque,Solaire,0.59723
2017-01-01,35131,L'Hermitage,Non renseigné,Thermique non renouvelable,7.424
2017-01-01,35131,L'Hermitage,Photovoltaïque,Solaire,0.30602999999999997
2017-01-01,35132,Hirel,Photovoltaïque,Solaire,0.14237
2017-01-01,35135,Irodouër,Photovoltaïque,Solaire,0.38038
2017-01-01,35136,Janzé,Non renseigné,Thermique non renouvelable,2.5
2017-01-01,35136,Janzé,Photovoltaïque,Solaire,0.90308
2017-01-01,35139,Laillé,Photovoltaïque,Solaire,0.64652
2017-01-01,35144,Langan,Photovoltaïque,Solaire,0.19526
2017-01-01,35150,Lécousse,Photovoltaïque,Solaire,0.38794
2017-01-01,35160,Loutehel,Photovoltaïque,Solaire,0.04967
2017-01-01,35170,Mecé,Photovoltaïque,Solaire,0.05249
2017-01-01,35180,Miniac-sous-Bécherel,Photovoltaïque,Solaire,0.21467000000000003
2017-01-01,35189,Montgermont,Photovoltaïque,Solaire,0.35314
2017-01-01,35190,Monthault,Photovoltaïque,Solaire,0.19695
2017-01-01,35196,Mordelles,Cogénération à vapeur,Thermique non renouvelable,2.0
2017-01-01,35196,Mordelles,Photovoltaïque,Solaire,0.97297
2017-01-01,35200,Moutiers,Photovoltaïque,Solaire,0.32282
2017-01-01,35204,Nouvoitou,Non renseigné,Thermique non renouvelable,4.401
2017-01-01,35204,Nouvoitou,Photovoltaïque,Solaire,0.47534000000000004
2017-01-01,35206,Noyal-Châtillon-sur-Seiche,Non renseigné,Thermique non renouvelable,14.0
2017-01-01,35206,Noyal-Châtillon-sur-Seiche,Photovoltaïque,Solaire,0.69153
2017-01-01,35208,Orgères,Photovoltaïque,Solaire,0.86937
2017-01-01,35210,Pacé,Photovoltaïque,Solaire,1.18701
2017-01-01,35216,Parthenay-de-Bretagne,Photovoltaïque,Solaire,0.25745
2017-01-01,35230,Poilley,Photovoltaïque,Solaire,0.30837
2017-01-01,35235,Rannée,Photovoltaïque,Solaire,0.77897
2017-01-01,35238,Rennes,Autre,Bioénergies,10.627
2017-01-01,35238,Rennes,Autre,Thermique non renouvelable,8.5
2017-01-01,35238,Rennes,Cogénération à vapeur,Bioénergies,9.5
2017-01-01,35238,Rennes,Cogénération à vapeur,Thermique non renouvelable,1.454
2017-01-01,35238,Rennes,Photovoltaïque,Solaire,2.09725
2017-01-01,35240,Le Rheu,Photovoltaïque,Solaire,0.47805999999999993
2017-01-01,35245,Romillé,Photovoltaïque,Solaire,0.8892599999999999
2017-01-01,35250,Saint-Armel,Photovoltaïque,Solaire,0.14383
2017-01-01,35266,Saint-Erblon,Non renseigné,Thermique non renouvelable,4.266
2017-01-01,35266,Saint-Erblon,Photovoltaïque,Solaire,0.26195999999999997
2017-01-01,35275,Saint-Gilles,Photovoltaïque,Solaire,0.9458099999999999
2017-01-01,35278,Saint-Grégoire,Photovoltaïque,Solaire,0.47964000000000007
2017-01-01,35281,Saint-Jacques-de-la-Lande,Photovoltaïque,Solaire,0.33762000000000003
2017-01-01,35310,Saint-Sauveur-des-Landes,Photovoltaïque,Solaire,0.5593899999999999
2017-01-01,35315,Saint-Sulpice-la-Forêt,Photovoltaïque,Solaire,0.13685
2017-01-01,35334,Thorigné-Fouillard,Photovoltaïque,Solaire,0.30219
2017-01-01,35351,Le Verger,Photovoltaïque,Solaire,0.12332
2017-01-01,35352,Vern-sur-Seiche,Photovoltaïque,Solaire,1.55093
2017-01-01,35353,Vezin-le-Coquet,Photovoltaïque,Solaire,0.33517
2017-01-01,35363,Pont-Péan,Photovoltaïque,Solaire,0.30232
2018-01-01,35001,Acigné,Photovoltaïque,Solaire,0.62788
2018-01-01,35024,Betton,Photovoltaïque,Solaire,0.55398
2018-01-01,35032,Bourgbarré,Photovoltaïque,Solaire,2.8196999999999997
2018-01-01,35039,Brécé,Photovoltaïque,Solaire,0.13982
2018-01-01,35047,Bruz,Eclusée,Hydraulique,0.12064
2018-01-01,35047,Bruz,Photovoltaïque,Solaire,0.76645
2018-01-01,35051,Cesson-Sévigné,Photovoltaïque,Solaire,0.7885899999999999
2018-01-01,35055,Chantepie,Photovoltaïque,Solaire,0.5463199999999999
2018-01-01,35058,La Chapelle-Chaussée,Photovoltaïque,Solaire,0.18099
2018-01-01,35059,La Chapelle-des-Fougeretz,Autre,Thermique non renouvelable,7.29
2018-01-01,35059,La Chapelle-des-Fougeretz,Photovoltaïque,Solaire,0.6168699999999999
2018-01-01,35065,La Chapelle-Thouarault,Photovoltaïque,Solaire,0.34349
2018-01-01,35066,Chartres-de-Bretagne,Photovoltaïque,Solaire,0.26149
2018-01-01,35076,Chavagne,Photovoltaïque,Solaire,0.7304700000000001
2018-01-01,35079,Chevaigné,Photovoltaïque,Solaire,0.22569
2018-01-01,35080,Cintré,Cogénération à combustion,Bioénergies,0.16
2018-01-01,35080,Cintré,Photovoltaïque,Solaire,0.16557
2018-01-01,35088,Corps-Nuds,Photovoltaïque,Solaire,0.6450199999999999
2018-01-01,35120,Gévezé,Non renseigné,Bioénergies,0.15
2018-01-01,35120,Gévezé,Photovoltaïque,Solaire,0.59723
2018-01-01,35131,L'Hermitage,Non renseigné,Thermique non renouvelable,7.424
2018-01-01,35131,L'Hermitage,Photovoltaïque,Solaire,0.30602999999999997
2018-01-01,35132,Hirel,Photovoltaïque,Solaire,0.14237
2018-01-01,35135,Irodouër,Photovoltaïque,Solaire,0.38038
2018-01-01,35136,Janzé,Non renseigné,Thermique non renouvelable,2.5
2018-01-01,35136,Janzé,Photovoltaïque,Solaire,0.90308
2018-01-01,35139,Laillé,Photovoltaïque,Solaire,0.64652
2018-01-01,35144,Langan,Photovoltaïque,Solaire,0.19526
2018-01-01,35150,Lécousse,Photovoltaïque,Solaire,0.38794
2018-01-01,35160,Loutehel,Photovoltaïque,Solaire,0.04967
2018-01-01,35170,Mecé,Photovoltaïque,Solaire,0.05249
2018-01-01,35180,Miniac-sous-Bécherel,Photovoltaïque,Solaire,0.21467000000000003
2018-01-01,35189,Montgermont,Photovoltaïque,Solaire,0.35314
2018-01-01,35190,Monthault,Photovoltaïque,Solaire,0.19695
2018-01-01,35196,Mordelles,Cogénération à vapeur,Thermique non renouvelable,2.0
2018-01-01,35196,Mordelles,Photovoltaïque,Solaire,0.97297
2018-01-01,35200,Moutiers,Photovoltaïque,Solaire,0.32282
2018-01-01,35204,Nouvoitou,Non renseigné,Thermique non renouvelable,4.401
2018-01-01,35204,Nouvoitou,Photovoltaïque,Solaire,0.47534000000000004
2018-01-01,35206,Noyal-Châtillon-sur-Seiche,Non renseigné,Thermique non renouvelable,14.0
2018-01-01,35206,Noyal-Châtillon-sur-Seiche,Photovoltaïque,Solaire,0.69153
2018-01-01,35208,Orgères,Photovoltaïque,Solaire,1.07737
2018-01-01,35210,Pacé,Photovoltaïque,Solaire,1.42701
2018-01-01,35216,Parthenay-de-Bretagne,Photovoltaïque,Solaire,0.25745
2018-01-01,35230,Poilley,Photovoltaïque,Solaire,0.30837
2018-01-01,35235,Rannée,Photovoltaïque,Solaire,0.77897
2018-01-01,35238,Rennes,Autre,Bioénergies,10.627
2018-01-01,35238,Rennes,Autre,Thermique non renouvelable,8.5
2018-01-01,35238,Rennes,Cogénération à vapeur,Bioénergies,9.5
2018-01-01,35238,Rennes,Cogénération à vapeur,Thermique non renouvelable,1.454
2018-01-01,35238,Rennes,Photovoltaïque,Solaire,2.27925
2018-01-01,35238,Rennes,Turbine à combustion,Thermique non renouvelable,4.95
2018-01-01,35240,Le Rheu,Photovoltaïque,Solaire,0.47805999999999993
2018-01-01,35245,Romillé,Photovoltaïque,Solaire,0.8892599999999999
2018-01-01,35250,Saint-Armel,Photovoltaïque,Solaire,0.14383
2018-01-01,35266,Saint-Erblon,Non renseigné,Thermique non renouvelable,4.266
2018-01-01,35266,Saint-Erblon,Photovoltaïque,Solaire,0.26195999999999997
2018-01-01,35275,Saint-Gilles,Photovoltaïque,Solaire,0.9458099999999999
2018-01-01,35278,Saint-Grégoire,Photovoltaïque,Solaire,0.47964000000000007
2018-01-01,35281,Saint-Jacques-de-la-Lande,Photovoltaïque,Solaire,0.33762000000000003
2018-01-01,35310,Saint-Sauveur-des-Landes,Photovoltaïque,Solaire,0.5593899999999999
2018-01-01,35315,Saint-Sulpice-la-Forêt,Photovoltaïque,Solaire,0.13685
2018-01-01,35334,Thorigné-Fouillard,Photovoltaïque,Solaire,0.30219
2018-01-01,35351,Le Verger,Photovoltaïque,Solaire,0.12332
2018-01-01,35352,Vern-sur-Seiche,Photovoltaïque,Solaire,1.55093
2018-01-01,35353,Vezin-le-Coquet,Photovoltaïque,Solaire,0.33517
2018-01-01,35363,Pont-Péan,Photovoltaïque,Solaire,0.30232
2019-01-01,35001,Acigné,Photovoltaïque,Solaire,0.66788
2019-01-01,35024,Betton,Photovoltaïque,Solaire,0.64398
2019-01-01,35032,Bourgbarré,Photovoltaïque,Solaire,2.8196999999999997
2019-01-01,35039,Brécé,Photovoltaïque,Solaire,0.13982
2019-01-01,35047,Bruz,Eclusée,Hydraulique,0.12064
2019-01-01,35047,Bruz,Moteur à piston,Thermique non renouvelable,4.2
2019-01-01,35047,Bruz,Photovoltaïque,Solaire,0.9184499999999999
2019-01-01,35051,Cesson-Sévigné,Photovoltaïque,Solaire,0.7885899999999999
2019-01-01,35055,Chantepie,Photovoltaïque,Solaire,0.5463199999999999
2019-01-01,35058,La Chapelle-Chaussée,Photovoltaïque,Solaire,0.18099
2019-01-01,35059,La Chapelle-des-Fougeretz,Autre,Thermique non renouvelable,7.29
2019-01-01,35059,La Chapelle-des-Fougeretz,Photovoltaïque,Solaire,0.6168699999999999
2019-01-01,35065,La Chapelle-Thouarault,Photovoltaïque,Solaire,0.34349
2019-01-01,35066,Chartres-de-Bretagne,Photovoltaïque,Solaire,0.26149
2019-01-01,35076,Chavagne,Photovoltaïque,Solaire,0.7304700000000001
2019-01-01,35079,Chevaigné,Photovoltaïque,Solaire,0.22569
2019-01-01,35080,Cintré,Cogénération à combustion,Bioénergies,0.16
2019-01-01,35080,Cintré,Photovoltaïque,Solaire,0.16557
2019-01-01,35088,Corps-Nuds,Photovoltaïque,Solaire,0.6450199999999999
2019-01-01,35120,Gévezé,Non renseigné,Bioénergies,0.15
2019-01-01,35120,Gévezé,Photovoltaïque,Solaire,0.59723
2019-01-01,35131,L'Hermitage,Non renseigné,Thermique non renouvelable,7.424
2019-01-01,35131,L'Hermitage,Photovoltaïque,Solaire,0.30602999999999997
2019-01-01,35132,Hirel,Photovoltaïque,Solaire,0.14237
2019-01-01,35135,Irodouër,Photovoltaïque,Solaire,0.38038
2019-01-01,35136,Janzé,Non renseigné,Thermique non renouvelable,2.5
2019-01-01,35136,Janzé,Photovoltaïque,Solaire,0.90308
2019-01-01,35139,Laillé,Photovoltaïque,Solaire,0.82652
2019-01-01,35144,Langan,Photovoltaïque,Solaire,0.19526
2019-01-01,35150,Lécousse,Photovoltaïque,Solaire,0.38794
2019-01-01,35160,Loutehel,Photovoltaïque,Solaire,0.04967
2019-01-01,35170,Mecé,Photovoltaïque,Solaire,0.05249
2019-01-01,35180,Miniac-sous-Bécherel,Photovoltaïque,Solaire,0.21467000000000003
2019-01-01,35189,Montgermont,Photovoltaïque,Solaire,0.35314
2019-01-01,35190,Monthault,Photovoltaïque,Solaire,0.19695
2019-01-01,35196,Mordelles,Cogénération à vapeur,Thermique non renouvelable,2.0
2019-01-01,35196,Mordelles,Photovoltaïque,Solaire,0.97297
2019-01-01,35200,Moutiers,Photovoltaïque,Solaire,0.32282
2019-01-01,35204,Nouvoitou,Non renseigné,Thermique non renouvelable,4.401
2019-01-01,35204,Nouvoitou,Photovoltaïque,Solaire,0.47534000000000004
2019-01-01,35206,Noyal-Châtillon-sur-Seiche,Non renseigné,Thermique non renouvelable,14.0
2019-01-01,35206,Noyal-Châtillon-sur-Seiche,Photovoltaïque,Solaire,0.69153
2019-01-01,35208,Orgères,Photovoltaïque,Solaire,1.07737
2019-01-01,35210,Pacé,Photovoltaïque,Solaire,1.42701
2019-01-01,35216,Parthenay-de-Bretagne,Photovoltaïque,Solaire,0.25745
2019-01-01,35230,Poilley,Photovoltaïque,Solaire,0.30837
2019-01-01,35235,Rannée,Photovoltaïque,Solaire,0.77897
2019-01-01,35238,Rennes,Autre,Bioénergies,10.627
2019-01-01,35238,Rennes,Autre,Thermique non renouvelable,8.5
2019-01-01,35238,Rennes,Cogénération à vapeur,Bioénergies,9.5
2019-01-01,35238,Rennes,Cogénération à vapeur,Thermique non renouvelable,1.454
2019-01-01,35238,Rennes,Photovoltaïque,Solaire,2.44325
2019-01-01,35238,Rennes,Turbine à combustion,Thermique non renouvelable,4.95
2019-01-01,35240,Le Rheu,Photovoltaïque,Solaire,0.5680599999999999
2019-01-01,35245,Romillé,Photovoltaïque,Solaire,0.97926
2019-01-01,35250,Saint-Armel,Photovoltaïque,Solaire,0.14383
2019-01-01,35266,Saint-Erblon,Non renseigné,Thermique non renouvelable,4.266
2019-01-01,35266,Saint-Erblon,Photovoltaïque,Solaire,0.26195999999999997
2019-01-01,35275,Saint-Gilles,Photovoltaïque,Solaire,1.13581
2019-01-01,35278,Saint-Grégoire,Photovoltaïque,Solaire,0.47964000000000007
2019-01-01,35281,Saint-Jacques-de-la-Lande,Photovoltaïque,Solaire,0.33762000000000003
2019-01-01,35310,Saint-Sauveur-des-Landes,Photovoltaïque,Solaire,0.5593899999999999
2019-01-01,35315,Saint-Sulpice-la-Forêt,Photovoltaïque,Solaire,0.13685
2019-01-01,35334,Thorigné-Fouillard,Photovoltaïque,Solaire,0.30219
2019-01-01,35351,Le Verger,Photovoltaïque,Solaire,0.12332
2019-01-01,35352,Vern-sur-Seiche,Photovoltaïque,Solaire,1.55093
2019-01-01,35353,Vezin-le-Coquet,Photovoltaïque,Solaire,0.33517
2019-01-01,35363,Pont-Péan,Photovoltaïque,Solaire,0.30232
2020-01-01,35001,Acigné,Photovoltaïque,Solaire,0.66788
2020-01-01,35024,Betton,Photovoltaïque,Solaire,0.73398
2020-01-01,35032,Bourgbarré,Photovoltaïque,Solaire,2.8196999999999997
2020-01-01,35039,Brécé,Photovoltaïque,Solaire,0.13982
2020-01-01,35047,Bruz,Eclusée,Hydraulique,0.12064
2020-01-01,35047,Bruz,Moteur à piston,Thermique non renouvelable,4.2
2020-01-01,35047,Bruz,Photovoltaïque,Solaire,0.9184499999999999
2020-01-01,35051,Cesson-Sévigné,Photovoltaïque,Solaire,0.7885899999999999
2020-01-01,35055,Chantepie,Photovoltaïque,Solaire,0.5463199999999999
2020-01-01,35058,La Chapelle-Chaussée,Photovoltaïque,Solaire,0.18099
2020-01-01,35059,La Chapelle-des-Fougeretz,Autre,Thermique non renouvelable,7.29
2020-01-01,35059,La Chapelle-des-Fougeretz,Photovoltaïque,Solaire,0.6168699999999999
2020-01-01,35065,La Chapelle-Thouarault,Photovoltaïque,Solaire,0.34349
2020-01-01,35066,Chartres-de-Bretagne,Photovoltaïque,Solaire,0.26149
2020-01-01,35076,Chavagne,Photovoltaïque,Solaire,0.7304700000000001
2020-01-01,35079,Chevaigné,Photovoltaïque,Solaire,0.31568999999999997
2020-01-01,35080,Cintré,Cogénération à combustion,Bioénergies,0.16
2020-01-01,35080,Cintré,Photovoltaïque,Solaire,0.16557
2020-01-01,35088,Corps-Nuds,Photovoltaïque,Solaire,0.73502
2020-01-01,35120,Gévezé,Non renseigné,Bioénergies,0.15
2020-01-01,35120,Gévezé,Photovoltaïque,Solaire,0.59723
2020-01-01,35131,L'Hermitage,Non renseigné,Thermique non renouvelable,7.424
2020-01-01,35131,L'Hermitage,Photovoltaïque,Solaire,0.47163
2020-01-01,35132,Hirel,Photovoltaïque,Solaire,0.14237
2020-01-01,35135,Irodouër,Photovoltaïque,Solaire,0.38038
2020-01-01,35136,Janzé,Non renseigné,Thermique non renouvelable,2.5
2020-01-01,35136,Janzé,Photovoltaïque,Solaire,1.04908
2020-01-01,35139,Laillé,Photovoltaïque,Solaire,0.82652
2020-01-01,35144,Langan,Photovoltaïque,Solaire,0.19526
2020-01-01,35150,Lécousse,Photovoltaïque,Solaire,0.38794
2020-01-01,35160,Loutehel,Photovoltaïque,Solaire,0.04967
2020-01-01,35170,Mecé,Photovoltaïque,Solaire,0.13749
2020-01-01,35180,Miniac-sous-Bécherel,Photovoltaïque,Solaire,0.21467000000000003
2020-01-01,35189,Montgermont,Photovoltaïque,Solaire,0.35314
2020-01-01,35190,Monthault,Photovoltaïque,Solaire,0.39619
2020-01-01,35196,Mordelles,Cogénération à vapeur,Thermique non renouvelable,2.0
2020-01-01,35196,Mordelles,Photovoltaïque,Solaire,0.97297
2020-01-01,35200,Moutiers,Photovoltaïque,Solaire,0.32282
2020-01-01,35204,Nouvoitou,Non renseigné,Thermique non renouvelable,4.401
2020-01-01,35204,Nouvoitou,Photovoltaïque,Solaire,0.47534000000000004
2020-01-01,35206,Noyal-Châtillon-sur-Seiche,Non renseigné,Thermique non renouvelable,14.0
2020-01-01,35206,Noyal-Châtillon-sur-Seiche,Photovoltaïque,Solaire,0.78153
2020-01-01,35208,Orgères,Photovoltaïque,Solaire,1.16237
2020-01-01,35210,Pacé,Photovoltaïque,Solaire,1.60901
2020-01-01,35216,Parthenay-de-Bretagne,Photovoltaïque,Solaire,0.25745
2020-01-01,35230,Poilley,Photovoltaïque,Solaire,0.30837
2020-01-01,35235,Rannée,Photovoltaïque,Solaire,0.77897
2020-01-01,35238,Rennes,Autre,Bioénergies,10.627
2020-01-01,35238,Rennes,Autre,Thermique non renouvelable,8.5
2020-01-01,35238,Rennes,Cogénération à vapeur,Bioénergies,9.5
2020-01-01,35238,Rennes,Cogénération à vapeur,Thermique non renouvelable,1.454
2020-01-01,35238,Rennes,Photovoltaïque,Solaire,2.44325
2020-01-01,35238,Rennes,Turbine à combustion,Thermique non renouvelable,4.95
2020-01-01,35240,Le Rheu,Photovoltaïque,Solaire,0.5680599999999999
2020-01-01,35245,Romillé,Photovoltaïque,Solaire,0.97926
2020-01-01,35250,Saint-Armel,Photovoltaïque,Solaire,0.23383
2020-01-01,35266,Saint-Erblon,Non renseigné,Thermique non renouvelable,4.266
2020-01-01,35266,Saint-Erblon,Photovoltaïque,Solaire,0.26195999999999997
2020-01-01,35275,Saint-Gilles,Photovoltaïque,Solaire,1.2258099999999998
2020-01-01,35278,Saint-Grégoire,Photovoltaïque,Solaire,0.5696400000000001
2020-01-01,35281,Saint-Jacques-de-la-Lande,Photovoltaïque,Solaire,0.33762000000000003
2020-01-01,35310,Saint-Sauveur-des-Landes,Photovoltaïque,Solaire,0.5593899999999999
2020-01-01,35315,Saint-Sulpice-la-Forêt,Photovoltaïque,Solaire,0.13685
2020-01-01,35334,Thorigné-Fouillard,Photovoltaïque,Solaire,0.30219
2020-01-01,35351,Le Verger,Photovoltaïque,Solaire,0.12332
2020-01-01,35352,Vern-sur-Seiche,Photovoltaïque,Solaire,1.6509299999999998
2020-01-01,35353,Vezin-le-Coquet,Batterie,Stockage non hydraulique,1.572
2020-01-01,35353,Vezin-le-Coquet,Photovoltaïque,Solaire,0.33517
2020-01-01,35363,Pont-Péan,Photovoltaïque,Solaire,0.30232
2021-01-01,35001,Acigné,Photovoltaïque,Solaire,0.76688
2021-01-01,35024,Betton,Photovoltaïque,Solaire,0.80698
2021-01-01,35032,Bourgbarré,Photovoltaïque,Solaire,2.8196999999999997
2021-01-01,35039,Brécé,Photovoltaïque,Solaire,0.13982
2021-01-01,35047,Bruz,Batterie,Stockage non hydraulique,1.25
2021-01-01,35047,Bruz,Eclusée,Hydraulique,0.12064
2021-01-01,35047,Bruz,Moteur à piston,Thermique non renouvelable,4.2
2021-01-01,35047,Bruz,Photovoltaïque,Solaire,13.12845
2021-01-01,35051,Cesson-Sévigné,Photovoltaïque,Solaire,0.7885899999999999
2021-01-01,35055,Chantepie,Photovoltaïque,Solaire,0.5463199999999999
2021-01-01,35058,La Chapelle-Chaussée,Photovoltaïque,Solaire,0.26999
2021-01-01,35059,La Chapelle-des-Fougeretz,Autre,Thermique non renouvelable,7.29
2021-01-01,35059,La Chapelle-des-Fougeretz,Photovoltaïque,Solaire,0.6168699999999999
2021-01-01,35065,La Chapelle-Thouarault,Photovoltaïque,Solaire,0.34349
2021-01-01,35066,Chartres-de-Bretagne,Photovoltaïque,Solaire,0.26149
2021-01-01,35076,Chavagne,Photovoltaïque,Solaire,0.7304700000000001
2021-01-01,35079,Chevaigné,Photovoltaïque,Solaire,0.31568999999999997
2021-01-01,35080,Cintré,Cogénération à combustion,Bioénergies,0.16
2021-01-01,35080,Cintré,Photovoltaïque,Solaire,0.16557
2021-01-01,35088,Corps-Nuds,Photovoltaïque,Solaire,0.73502
2021-01-01,35120,Gévezé,Non renseigné,Bioénergies,0.15
2021-01-01,35120,Gévezé,Photovoltaïque,Solaire,0.6970299999999999
2021-01-01,35131,L'Hermitage,Non renseigné,Thermique non renouvelable,7.424
2021-01-01,35131,L'Hermitage,Photovoltaïque,Solaire,0.47163
2021-01-01,35132,Hirel,Photovoltaïque,Solaire,0.14237
2021-01-01,35135,Irodouër,Photovoltaïque,Solaire,0.38038
2021-01-01,35136,Janzé,Non renseigné,Thermique non renouvelable,2.5
2021-01-01,35136,Janzé,Photovoltaïque,Solaire,1.04908
2021-01-01,35139,Laillé,Photovoltaïque,Solaire,0.99652
2021-01-01,35144,Langan,Photovoltaïque,Solaire,0.19526
2021-01-01,35150,Lécousse,Photovoltaïque,Solaire,0.38794
2021-01-01,35160,Loutehel,Photovoltaïque,Solaire,0.04967
2021-01-01,35170,Mecé,Photovoltaïque,Solaire,0.13749
2021-01-01,35180,Miniac-sous-Bécherel,Photovoltaïque,Solaire,0.30367
2021-01-01,35189,Montgermont,Photovoltaïque,Solaire,0.35314
2021-01-01,35190,Monthault,Photovoltaïque,Solaire,0.48519
2021-01-01,35196,Mordelles,Cogénération à vapeur,Thermique non renouvelable,2.0
2021-01-01,35196,Mordelles,Photovoltaïque,Solaire,0.97297
2021-01-01,35200,Moutiers,Photovoltaïque,Solaire,0.32282
2021-01-01,35204,Nouvoitou,Non renseigné,Thermique non renouvelable,4.401
2021-01-01,35204,Nouvoitou,Photovoltaïque,Solaire,0.47534000000000004
2021-01-01,35206,Noyal-Châtillon-sur-Seiche,Non renseigné,Thermique non renouvelable,14.0
2021-01-01,35206,Noyal-Châtillon-sur-Seiche,Photovoltaïque,Solaire,0.94053
2021-01-01,35208,Orgères,Photovoltaïque,Solaire,1.16237
2021-01-01,35210,Pacé,Photovoltaïque,Solaire,1.77701
2021-01-01,35216,Parthenay-de-Bretagne,Photovoltaïque,Solaire,0.25745
2021-01-01,35230,Poilley,Photovoltaïque,Solaire,0.40737
2021-01-01,35235,Rannée,Photovoltaïque,Solaire,0.86897
2021-01-01,35238,Rennes,Autre,Bioénergies,10.627
2021-01-01,35238,Rennes,Autre,Thermique non renouvelable,8.5
2021-01-01,35238,Rennes,Cogénération à vapeur,Bioénergies,9.5
2021-01-01,35238,Rennes,Cogénération à vapeur,Thermique non renouvelable,1.454
2021-01-01,35238,Rennes,Photovoltaïque,Solaire,2.62325
2021-01-01,35238,Rennes,Turbine à combustion,Thermique non renouvelable,4.95
2021-01-01,35240,Le Rheu,Photovoltaïque,Solaire,0.5680599999999999
2021-01-01,35245,Romillé,Photovoltaïque,Solaire,1.1240599999999998
2021-01-01,35250,Saint-Armel,Photovoltaïque,Solaire,0.23383
2021-01-01,35266,Saint-Erblon,Non renseigné,Thermique non renouvelable,4.266
2021-01-01,35266,Saint-Erblon,Photovoltaïque,Solaire,0.26195999999999997
2021-01-01,35275,Saint-Gilles,Photovoltaïque,Solaire,1.50481
2021-01-01,35278,Saint-Grégoire,Cogénération à combustion,Thermique non renouvelable,0.25
2021-01-01,35278,Saint-Grégoire,Photovoltaïque,Solaire,0.5696400000000001
2021-01-01,35281,Saint-Jacques-de-la-Lande,Photovoltaïque,Solaire,0.33762000000000003
2021-01-01,35310,Saint-Sauveur-des-Landes,Photovoltaïque,Solaire,0.5593899999999999
2021-01-01,35315,Saint-Sulpice-la-Forêt,Photovoltaïque,Solaire,0.13685
2021-01-01,35334,Thorigné-Fouillard,Photovoltaïque,Solaire,0.30219
2021-01-01,35351,Le Verger,Photovoltaïque,Solaire,0.12332
2021-01-01,35352,Vern-sur-Seiche,Photovoltaïque,Solaire,1.6509299999999998
2021-01-01,35353,Vezin-le-Coquet,Batterie,Stockage non hydraulique,1.572
2021-01-01,35353,Vezin-le-Coquet,Photovoltaïque,Solaire,0.33517
2021-01-01,35363,Pont-Péan,Photovoltaïque,Solaire,0.30232
2022-01-01,35001,Acigné,Photovoltaïque,Solaire,0.76688
2022-01-01,35024,Betton,Photovoltaïque,Solaire,0.80698
2022-01-01,35032,Bourgbarré,Photovoltaïque,Solaire,2.9196999999999997
2022-01-01,35039,Brécé,Photovoltaïque,Solaire,0.13982
2022-01-01,35047,Bruz,Batterie,Stockage non hydraulique,1.25
2022-01-01,35047,Bruz,Eclusée,Hydraulique,0.12064
2022-01-01,35047,Bruz,Moteur à piston,Thermique non renouvelable,4.2
2022-01-01,35047,Bruz,Photovoltaïque,Solaire,13.12845
2022-01-01,35051,Cesson-Sévigné,Photovoltaïque,Solaire,0.86859
2022-01-01,35055,Chantepie,Non renseigné,Solaire,0.09487000000000001
2022-01-01,35055,Chantepie,Photovoltaïque,Solaire,0.9362199999999999
2022-01-01,35058,La Chapelle-Chaussée,Photovoltaïque,Solaire,0.26999
2022-01-01,35059,La Chapelle-des-Fougeretz,Autre,Thermique non renouvelable,7.29
2022-01-01,35059,La Chapelle-des-Fougeretz,Photovoltaïque,Solaire,0.6168699999999999
2022-01-01,35065,La Chapelle-Thouarault,Photovoltaïque,Solaire,0.34349
2022-01-01,35066,Chartres-de-Bretagne,Photovoltaïque,Solaire,0.26149
2022-01-01,35076,Chavagne,Photovoltaïque,Solaire,1.13047
2022-01-01,35079,Chevaigné,Photovoltaïque,Solaire,0.31568999999999997
2022-01-01,35080,Cintré,Cogénération à combustion,Bioénergies,0.16
2022-01-01,35080,Cintré,Photovoltaïque,Solaire,0.16557
2022-01-01,35088,Corps-Nuds,Photovoltaïque,Solaire,0.83502
2022-01-01,35120,Gévezé,Non renseigné,Bioénergies,0.15
2022-01-01,35120,Gévezé,Photovoltaïque,Solaire,0.6970299999999999
2022-01-01,35131,L'Hermitage,Non renseigné,Thermique non renouvelable,7.424
2022-01-01,35131,L'Hermitage,Photovoltaïque,Solaire,0.47163
2022-01-01,35132,Hirel,Photovoltaïque,Solaire,0.14237
2022-01-01,35135,Irodouër,Photovoltaïque,Solaire,0.38038
2022-01-01,35136,Janzé,Non renseigné,Thermique non renouvelable,2.5
2022-01-01,35136,Janzé,Photovoltaïque,Solaire,1.04908
2022-01-01,35139,Laillé,Photovoltaïque,Solaire,0.99652
2022-01-01,35144,Langan,Photovoltaïque,Solaire,0.19526
2022-01-01,35150,Lécousse,Photovoltaïque,Solaire,0.38794
2022-01-01,35160,Loutehel,Photovoltaïque,Solaire,0.04967
2022-01-01,35170,Mecé,Photovoltaïque,Solaire,0.13749
2022-01-01,35180,Miniac-sous-Bécherel,Photovoltaïque,Solaire,0.30367
2022-01-01,35189,Montgermont,Photovoltaïque,Solaire,0.35314
2022-01-01,35190,Monthault,Photovoltaïque,Solaire,0.48519
2022-01-01,35196,Mordelles,Cogénération à vapeur,Thermique non renouvelable,2.0
2022-01-01,35196,Mordelles,Photovoltaïque,Solaire,0.97297
2022-01-01,35200,Moutiers,Photovoltaïque,Solaire,0.32282
2022-01-01,35204,Nouvoitou,Non renseigné,Thermique non renouvelable,4.401
2022-01-01,35204,Nouvoitou,Photovoltaïque,Solaire,0.47534000000000004
2022-01-01,35206,Noyal-Châtillon-sur-Seiche,Cogénération à combustion,Thermique non renouvelable,0.999
2022-01-01,35206,Noyal-Châtillon-sur-Seiche,Non renseigné,Thermique non renouvelable,14.0
2022-01-01,35206,Noyal-Châtillon-sur-Seiche,Photovoltaïque,Solaire,1.01753
2022-01-01,35208,Orgères,Photovoltaïque,Solaire,1.2473699999999999
2022-01-01,35210,Pacé,Photovoltaïque,Solaire,2.2150100000000004
2022-01-01,35216,Parthenay-de-Bretagne,Photovoltaïque,Solaire,0.25745
2022-01-01,35230,Poilley,Photovoltaïque,Solaire,0.40737
2022-01-01,35235,Rannée,Photovoltaïque,Solaire,0.86897
2022-01-01,35238,Rennes,Autre,Bioénergies,10.627
2022-01-01,35238,Rennes,Autre,Thermique non renouvelable,8.5
2022-01-01,35238,Rennes,Cogénération à vapeur,Bioénergies,9.5
2022-01-01,35238,Rennes,Cogénération à vapeur,Thermique non renouvelable,1.454
2022-01-01,35238,Rennes,Photovoltaïque,Solaire,3.21324
2022-01-01,35238,Rennes,Turbine à combustion,Thermique non renouvelable,4.95
2022-01-01,35240,Le Rheu,Photovoltaïque,Solaire,0.5680599999999999
2022-01-01,35245,Romillé,Photovoltaïque,Solaire,1.22306
2022-01-01,35250,Saint-Armel,Photovoltaïque,Solaire,0.23383
2022-01-01,35266,Saint-Erblon,Non renseigné,Thermique non renouvelable,4.266
2022-01-01,35266,Saint-Erblon,Photovoltaïque,Solaire,0.26195999999999997
2022-01-01,35275,Saint-Gilles,Photovoltaïque,Solaire,1.5948099999999998
2022-01-01,35278,Saint-Grégoire,Cogénération à combustion,Thermique non renouvelable,0.25
2022-01-01,35278,Saint-Grégoire,Photovoltaïque,Solaire,0.5696400000000001
2022-01-01,35281,Saint-Jacques-de-la-Lande,Photovoltaïque,Solaire,0.43689999999999996
2022-01-01,35310,Saint-Sauveur-des-Landes,Photovoltaïque,Solaire,0.5593899999999999
2022-01-01,35315,Saint-Sulpice-la-Forêt,Photovoltaïque,Solaire,0.13685
2022-01-01,35334,Thorigné-Fouillard,Photovoltaïque,Solaire,0.40119
2022-01-01,35351,Le Verger,Photovoltaïque,Solaire,0.12332
2022-01-01,35352,Vern-sur-Seiche,Photovoltaïque,Solaire,1.7399299999999998
2022-01-01,35353,Vezin-le-Coquet,Batterie,Stockage non hydraulique,1.572
2022-01-01,35353,Vezin-le-Coquet,Photovoltaïque,Solaire,0.33517
2022-01-01,35363,Pont-Péan,Photovoltaïque,Solaire,0.30232
2023-01-01,35001,Acigné,Photovoltaïque,Solaire,0.76688
2023-01-01,35024,Betton,Photovoltaïque,Solaire,0.80698
2023-01-01,35032,Bourgbarré,Photovoltaïque,Solaire,2.9196999999999997
2023-01-01,35039,Brécé,Photovoltaïque,Solaire,0.13982
2023-01-01,35047,Bruz,Batterie,Stockage non hydraulique,1.25
2023-01-01,35047,Bruz,Eclusée,Hydraulique,0.12064
2023-01-01,35047,Bruz,Moteur à piston,Thermique non renouvelable,4.2
2023-01-01,35047,Bruz,Photovoltaïque,Solaire,13.377450000000001
2023-01-01,35051,Cesson-Sévigné,Photovoltaïque,Solaire,1.3275899999999998
2023-01-01,35055,Chantepie,Non renseigné,Solaire,0.09487000000000001
2023-01-01,35055,Chantepie,Photovoltaïque,Solaire,0.9362199999999999
2023-01-01,35058,La Chapelle-Chaussée,Photovoltaïque,Solaire,0.42999
2023-01-01,35059,La Chapelle-des-Fougeretz,Autre,Thermique non renouvelable,7.29
2023-01-01,35059,La Chapelle-des-Fougeretz,Photovoltaïque,Solaire,0.6168699999999999
2023-01-01,35065,La Chapelle-Thouarault,Photovoltaïque,Solaire,0.34349
2023-01-01,35066,Chartres-de-Bretagne,Photovoltaïque,Solaire,0.26149
2023-01-01,35076,Chavagne,Photovoltaïque,Solaire,1.37047
2023-01-01,35079,Chevaigné,Photovoltaïque,Solaire,0.31568999999999997
2023-01-01,35080,Cintré,Cogénération à combustion,Bioénergies,0.16
2023-01-01,35080,Cintré,Photovoltaïque,Solaire,0.16557
2023-01-01,35088,Corps-Nuds,Photovoltaïque,Solaire,1.01502
2023-01-01,35120,Gévezé,Non renseigné,Bioénergies,0.15
2023-01-01,35120,Gévezé,Photovoltaïque,Solaire,1.03503
2023-01-01,35131,L'Hermitage,Non renseigné,Thermique non renouvelable,7.424
2023-01-01,35131,L'Hermitage,Photovoltaïque,Solaire,0.47163
2023-01-01,35132,Hirel,Photovoltaïque,Solaire,0.14237
2023-01-01,35135,Irodouër,Photovoltaïque,Solaire,0.38038
2023-01-01,35136,Janzé,Non renseigné,Thermique non renouvelable,2.5
2023-01-01,35136,Janzé,Photovoltaïque,Solaire,1.04908
2023-01-01,35139,Laillé,Photovoltaïque,Solaire,1.24652
2023-01-01,35144,Langan,Photovoltaïque,Solaire,0.19526
2023-01-01,35150,Lécousse,Photovoltaïque,Solaire,0.8039400000000001
2023-01-01,35160,Loutehel,Photovoltaïque,Solaire,0.04967
2023-01-01,35170,Mecé,Photovoltaïque,Solaire,0.13749
2023-01-01,35180,Miniac-sous-Bécherel,Photovoltaïque,Solaire,0.30367
2023-01-01,35189,Montgermont,Photovoltaïque,Solaire,0.35314
2023-01-01,35190,Monthault,Photovoltaïque,Solaire,0.48519
2023-01-01,35196,Mordelles,Cogénération à vapeur,Thermique non renouvelable,2.0
2023-01-01,35196,Mordelles,Photovoltaïque,Solaire,0.97297
2023-01-01,35200,Moutiers,Photovoltaïque,Solaire,0.32282
2023-01-01,35204,Nouvoitou,Non renseigné,Thermique non renouvelable,4.401
2023-01-01,35204,Nouvoitou,Photovoltaïque,Solaire,0.5743400000000001
2023-01-01,35206,Noyal-Châtillon-sur-Seiche,Cogénération à combustion,Thermique non renouvelable,0.999
2023-01-01,35206,Noyal-Châtillon-sur-Seiche,Non renseigné,Thermique non renouvelable,14.0
2023-01-01,35206,Noyal-Châtillon-sur-Seiche,Photovoltaïque,Solaire,1.01753
2023-01-01,35208,Orgères,Photovoltaïque,Solaire,1.2473699999999999
2023-01-01,35210,Pacé,Photovoltaïque,Solaire,2.6988600000000003
2023-01-01,35216,Parthenay-de-Bretagne,Photovoltaïque,Solaire,0.25745
2023-01-01,35230,Poilley,Photovoltaïque,Solaire,0.49017
2023-01-01,35235,Rannée,Photovoltaïque,Solaire,1.16897
2023-01-01,35238,Rennes,Autre,Bioénergies,10.627
2023-01-01,35238,Rennes,Autre,Thermique non renouvelable,8.5
2023-01-01,35238,Rennes,Cogénération à vapeur,Bioénergies,9.5
2023-01-01,35238,Rennes,Cogénération à vapeur,Thermique non renouvelable,1.454
2023-01-01,35238,Rennes,Photovoltaïque,Solaire,3.3432399999999998
2023-01-01,35238,Rennes,Turbine à combustion,Thermique non renouvelable,4.95
2023-01-01,35240,Le Rheu,Photovoltaïque,Solaire,0.7230599999999999
2023-01-01,35245,Romillé,Photovoltaïque,Solaire,1.38886
2023-01-01,35250,Saint-Armel,Photovoltaïque,Solaire,0.32239
2023-01-01,35266,Saint-Erblon,Non renseigné,Thermique non renouvelable,4.266
2023-01-01,35266,Saint-Erblon,Photovoltaïque,Solaire,0.26195999999999997
2023-01-01,35275,Saint-Gilles,Photovoltaïque,Solaire,1.5948099999999998
2023-01-01,35278,Saint-Grégoire,Cogénération à combustion,Thermique non renouvelable,0.25
2023-01-01,35278,Saint-Grégoire,Photovoltaïque,Solaire,0.5696400000000001
2023-01-01,35281,Saint-Jacques-de-la-Lande,Photovoltaïque,Solaire,0.43689999999999996
2023-01-01,35310,Saint-Sauveur-des-Landes,Photovoltaïque,Solaire,0.5593899999999999
2023-01-01,35315,Saint-Sulpice-la-Forêt,Photovoltaïque,Solaire,0.13685
2023-01-01,35334,Thorigné-Fouillard,Photovoltaïque,Solaire,0.40119
2023-01-01,35351,Le Verger,Photovoltaïque,Solaire,0.12332
2023-01-01,35352,Vern-sur-Seiche,Photovoltaïque,Solaire,1.82493
2023-01-01,35353,Vezin-le-Coquet,Batterie,Stockage non hydraulique,1.572
2023-01-01,35353,Vezin-le-Coquet,Photovoltaïque,Solaire,0.33517
2023-01-01,35363,Pont-Péan,Photovoltaïque,Solaire,0.30232
2024-01-01,35001,Acigné,Photovoltaïque,Solaire,0.98088
2024-01-01,35024,Betton,Photovoltaïque,Solaire,0.89698
2024-01-01,35032,Bourgbarré,Photovoltaïque,Solaire,3.6586999999999996
2024-01-01,35039,Brécé,Photovoltaïque,Solaire,0.13982
2024-01-01,35047,Bruz,Batterie,Stockage non hydraulique,1.25
2024-01-01,35047,Bruz,Eclusée,Hydraulique,0.12064
2024-01-01,35047,Bruz,Moteur à piston,Thermique non renouvelable,4.2
2024-01-01,35047,Bruz,Photovoltaïque,Solaire,13.48745
2024-01-01,35051,Cesson-Sévigné,Cogénération à combustion,Thermique non renouvelable,0.999
2024-01-01,35051,Cesson-Sévigné,Photovoltaïque,Solaire,1.8255899999999998
2024-01-01,35055,Chantepie,Non renseigné,Solaire,0.09487000000000001
2024-01-01,35055,Chantepie,Photovoltaïque,Solaire,0.9362199999999999
2024-01-01,35058,La Chapelle-Chaussée,Photovoltaïque,Solaire,0.42999
2024-01-01,35059,La Chapelle-des-Fougeretz,Autre,Thermique non renouvelable,7.29
2024-01-01,35059,La Chapelle-des-Fougeretz,Photovoltaïque,Solaire,0.6168699999999999
2024-01-01,35065,La Chapelle-Thouarault,Photovoltaïque,Solaire,0.34349
2024-01-01,35066,Chartres-de-Bretagne,Photovoltaïque,Solaire,1.18549
2024-01-01,35076,Chavagne,Photovoltaïque,Solaire,1.37047
2024-01-01,35079,Chevaigné,Photovoltaïque,Solaire,0.6596900000000001
2024-01-01,35080,Cintré,Cogénération à combustion,Bioénergies,0.16
2024-01-01,35080,Cintré,Photovoltaïque,Solaire,0.16557
2024-01-01,35088,Corps-Nuds,Photovoltaïque,Solaire,1.32502
2024-01-01,35120,Gévezé,Non renseigné,Bioénergies,0.15
2024-01-01,35120,Gévezé,Photovoltaïque,Solaire,1.03503
2024-01-01,35131,L'Hermitage,Non renseigné,Thermique non renouvelable,7.424
2024-01-01,35131,L'Hermitage,Photovoltaïque,Solaire,0.47163
2024-01-01,35132,Hirel,Photovoltaïque,Solaire,0.14237
2024-01-01,35135,Irodouër,Photovoltaïque,Solaire,0.47938
2024-01-01,35136,Janzé,Non renseigné,Thermique non renouvelable,2.5
2024-01-01,35136,Janzé,Photovoltaïque,Solaire,1.04908
2024-01-01,35139,Laillé,Photovoltaïque,Solaire,1.24652
2024-01-01,35144,Langan,Photovoltaïque,Solaire,0.19526
2024-01-01,35150,Lécousse,Photovoltaïque,Solaire,0.8039400000000001
2024-01-01,35160,Loutehel,Photovoltaïque,Solaire,0.29467000000000004
2024-01-01,35170,Mecé,Photovoltaïque,Solaire,0.13749
2024-01-01,35180,Miniac-sous-Bécherel,Photovoltaïque,Solaire,0.30367
2024-01-01,35189,Montgermont,Photovoltaïque,Solaire,0.35314
2024-01-01,35190,Monthault,Photovoltaïque,Solaire,0.74419
2024-01-01,35196,Mordelles,Cogénération à vapeur,Thermique non renouvelable,2.0
2024-01-01,35196,Mordelles,Photovoltaïque,Solaire,1.2229700000000001
2024-01-01,35200,Moutiers,Photovoltaïque,Solaire,0.32282
2024-01-01,35204,Nouvoitou,Non renseigné,Thermique non renouvelable,4.401
2024-01-01,35204,Nouvoitou,Photovoltaïque,Solaire,0.5743400000000001
2024-01-01,35206,Noyal-Châtillon-sur-Seiche,Cogénération à combustion,Thermique non renouvelable,0.999
2024-01-01,35206,Noyal-Châtillon-sur-Seiche,Non renseigné,Thermique non renouvelable,14.0
2024-01-01,35206,Noyal-Châtillon-sur-Seiche,Photovoltaïque,Solaire,1.21753
2024-01-01,35208,Orgères,Photovoltaïque,Solaire,1.4673699999999998
2024-01-01,35210,Pacé,Photovoltaïque,Solaire,3.49386
2024-01-01,35216,Parthenay-de-Bretagne,Photovoltaïque,Solaire,0.38744999999999996
2024-01-01,35230,Poilley,Photovoltaïque,Solaire,0.49017
2024-01-01,35235,Rannée,Photovoltaïque,Solaire,1.16897
2024-01-01,35238,Rennes,Autre,Bioénergies,10.627
2024-01-01,35238,Rennes,Autre,Thermique non renouvelable,8.5
2024-01-01,35238,Rennes,Cogénération à vapeur,Bioénergies,9.5
2024-01-01,35238,Rennes,Cogénération à vapeur,Thermique non renouvelable,1.454
2024-01-01,35238,Rennes,Photovoltaïque,Solaire,4.363239999999999
2024-01-01,35238,Rennes,Turbine à combustion,Thermique non renouvelable,4.95
2024-01-01,35240,Le Rheu,Photovoltaïque,Solaire,0.80706
2024-01-01,35245,Romillé,Photovoltaïque,Solaire,1.4348599999999998
2024-01-01,35250,Saint-Armel,Photovoltaïque,Solaire,0.49839
2024-01-01,35266,Saint-Erblon,Non renseigné,Thermique non renouvelable,4.266
2024-01-01,35266,Saint-Erblon,Photovoltaïque,Solaire,0.26195999999999997
2024-01-01,35275,Saint-Gilles,Photovoltaïque,Solaire,1.97481
2024-01-01,35278,Saint-Grégoire,Cogénération à combustion,Thermique non renouvelable,0.25
2024-01-01,35278,Saint-Grégoire,Photovoltaïque,Solaire,1.1986400000000001
2024-01-01,35281,Saint-Jacques-de-la-Lande,Photovoltaïque,Solaire,0.6859
2024-01-01,35310,Saint-Sauveur-des-Landes,Photovoltaïque,Solaire,0.5593899999999999
2024-01-01,35315,Saint-Sulpice-la-Forêt,Photovoltaïque,Solaire,0.13685
2024-01-01,35334,Thorigné-Fouillard,Photovoltaïque,Solaire,0.40119
2024-01-01,35351,Le Verger,Photovoltaïque,Solaire,0.12332
2024-01-01,35352,Vern-sur-Seiche,Photovoltaïque,Solaire,1.8849299999999998
2024-01-01,35353,Vezin-le-Coquet,Batterie,Stockage non hydraulique,1.572
2024-01-01,35353,Vezin-le-Coquet,Photovoltaïque,Solaire,0.33517
2024-01-01,35363,Pont-Péan,Photovoltaïque,Solaire,0.30232
2025-01-01,35001,Acigné,Photovoltaïque,Solaire,1.09088
2025-01-01,35024,Betton,Photovoltaïque,Solaire,1.34998
2025-01-01,35032,Bourgbarré,Batterie,Stockage non hydraulique,1.239
2025-01-01,35032,Bourgbarré,Photovoltaïque,Solaire,3.9297
2025-01-01,35039,Brécé,Photovoltaïque,Solaire,0.25482
2025-01-01,35047,Bruz,Batterie,Stockage non hydraulique,2.489
2025-01-01,35047,Bruz,Eclusée,Hydraulique,0.12064
2025-01-01,35047,Bruz,Moteur à piston,Thermique non renouvelable,4.2
2025-01-01,35047,Bruz,Photovoltaïque,Solaire,13.813450000000001
2025-01-01,35051,Cesson-Sévigné,Cogénération à combustion,Thermique non renouvelable,0.999
2025-01-01,35051,Cesson-Sévigné,Photovoltaïque,Solaire,2.80159
2025-01-01,35055,Chantepie,Non renseigné,Solaire,0.09487000000000001
2025-01-01,35055,Chantepie,Photovoltaïque,Solaire,1.3862199999999998
2025-01-01,35058,La Chapelle-Chaussée,Photovoltaïque,Solaire,0.42999
2025-01-01,35059,La Chapelle-des-Fougeretz,Autre,Thermique non renouvelable,7.29
2025-01-01,35059,La Chapelle-des-Fougeretz,Photovoltaïque,Solaire,0.7158699999999999
2025-01-01,35065,La Chapelle-Thouarault,Photovoltaïque,Solaire,0.45349
2025-01-01,35066,Chartres-de-Bretagne,Photovoltaïque,Solaire,1.18549
2025-01-01,35076,Chavagne,Photovoltaïque,Solaire,1.37047
2025-01-01,35079,Chevaigné,Photovoltaïque,Solaire,0.6596900000000001
2025-01-01,35080,Cintré,Cogénération à combustion,Bioénergies,0.16
2025-01-01,35080,Cintré,Photovoltaïque,Solaire,0.23657
2025-01-01,35088,Corps-Nuds,Photovoltaïque,Solaire,1.57502
2025-01-01,35120,Gévezé,Non renseigné,Bioénergies,0.15
2025-01-01,35120,Gévezé,Photovoltaïque,Solaire,1.47503
2025-01-01,35131,L'Hermitage,Batterie,Stockage non hydraulique,2.489
2025-01-01,35131,L'Hermitage,Non renseigné,Thermique non renouvelable,7.424
2025-01-01,35131,L'Hermitage,Photovoltaïque,Solaire,0.97163
2025-01-01,35132,Hirel,Photovoltaïque,Solaire,0.14237
2025-01-01,35135,Irodouër,Photovoltaïque,Solaire,0.95938
2025-01-01,35136,Janzé,Non renseigné,Thermique non renouvelable,2.5
2025-01-01,35136,Janzé,Photovoltaïque,Solaire,5.28008
2025-01-01,35139,Laillé,Batterie,Stockage non hydraulique,1.239
2025-01-01,35139,Laillé,Photovoltaïque,Solaire,1.61552
2025-01-01,35144,Langan,Photovoltaïque,Solaire,0.19526
2025-01-01,35150,Lécousse,Photovoltaïque,Solaire,0.8839400000000001
2025-01-01,35160,Loutehel,Photovoltaïque,Solaire,0.29467000000000004
2025-01-01,35170,Mecé,Photovoltaïque,Solaire,0.13749
2025-01-01,35180,Miniac-sous-Bécherel,Photovoltaïque,Solaire,0.6836700000000001
2025-01-01,35189,Montgermont,Batterie,Stockage non hydraulique,1.158
2025-01-01,35189,Montgermont,Photovoltaïque,Solaire,0.45314
2025-01-01,35190,Monthault,Photovoltaïque,Solaire,0.74419
2025-01-01,35196,Mordelles,Batterie,Stockage non hydraulique,1.158
2025-01-01,35196,Mordelles,Cogénération à vapeur,Thermique non renouvelable,2.0
2025-01-01,35196,Mordelles,Photovoltaïque,Solaire,1.53897
2025-01-01,35200,Moutiers,Photovoltaïque,Solaire,0.32282
2025-01-01,35204,Nouvoitou,Non renseigné,Thermique non renouvelable,4.401
2025-01-01,35204,Nouvoitou,Photovoltaïque,Solaire,0.75024
2025-01-01,35206,Noyal-Châtillon-sur-Seiche,Cogénération à combustion,Thermique non renouvelable,0.999
2025-01-01,35206,Noyal-Châtillon-sur-Seiche,Non renseigné,Thermique non renouvelable,14.0
2025-01-01,35206,Noyal-Châtillon-sur-Seiche,Photovoltaïque,Solaire,2.5475299999999996
2025-01-01,35208,Orgères,Batterie,Stockage non hydraulique,1.239
2025-01-01,35208,Orgères,Photovoltaïque,Solaire,1.9513699999999998
2025-01-01,35210,Pacé,Batterie,Stockage non hydraulique,1.158
2025-01-01,35210,Pacé,Photovoltaïque,Solaire,4.570860000000001
2025-01-01,35216,Parthenay-de-Bretagne,Photovoltaïque,Solaire,0.38744999999999996
2025-01-01,35230,Poilley,Photovoltaïque,Solaire,0.49017
2025-01-01,35235,Rannée,Photovoltaïque,Solaire,1.46897
2025-01-01,35238,Rennes,Autre,Bioénergies,10.627
2025-01-01,35238,Rennes,Autre,Thermique non renouvelable,8.5
2025-01-01,35238,Rennes,Cogénération à vapeur,Bioénergies,9.5
2025-01-01,35238,Rennes,Cogénération à vapeur,Thermique non renouvelable,1.454
2025-01-01,35238,Rennes,Photovoltaïque,Solaire,5.22124
2025-01-01,35238,Rennes,Turbine à combustion,Thermique non renouvelable,4.95
2025-01-01,35240,Le Rheu,Batterie,Stockage non hydraulique,2.489
2025-01-01,35240,Le Rheu,Photovoltaïque,Solaire,0.9500599999999999
2025-01-01,35245,Romillé,Photovoltaïque,Solaire,1.53386
2025-01-01,35250,Saint-Armel,Photovoltaïque,Solaire,0.49839
2025-01-01,35266,Saint-Erblon,Non renseigné,Thermique non renouvelable,4.266
2025-01-01,35266,Saint-Erblon,Photovoltaïque,Solaire,0.26195999999999997
2025-01-01,35275,Saint-Gilles,Batterie,Stockage non hydraulique,1.239
2025-01-01,35275,Saint-Gilles,Photovoltaïque,Solaire,1.97481
2025-01-01,35278,Saint-Grégoire,Cogénération à combustion,Thermique non renouvelable,0.25
2025-01-01,35278,Saint-Grégoire,Photovoltaïque,Solaire,1.3416400000000002
2025-01-01,35281,Saint-Jacques-de-la-Lande,Photovoltaïque,Solaire,0.6859
2025-01-01,35310,Saint-Sauveur-des-Landes,Photovoltaïque,Solaire,0.96939
2025-01-01,35315,Saint-Sulpice-la-Forêt,Photovoltaïque,Solaire,0.13685
2025-01-01,35334,Thorigné-Fouillard,Photovoltaïque,Solaire,0.60119
2025-01-01,35351,Le Verger,Photovoltaïque,Solaire,0.28832
2025-01-01,35352,Vern-sur-Seiche,Photovoltaïque,Solaire,2.1349299999999998
2025-01-01,35353,Vezin-le-Coquet,Batterie,Stockage non hydraulique,1.572
2025-01-01,35353,Vezin-le-Coquet,Photovoltaïque,Solaire,0.33517
2025-01-01,35363,Pont-Péan,Photovoltaïque,Solaire,0.41232
