CI,Département,Commune,Art,Aire géographique,IDA
30258,GARD,Saint-Gilles,,Costières de Nîmes,1251
30258,GARD,Saint-Gilles,,Huile d'olive de Nîmes,1610
30258,GARD,Saint-Gilles,,Olive de Nîmes,1644
30258,GARD,Saint-Gilles,,Sable de Camargue,2507
30258,GARD,Saint-Gilles,,Taureau de Camargue,1504
35001,ILLE-ET-VILAINE,Acigné,,Eau-de-vie de cidre de Bretagne,1449
35001,ILLE-ET-VILAINE,Acigné,,Pommeau de Bretagne,2367
35001,ILLE-ET-VILAINE,Acigné,,Whisky breton ou Whisky de Bretagne,2379
35022,ILLE-ET-VILAINE,Bécherel,,Prés-salés du Mont-Saint-Michel,1674
35022,ILLE-ET-VILAINE,Bécherel,,Whisky breton ou Whisky de Bretagne,2379
35024,ILLE-ET-VILAINE,Betton,,Prés-salés du Mont-Saint-Michel,1674
35024,ILLE-ET-VILAINE,Betton,,Whisky breton ou Whisky de Bretagne,2379
35032,ILLE-ET-VILAINE,Bourgbarré,,Eau-de-vie de cidre de Bretagne,1449
35032,ILLE-ET-VILAINE,Bourgbarré,,Pommeau de Bretagne,2367
35032,ILLE-ET-VILAINE,Bourgbarré,,Whisky breton ou Whisky de Bretagne,2379
35039,ILLE-ET-VILAINE,Brécé,,Eau-de-vie de cidre de Bretagne,1449
35039,ILLE-ET-VILAINE,Brécé,,Pommeau de Bretagne,2367
35039,ILLE-ET-VILAINE,Brécé,,Whisky breton ou Whisky de Bretagne,2379
35047,ILLE-ET-VILAINE,Bruz,,Whisky breton ou Whisky de Bretagne,2379
35051,ILLE-ET-VILAINE,Cesson-Sévigné,,Eau-de-vie de cidre de Bretagne,1449
35051,ILLE-ET-VILAINE,Cesson-Sévigné,,Pommeau de Bretagne,2367
35051,ILLE-ET-VILAINE,Cesson-Sévigné,,Whisky breton ou Whisky de Bretagne,2379
35055,ILLE-ET-VILAINE,Chantepie,,Eau-de-vie de cidre de Bretagne,1449
35055,ILLE-ET-VILAINE,Chantepie,,Pommeau de Bretagne,2367
35055,ILLE-ET-VILAINE,Chantepie,,Prés-salés du Mont-Saint-Michel,1674
35055,ILLE-ET-VILAINE,Chantepie,,Whisky breton ou Whisky de Bretagne,2379
35066,ILLE-ET-VILAINE,Chartres-de-Bretagne,,Whisky breton ou Whisky de Bretagne,2379
35076,ILLE-ET-VILAINE,Chavagne,,Whisky breton ou Whisky de Bretagne,2379
35079,ILLE-ET-VILAINE,Chevaigné,,Prés-salés du Mont-Saint-Michel,1674
35079,ILLE-ET-VILAINE,Chevaigné,,Whisky breton ou Whisky de Bretagne,2379
35080,ILLE-ET-VILAINE,Cintré,,Whisky breton ou Whisky de Bretagne,2379
35081,ILLE-ET-VILAINE,Clayes,,Whisky breton ou Whisky de Bretagne,2379
35088,ILLE-ET-VILAINE,Corps-Nuds,,Eau-de-vie de cidre de Bretagne,1449
35088,ILLE-ET-VILAINE,Corps-Nuds,,Pommeau de Bretagne,2367
35088,ILLE-ET-VILAINE,Corps-Nuds,,Whisky breton ou Whisky de Bretagne,2379
35120,ILLE-ET-VILAINE,Gévezé,,Prés-salés du Mont-Saint-Michel,1674
35120,ILLE-ET-VILAINE,Gévezé,,Whisky breton ou Whisky de Bretagne,2379
35139,ILLE-ET-VILAINE,Laillé,,Eau-de-vie de cidre de Bretagne,1449
35139,ILLE-ET-VILAINE,Laillé,,Pommeau de Bretagne,2367
35139,ILLE-ET-VILAINE,Laillé,,Whisky breton ou Whisky de Bretagne,2379
35144,ILLE-ET-VILAINE,Langan,,Prés-salés du Mont-Saint-Michel,1674
35144,ILLE-ET-VILAINE,Langan,,Whisky breton ou Whisky de Bretagne,2379
35180,ILLE-ET-VILAINE,Miniac-sous-Bécherel,,Prés-salés du Mont-Saint-Michel,1674
35180,ILLE-ET-VILAINE,Miniac-sous-Bécherel,,Whisky breton ou Whisky de Bretagne,2379
35189,ILLE-ET-VILAINE,Montgermont,,Prés-salés du Mont-Saint-Michel,1674
35189,ILLE-ET-VILAINE,Montgermont,,Whisky breton ou Whisky de Bretagne,2379
35196,ILLE-ET-VILAINE,Mordelles,,Whisky breton ou Whisky de Bretagne,2379
35204,ILLE-ET-VILAINE,Nouvoitou,,Eau-de-vie de cidre de Bretagne,1449
35204,ILLE-ET-VILAINE,Nouvoitou,,Pommeau de Bretagne,2367
35204,ILLE-ET-VILAINE,Nouvoitou,,Whisky breton ou Whisky de Bretagne,2379
35206,ILLE-ET-VILAINE,Noyal-Châtillon-sur-Seiche,,Whisky breton ou Whisky de Bretagne,2379
35208,ILLE-ET-VILAINE,Orgères,,Eau-de-vie de cidre de Bretagne,1449
35208,ILLE-ET-VILAINE,Orgères,,Pommeau de Bretagne,2367
35208,ILLE-ET-VILAINE,Orgères,,Whisky breton ou Whisky de Bretagne,2379
35210,ILLE-ET-VILAINE,Pacé,,Prés-salés du Mont-Saint-Michel,1674
35210,ILLE-ET-VILAINE,Pacé,,Whisky breton ou Whisky de Bretagne,2379
35216,ILLE-ET-VILAINE,Parthenay-de-Bretagne,,Prés-salés du Mont-Saint-Michel,1674
35216,ILLE-ET-VILAINE,Parthenay-de-Bretagne,,Whisky breton ou Whisky de Bretagne,2379
35363,ILLE-ET-VILAINE,Pont-Péan,,Eau-de-vie de cidre de Bretagne,1449
35363,ILLE-ET-VILAINE,Pont-Péan,,Pommeau de Bretagne,2367
35363,ILLE-ET-VILAINE,Pont-Péan,,Whisky breton ou Whisky de Bretagne,2379
35238,ILLE-ET-VILAINE,Rennes,,Prés-salés du Mont-Saint-Michel,1674
35238,ILLE-ET-VILAINE,Rennes,,Whisky breton ou Whisky de Bretagne,2379
35245,ILLE-ET-VILAINE,Romillé,,Prés-salés du Mont-Saint-Michel,1674
35245,ILLE-ET-VILAINE,Romillé,,Whisky breton ou Whisky de Bretagne,2379
35250,ILLE-ET-VILAINE,Saint-Armel,,Eau-de-vie de cidre de Bretagne,1449
35250,ILLE-ET-VILAINE,Saint-Armel,,Pommeau de Bretagne,2367
35250,ILLE-ET-VILAINE,Saint-Armel,,Whisky breton ou Whisky de Bretagne,2379
35266,ILLE-ET-VILAINE,Saint-Erblon,,Eau-de-vie de cidre de Bretagne,1449
35266,ILLE-ET-VILAINE,Saint-Erblon,,Pommeau de Bretagne,2367
35266,ILLE-ET-VILAINE,Saint-Erblon,,Whisky breton ou Whisky de Bretagne,2379
35275,ILLE-ET-VILAINE,Saint-Gilles,,Whisky breton ou Whisky de Bretagne,2379
35278,ILLE-ET-VILAINE,Saint-Grégoire,,Prés-salés du Mont-Saint-Michel,1674
35278,ILLE-ET-VILAINE,Saint-Grégoire,,Whisky breton ou Whisky de Bretagne,2379
35281,ILLE-ET-VILAINE,Saint-Jacques-de-la-Lande,,Prés-salés du Mont-Saint-Michel,1674
35281,ILLE-ET-VILAINE,Saint-Jacques-de-la-Lande,,Whisky breton ou Whisky de Bretagne,2379
35315,ILLE-ET-VILAINE,Saint-Sulpice-la-Forêt,,Prés-salés du Mont-Saint-Michel,1674
35315,ILLE-ET-VILAINE,Saint-Sulpice-la-Forêt,,Whisky breton ou Whisky de Bretagne,2379
35334,ILLE-ET-VILAINE,Thorigné-Fouillard,,Eau-de-vie de cidre de Bretagne,1449
35334,ILLE-ET-VILAINE,Thorigné-Fouillard,,Pommeau de Bretagne,2367
35334,ILLE-ET-VILAINE,Thorigné-Fouillard,,Prés-salés du Mont-Saint-Michel,1674
35334,ILLE-ET-VILAINE,Thorigné-Fouillard,,Whisky breton ou Whisky de Bretagne,2379
35352,ILLE-ET-VILAINE,Vern-sur-Seiche,,Eau-de-vie de cidre de Bretagne,1449
35352,ILLE-ET-VILAINE,Vern-sur-Seiche,,Pommeau de Bretagne,2367
35352,ILLE-ET-VILAINE,Vern-sur-Seiche,,Prés-salés du Mont-Saint-Michel,1674
35352,ILLE-ET-VILAINE,Vern-sur-Seiche,,Whisky breton ou Whisky de Bretagne,2379
35353,ILLE-ET-VILAINE,Vezin-le-Coquet,,Prés-salés du Mont-Saint-Michel,1674
35353,ILLE-ET-VILAINE,Vezin-le-Coquet,,Whisky breton ou Whisky de Bretagne,2379
50483,MANCHE,Saint-Gilles,,Calvados,2375
50483,MANCHE,Saint-Gilles,,Camembert de Normandie,1462
50483,MANCHE,Saint-Gilles,,Cidre Cotentin ou Cotentin,1854
50483,MANCHE,Saint-Gilles,,Pommeau de Normandie,2378
50483,MANCHE,Saint-Gilles,,Pont-l'Évêque,1951
50483,MANCHE,Saint-Gilles,,Prés-salés du Mont-Saint-Michel,1674
51484,MARNE,Saint-Gilles,,Champagne,54
51484,MARNE,Saint-Gilles,,Coteaux champenois,1963
53214,MAYENNE,Saint-Erblon,,Maine-Anjou,1609
56205,MORBIHAN,Saint-Armel,,Whisky breton ou Whisky de Bretagne,2379
61317,ORNE,Orgères,,Calvados,2375
61317,ORNE,Orgères,,Calvados Pays d'Auge,2374
61317,ORNE,Orgères,,Camembert de Normandie,1462
61317,ORNE,Orgères,,Livarot,1472
61317,ORNE,Orgères,,Pays d'Auge,1361
61317,ORNE,Orgères,,Pommeau de Normandie,2378
61317,ORNE,Orgères,,Pont-l'Évêque,1951
61321,ORNE,Pacé,,Calvados,2375
61321,ORNE,Pacé,,Camembert de Normandie,1462
61321,ORNE,Pacé,,Pommeau de Normandie,2378
71425,SAONE-ET-LOIRE,Saint-Gilles,,Bourgogne,2184
71425,SAONE-ET-LOIRE,Saint-Gilles,,Bourgogne aligoté,2183
71425,SAONE-ET-LOIRE,Saint-Gilles,,Bourgogne Côte Chalonnaise,340
71425,SAONE-ET-LOIRE,Saint-Gilles,,Bourgogne mousseux,1879
71425,SAONE-ET-LOIRE,Saint-Gilles,,Bourgogne Passe-tout-grains,1876
71425,SAONE-ET-LOIRE,Saint-Gilles,,Coteaux Bourguignons,2186
71425,SAONE-ET-LOIRE,Saint-Gilles,,Crémant de Bourgogne,2399
71425,SAONE-ET-LOIRE,Saint-Gilles,,Fine de Bourgogne,1947
71425,SAONE-ET-LOIRE,Saint-Gilles,,Marc de Bourgogne,1946
81253,TARN,Saint-Grégoire,,Gaillac,1627
81253,TARN,Saint-Grégoire,,Roquefort,1483
