iris,bureau,poids_dans_iris,poids_dans_bureau
350010102,350010005,0.28858110140916,1
350010102,350010006,0.24975941520976,1
350010102,350010003,0.21139054341228,0.70771262300595
350010102,350010002,0.0051270465834045,0.017489565441879
350010102,350010001,0.0012788269927019,0.0046207003964595
350010102,350010004,0.24386306639269,1
350010101,350010001,0.42329143160014,0.99537929960354
350010101,350010002,0.44256014855348,0.98251043455812
350010101,350010003,0.13414841984639,0.29228737699405
350220000,350220001,1,1
350240104,350240005,0.42282840486847,0.8736405295476
350240104,350240004,0.4153055723042,0.83543440936395
350240104,350240002,0.0030678840376654,0.0053908182586907
350240104,350240003,0.15879813878967,0.24281542895745
350240103,350240005,0.054362242117437,0.1219922889739
350240103,350240004,0.075323073245584,0.16456559063605
350240103,350240002,0.41466172497844,0.7913636575044
350240103,350240006,0.000047329926287441,0.00010267014833574
350240103,350240003,0.45560562973225,0.75663487340576
350240101,350240001,0.22268414378475,0.85290051300704
350240101,350240005,0.00089998727031492,0.0039806516076092
350240101,350240006,0.012293380351769,0.052560860043255
350240101,350240007,0.10924613990852,0.46333953435009
350240101,350240009,0.28038116818327,0.96605370273508
350240101,350240002,0.028129654382386,0.10581063747377
350240101,350240008,0.34619759011506,0.99164330801187
350240101,350240003,0.00016793600392294,0.00054969763678818
350240102,350240005,0.00020549403509845,0.00038652987089691
350240102,350240006,0.52101121698544,0.94733646980841
350240102,350240002,0.060909286332793,0.097434886763142
350240102,350240007,0.2975365388814,0.53666046564991
350240102,350240001,0.09031004061295,0.14709948699296
350240102,350240009,0.023167221037769,0.033946297264922
350240102,350240008,0.0068602021145513,0.0083566919881304
350320000,350320004,0.26827891376039,1
350320000,350320003,0.26673976800011,1
350320000,350320002,0.20872514464252,1
350320000,350320001,0.25625617359698,1
350390000,350390002,0.56564915950025,1
350390000,350390001,0.43435084049975,1
350470103,350470011,0.156934321166,0.33246008810941
350470103,350470010,0.20671190050116,0.4112597198903
350470103,350470002,0.40978459922516,0.99316645645172
350470103,350470009,0.044111674819314,0.066018834988173
350470103,350470012,0.0065131119259605,0.0093179468818547
350470103,350470006,0.15000984490019,0.19914434805052
350470103,350470001,0.0064792117755353,0.012630225194321
350470103,350470003,0.019455335686678,0.040471067718102
350470102,350470011,0.0080787764690587,0.021541071069452
350470102,350470010,0.1917035595123,0.48004393999074
350470102,350470009,0.49581860004353,0.93397928282184
350470102,350470002,0.000029797774118233,0.000090897168221833
350470102,350470001,0.30426749411806,0.74652541180231
350470102,350470004,0.0000056030264842431,0.000010734021571683
350470102,350470007,0.000096169056453793,0.00019112990359004
350470104,350470011,0.080826744112944,0.64164492927526
350470104,350470012,0.18479257081198,0.99068205311815
350470104,350470014,0.20235024432986,0.99277905030027
350470104,350470006,0.16087636920625,0.80031061740138
350470104,350470013,0.18208598561534,0.99800099745989
350470104,350470003,0.012466608913697,0.097178987175362
350470104,350470015,0.001458883455518,0.009434680795751
350470104,350470016,0.17514259355441,0.73605849465384
350470106,350470010,0.05450882181731,0.10869634011896
350470106,350470008,0.52523991258729,0.99935812564175
350470106,350470009,0.0000012547341540085,0.0000018821899901998
350470106,350470001,0.023340057904956,0.045602460799356
350470106,350470007,0.39320264327104,0.62231035263723
350470106,350470005,0.0037073096852512,0.0060243789679349
350470101,350470003,0.16678096294177,0.6794335850206
350470101,350470006,0.00020964340681826,0.00054503454809904
350470101,350470002,0.0014205920269173,0.0067426463800628
350470101,350470001,0.051143389992444,0.19524190220401
350470101,350470004,0.33547570095231,0.99998926597843
350470101,350470005,0.31305824447541,0.99397562103207
350470101,350470007,0.12207521107993,0.37749851745918
350470101,350470008,0.0001726590829273,0.00064187435825449
350470101,350470013,0.00069788263330287,0.0019990025401084
350470101,350470016,0.0089657134081666,0.019691640830243
350470105,350470014,0.0062159779562381,0.007220949699733
350470105,350470015,0.64690502341721,0.99056531920425
350470105,350470016,0.2454583416558,0.24424986451591
350470105,350470003,0.099104308277804,0.18291636008593
350470105,350470011,0.0023163486929428,0.0043539115458765
350510105,350510015,0.87618226256424,0.83314219285686
350510105,350510012,0.11986879378555,0.10865233915026
350510105,350510014,0.0039489436502118,0.0030503117075279
350510104,350510012,0.65722101188368,0.071375306026835
350510104,350510014,0.1575639234778,0.014582220795369
350510104,350510008,0.000035749054377425,0.0000047842666406588
350510104,350510017,0.013158727969691,0.0012091865989192
350510104,350510016,0.17202058761445,0.021865898012431
350510101,350510014,0.29143653246789,0.9823674674971
350510101,350510015,0.0032491945841405,0.013482396291726
350510101,350510012,0.20730012756373,0.8199723548229
350510101,350510017,0.0024265961736024,0.0081215705733321
350510101,350510009,0.0086981936769679,0.050028284961389
350510101,350510007,0.015869909566917,0.03914820964119
350510101,350510002,0.19680221848764,0.72137656314934
350510101,350510001,0.10614349923624,0.44740301631287
350510101,350510005,0.067152341855464,0.26796467649948
350510101,350510004,0.10068775116324,0.46937568360715
350510101,350510006,0.00015063039567736,0.00089772107286332
350510101,350510011,0.000083004828494765,0.00041423732024718
350510201,350510015,0.3783721017681,0.15106920125887
350510201,350510009,0.61319019989346,0.33934949289898
350510201,350510003,0.0084376983384406,0.0032731062150417
350510103,350510017,0.040842411155322,0.09457402427488
350510103,350510016,0.30537285502704,0.97813410198757
350510103,350510007,0.44122170025884,0.75303003651818
350510103,350510008,0.21069980204077,0.71055225989408
350510103,350510010,0.000015429385687307,0.000045028746939244
350510103,350510013,0.0018478021323392,0.0058063304286587
350510102,350510017,0.28760309915673,0.89609521855287
350510102,350510009,0.099637945615943,0.53349381654772
350510102,350510007,0.090497267860616,0.20782175384063
350510102,350510002,0.081488969357024,0.27806667765568
350510102,350510008,0.063786824928944,0.28944295583928
350510102,350510001,0.13153065621268,0.51611986846721
350510102,350510010,0.24236698512871,0.95173225677099
350510102,350510006,0.0025122217794331,0.013938141320765
350510102,350510013,0.00057602995992048,0.0024355186379485
350510204,350510002,0.00027296290033543,0.00055675919497516
350510204,350510009,0.02409883658767,0.077128405591908
350510204,350510003,0.44429742355451,0.99672689378496
350510204,350510005,0.3242215074656,0.71992945404504
350510204,350510004,0.20455564396662,0.53062431639285
350510204,350510011,0.0025536255252636,0.0070914462151284
350510203,350510001,0.023677245841001,0.036477115219916
350510203,350510006,0.43777355333817,0.95359094655842
350510203,350510011,0.52294067303589,0.95385439098162
350510203,350510005,0.0083003385381397,0.01210586945548
350510203,350510010,0.0072936802978451,0.011244852468689
350510203,350510013,0.000014508948958615,0.000024085077527234
350510202,350510010,0.036417272046592,0.036977862013383
350510202,350510006,0.022007896331005,0.03157319104795
350510202,350510013,0.90710129612211,0.99173406585587
350510202,350510011,0.032164682604195,0.038639925483006
350510202,350510015,0.0023088528960985,0.0023062095925406
350550102,350550004,0.056913901181364,0.32618317236929
350550102,350550008,0.31887896514213,0.99970060095985
350550102,350550007,0.22729728474937,0.97681768129002
350550102,350550006,0.035102395803294,0.16147517209708
350550102,350550009,0.26495071458381,1
350550102,350550005,0.029047045555906,0.13382403342946
350550102,350550003,0.067451753199765,0.27778262363743
350550102,350550002,0.00035793978435673,0.0020998481922743
350550103,350550006,0.45688139236006,0.83852482790292
350550103,350550004,0.0067881905941204,0.015521749944913
350550103,350550005,0.45524925072887,0.8368061193303
350550103,350550007,0.013520543493123,0.023182318709983
350550103,350550003,0.019285484294674,0.031687344156329
350550103,350550001,0.048275138529156,0.070973493848934
350550101,350550003,0.23575633370048,0.69053003220624
350550101,350550001,0.35447983743874,0.92902650615107
350550101,350550005,0.0089631810513318,0.029369847240238
350550101,350550004,0.16149907595024,0.65829507768579
350550101,350550008,0.00013427617248255,0.00029939904015341
350550101,350550002,0.23916729568672,0.99790015180773
350580000,350580001,1,1
350590000,350590004,0.23067550193029,1
350590000,350590001,0.24768532665883,1
350590000,350590003,0.22780348393978,1
350590000,350590002,0.2938356874711,1
350650000,350650001,0.54158690791508,1
350650000,350650002,0.45841309208492,1
350660104,350660008,0.68307248025465,0.68460380008283
350660104,350660009,0.085359990357997,0.11046847095703
350660104,350660007,0.035673074624958,0.042655364310692
350660104,350660005,0.012855083337508,0.011338995666588
350660104,350660006,0.012404851181269,0.012299668435811
350660104,350660003,0.036302287145333,0.036449338619354
350660104,350660004,0.066793453297069,0.091197215492438
350660104,350660002,0.067538779801215,0.077704450941935
350660102,350660007,0.20264661422831,0.95734463568931
350660102,350660008,0.065168745997088,0.25805229380699
350660102,350660001,0.19447134950908,0.86649188418514
350660102,350660005,0.27094264745807,0.94421937095303
350660102,350660006,0.011810311508297,0.046265689765532
350660102,350660002,0.19480438428819,0.88549732950067
350660102,350660003,0.060155947010969,0.23863276628287
350660101,350660009,0.21806097452871,0.88953152904297
350660101,350660008,0.018151618024606,0.05734390611018
350660101,350660004,0.21116530123622,0.90880278450756
350660101,350660005,0.015984200093103,0.04444163338038
350660101,350660006,0.30122354630561,0.94143464179866
350660101,350660003,0.22905181847374,0.72491789509777
350660101,350660002,0.0063625413380165,0.023073990789876
350660103,350660001,0.90846085666691,0.13350811581486
350660103,350660002,0.091539143333086,0.013724228767523
350760000,350760004,0.25215778372202,1
350760000,350760001,0.19625772006707,1
350760000,350760003,0.25572091431609,1
350760000,350760002,0.29586358189483,1
350790000,350790001,0.60710369359094,1
350790000,350790002,0.39289630640906,1
350800000,350800002,0.52296764076354,1
350800000,350800001,0.47703235923646,1
350810000,350810001,1,1
350880000,350880002,0.31023824361772,1
350880000,350880001,0.2650392503702,1
350880000,350880003,0.42472250601208,1
351200000,351200001,0.23006809985143,1
351200000,351200002,0.19272020491952,1
351200000,351200005,0.13086032592796,1
351200000,351200004,0.21388299959513,1
351200000,351200003,0.23246836970595,1
351310000,351310001,0.40715586302871,1
351310000,351310003,0.32364860746141,1
351310000,351310002,0.26919552950988,1
351390000,351390002,0.18697991849176,1
351390000,351390001,0.19976909095163,1
351390000,351390003,0.2040563606524,1
351390000,351390004,0.22021571160437,1
351390000,351390005,0.18897891829984,1
351440000,351440001,1,1
351800000,351800001,1,1
351890000,351890002,0.33414545558585,1
351890000,351890001,0.33749747239947,1
351890000,351890003,0.32835707201468,1
351960103,351960003,0.38046074075311,0.67970094778342
351960103,351960001,0.44029795362955,0.91420864147647
351960103,351960004,0.11459501510135,0.19466288293405
351960103,351960002,0.062524838568315,0.11587397897403
351960103,351960005,0.002121451947677,0.0031940401641724
351960101,351960004,0.27425469051387,0.76432984519151
351960101,351960003,0.041727040486374,0.12230238857619
351960101,351960005,0.32794702428117,0.81006561449301
351960101,351960006,0.35086136133048,0.90793188983246
351960101,351960002,0.0052098833881089,0.015840565195549
351960102,351960004,0.029182819779946,0.041007271874444
351960102,351960003,0.13397804804422,0.19799666364039
351960102,351960001,0.049949217643787,0.085791358523534
351960102,351960002,0.5663866203234,0.86828545583042
351960102,351960006,0.070564234105211,0.092068110167544
351960102,351960005,0.14993906010344,0.18674034534282
352040000,352040002,0.33741902448254,1
352040000,352040001,0.31067549488393,1
352040000,352040003,0.35190548063353,1
352060102,352060004,0.23392824666657,0.94674466665558
352060102,352060002,0.0034279827922988,0.011423720606575
352060102,352060003,0.32547173863423,0.99999912326766
352060102,352060001,0.18059484979387,0.50072334462113
352060102,352060006,0.17642648041907,0.62382197188791
352060102,352060005,0.080150701693964,0.28042162062586
352060101,352060004,0.016408574936833,0.05325533334442
352060101,352060002,0.36991266825245,0.98857627939342
352060101,352060001,0.22454673294272,0.49927665537887
352060101,352060003,0.00000035582679625058,0.00000087673234041209
352060101,352060006,0.13266442764355,0.37617802811209
352060101,352060005,0.25646724039765,0.71957837937414
352080000,352080003,0.18599144372441,1
352080000,352080004,0.19249507206394,1
352080000,352080005,0.18163912512411,1
352080000,352080002,0.20280163349606,1
352080000,352080001,0.23707272559147,1
352100105,352100002,0.57595938288488,0.85018940655398
352100105,352100005,0.017226040565546,0.021721457046519
352100105,352100001,0.030191083432047,0.038460976059575
352100105,352100003,0.37662349311753,0.58226716845972
352100101,352100001,0.23764436391524,0.9525896819399
352100101,352100002,0.0089726908912973,0.041675737053702
352100101,352100006,0.28024351490228,0.93593081851067
352100101,352100008,0.19662216275498,0.9211419436552
352100101,352100003,0.0018172478104963,0.0088402755289463
352100101,352100004,0.0040243860696709,0.017762267679484
352100101,352100007,0.27067563365604,0.90633068700572
352100102,352100003,0.20447532580042,0.33609253683701
352100102,352100002,0.000082930232149367,0.00013014868274495
352100102,352100001,0.0042828860234627,0.0058007104076577
352100102,352100004,0.60177065880433,0.89742072579529
352100102,352100006,0.056777293440468,0.064069181489335
352100102,352100007,0.082792977060065,0.093669312994278
352100102,352100008,0.049817928639104,0.078858056344795
352100103,352100002,0.076294793328701,0.10800470770957
352100103,352100005,0.8089749734736,0.97827854295348
352100103,352100003,0.049101260875293,0.072800019174325
352100103,352100001,0.0025772484799881,0.003148631592872
352100103,352100004,0.063051723842416,0.084817006525227
352160000,352160001,1,1
352381108,352380344,0.8170313644907,0.89718223719253
352381108,352380341,0.13088668864695,0.12691580590981
352381108,352380342,0.0043344042225492,0.0052354465671497
352381108,352380343,0.047747542639801,0.037633473707688
352381103,352380333,0.82744816391135,0.93710831887638
352381103,352380344,0.014040964578115,0.020511526055199
352381103,352380334,0.081264359392376,0.060109028622308
352381103,352380332,0.076982133161956,0.076534484538437
352381103,352380323,0.00026437895620732,0.00031553986888318
352381204,352380531,0.42155910134947,0.60147450110485
352381204,352380532,0.57844089865053,0.70576488719072
352381203,352380344,0.030354228216913,0.043731005029978
352381203,352380531,0.078564000878188,0.13027976536475
352381203,352380342,0.015168429683155,0.024037719825125
352381203,352380521,0.65657177228078,0.6976469253846
352381203,352380526,0.21278211956678,0.22672021908316
352381203,352380522,0.0034472833935021,0.0040469577968954
352381203,352380525,0.0031121659806874,0.0039703302560161
352381105,352380334,0.40230690399114,0.17314490149743
352381105,352380332,0.59769309600886,0.3457467354931
352380705,352380333,0.0047204031133062,0.0078827715948954
352380705,352380323,0.56238766069564,0.98972376520364
352380705,352380322,0.064413752439698,0.1120042290221
352380705,352380324,0.36847818375136,0.62774413231301
352381205,352380531,0.15574047993523,0.26824573353039
352381205,352380521,0.20657091331475,0.22798201378861
352381205,352380324,0.011963846882128,0.014159178037172
352381205,352380532,0.19787170531223,0.29144547461032
352381205,352380522,0.39459606120404,0.48115208564244
352381205,352380526,0.010445228050657,0.011559817743136
352381205,352380523,0.022811765300961,0.036136348572277
352381109,352380342,0.29281544684345,0.38904309594209
352381109,352380344,0.01418985689176,0.017139547897927
352381109,352380341,0.57263762859152,0.61077256723277
352381109,352380521,0.043863069993709,0.039075413744779
352381109,352380526,0.041600878163319,0.037162823552991
352381109,352380352,0.03489311951625,0.037182022782236
352381107,352380341,0.30143623869968,0.25435938688649
352381107,352380344,0.012195148434067,0.01165362676563
352381107,352380343,0.62605154457729,0.42940337079382
352381107,352380342,0.060317068288956,0.063401074948199
352381104,352380334,0.87375529435956,0.65953999221154
352381104,352380343,0.050053356145396,0.053558363323208
352381104,352380344,0.0065617161795915,0.0097820570587363
352381104,352380111,0.012094856089781,0.012416189289948
352381104,352380331,0.052810387682889,0.053763185986267
352381104,352380332,0.0041882125667362,0.0042492047366192
352381104,352380352,0.00053617697604235,0.00070516829755949
352381102,352380323,0.0068235516874316,0.0099606949274749
352381102,352380333,0.039712958598997,0.055008909528723
352381102,352380331,0.41509338049624,0.50646743268125
352381102,352380332,0.47161907840249,0.57346957523184
352381102,352380334,0.0014419808007513,0.0013045203782556
352381102,352380324,0.014376473226589,0.020315343960116
352381102,352380313,0.050932576787502,0.064591230216119
352381106,352380341,0.0068883349213475,0.007952239970933
352381106,352380342,0.16260659506711,0.23383928118784
352381106,352380343,0.51088611373341,0.47940479217528
352381106,352380352,0.31758746241851,0.36629597450206
352381106,352380334,0.000081397719331161,0.000053882498995043
352381106,352380453,0.0019500961403028,0.0023152741610258
352381101,352380331,0.6744811854431,0.43845324805305
352381101,352380334,0.21960498625359,0.10584767479147
352381101,352380352,0.027328527724691,0.022950315735171
352381101,352380111,0.0065702453012714,0.0043068229120338
352381101,352380313,0.072015055277347,0.04865740480392
352381202,352380521,0.033485931365764,0.035295647082007
352381202,352380526,0.64050202858773,0.67698792075143
352381202,352380525,0.32550160641361,0.41192894233523
352381202,352380342,0.000032322332309331,0.000050811337339998
352381202,352380351,0.00047811130058453,0.00068227427538776
352380803,352380352,0.32889729560189,0.56307039044629
352380803,352380342,0.13323101721428,0.28439257019225
352380803,352380525,0.0042248332022259,0.0072599512748734
352380803,352380526,0.0041938183380216,0.0060190089965695
352380803,352380351,0.50709416183068,0.98259277517149
352380803,352380453,0.0043850405982731,0.0077277597516537
352380803,352380442,0.016099789454363,0.023489772571574
352380803,352380454,0.0016121543714777,0.0029928938536438
352380803,352380455,0.00026188938879212,0.00048055731852093
352380706,352380324,0.14529571862934,0.28334073588304
352380706,352380322,0.16734538330634,0.33308484633858
352380706,352380312,0.40959553129288,0.98942773241756
352380706,352380313,0.00016053510357045,0.00028095211159082
352380706,352380252,0.0011567466970031,0.0025505479819432
352380706,352380311,0.2540520710058,0.54145555187051
352380706,352380314,0.0000022465293435049,0.0000046262464035013
352380706,352380321,0.010097746525262,0.023874863413502
352380706,352380251,0.0079770284203619,0.022331514783346
352380706,352380254,0.0043169924900912,0.010432448597454
352380704,352380322,0.91193269871808,0.14413674890978
352380704,352380321,0.08288119845884,0.015561205846961
352380704,352380254,0.0051861028230832,0.00099521491943375
352380905,352380543,1,0.088723850123581
352380905,352380512,0,0
352381201,352380526,0.039988945057803,0.041550209872709
352381201,352380522,0.01711243832405,0.019590329320726
352381201,352380524,0.42178007327233,0.57309059927521
352381201,352380525,0.45992013303741,0.57216917391378
352381201,352380442,0.056654832917056,0.059843016237164
352381201,352380351,0.0045435773913528,0.0063738344952798
352380707,352380313,0.90149518189347,0.66592840101044
352380707,352380331,0.0018518590763534,0.0013161332794314
352380707,352380324,0.066139884258309,0.054440420402503
352380707,352380352,0.00030161170662429,0.00027692305073988
352380707,352380453,0.0015152142293723,0.0014320644342174
352380707,352380314,0.028479857746385,0.024754623197021
352380707,352380312,0.00021639108948362,0.00022063280281564
352381206,352380522,0.20632831478678,0.21018853837446
352381206,352380523,0.72641600495536,0.96137173356634
352381206,352380532,0.0022670113232203,0.0027896381989633
352381206,352380524,0.031686681960688,0.038311958162531
352381206,352380443,0.033301986973951,0.038090489125776
352381207,352380522,0.44680632288857,0.2619757246885
352381207,352380524,0.53979609968095,0.37564608596948
352381207,352380525,0.0073318221571907,0.0046716022200975
352381207,352380443,0.0060657552732916,0.0039932162367966
352380802,352380351,0.0043874593582027,0.0068257252101556
352380802,352380453,0.69514663331592,0.98357426043367
352380802,352380455,0.28709654313774,0.42296652264055
352380802,352380352,0.0069254430522627,0.0095192051859475
352380802,352380313,0.0020492674491523,0.0022662352032034
352380802,352380454,0.0010968914599899,0.0016349296965079
352380802,352380314,0.0021415726870455,0.0027867212933778
352380802,352380253,0.000038975938497586,0.000050227177818535
352380802,352380452,0.0011172136011856,0.0016798124829453
352380708,352380314,0.58261859306858,0.96667540637286
352380708,352380313,0.15479737420603,0.21827577665473
352380708,352380312,0.0047130025874426,0.0091728905575446
352380708,352380324,0.00000012054622952229,0.00000018940415229716
352380708,352380453,0.00017484573392342,0.00031544335591471
352380708,352380311,0.25044072723061,0.43005568436728
352380708,352380252,0.0046063637280056,0.0081833876133206
352380708,352380253,0.0026489728991813,0.0043526658017793
352380703,352380322,0.35794206201449,0.41077417572954
352380703,352380321,0.63981107405227,0.87220272966267
352380703,352380312,0.00084602503274486,0.0011783148212471
352380703,352380254,0.001400838900496,0.0019518318998555
352380804,352380351,0.0026149262993,0.0035253908476867
352380804,352380454,0.3794770225614,0.49015454868614
352380804,352380455,0.38417054484901,0.49047200154858
352380804,352380442,0.22937609289935,0.23284645482788
352380804,352380451,0.0023914632656451,0.0025454444958501
352380804,352380452,0.0009306976514782,0.0012126775392976
352380804,352380453,0.0010392524738195,0.0012742772335635
352380807,352380443,0.37743739683636,0.3612896695057
352380807,352380522,0.0032894583528997,0.0028043925454027
352380807,352380442,0.0073845062728941,0.0058087481410752
352380807,352380444,0.30014068532135,0.29902351533892
352380807,352380441,0.30118994504562,0.27870627284165
352380807,352380422,0.010514278375267,0.0079738195666968
352380807,352380421,0.000043729795615151,0.00004071982796059
352380806,352380442,0.41486868212661,0.66694907616158
352380806,352380443,0.011508401197244,0.02251368315995
352380806,352380524,0.0062628573921412,0.012951356592777
352380806,352380522,0.011617627818491,0.02024197163158
352380806,352380444,0.21234044808241,0.4323486858
352380806,352380454,0.000033162396999394,0.000067835028437968
352380806,352380441,0.33003637595959,0.62415007155887
352380806,352380422,0.013332445026519,0.020664156170309
352380801,352380253,0.012544452570149,0.017336374892885
352380801,352380452,0.38310088284076,0.61773487920086
352380801,352380453,0.0021473497379871,0.0032583512215761
352380801,352380451,0.57281508638234,0.75451281411986
352380801,352380214,0.026541986872847,0.030909463198696
352380801,352380251,0.0028502415959128,0.0054071342198954
352380701,352380253,0.57590835561837,0.96770943802622
352380701,352380314,0.0034057615252593,0.0057786228903379
352380701,352380453,0.0000555939563149,0.00010256701456189
352380701,352380252,0.39977944351219,0.72628845853348
352380701,352380311,0.012742068795228,0.022375537201075
352380701,352380452,0.0009695174558246,0.0019007702444604
352380701,352380451,0.00049425828368529,0.00079157332419112
352380701,352380251,0.0066450008531279,0.015327295782462
352380808,352380443,0.38960058974491,0.57411294197177
352380808,352380523,0.0014614920255245,0.0024919178613798
352380808,352380421,0.40948980589947,0.5870008058744
352380808,352380444,0.17514726685932,0.26862779886108
352380808,352380546,0.00020355397845482,0.00032445540869782
352380808,352380412,0.0042479836795051,0.007515467388502
352380808,352380441,0.019849307812813,0.02827605103081
352380805,352380452,0.27717773761451,0.37747186053244
352380805,352380455,0.064510025671616,0.08608091849235
352380805,352380442,0.010426996934903,0.011062932060728
352380805,352380454,0.37418218435271,0.50514979273527
352380805,352380453,0.0000000018679228057209,0.0000000023938189565708
352380805,352380441,0.036944317034862,0.046110924893947
352380805,352380451,0.20999247164414,0.23361093246476
352380805,352380543,0.0002980073068166,0.00035976366071053
352380805,352380414,0.023172958188431,0.034352071888817
352380805,352380214,0.003295299384087,0.0032410831663854
352380702,352380254,0.44099971553859,0.76834644920979
352380702,352380311,0.0039784747029543,0.0061132265611374
352380702,352380312,0.00000024655862301318,0.0000004294008342897
352380702,352380321,0.051835985624148,0.088361201076871
352380702,352380252,0.1654282663318,0.26297760587126
352380702,352380251,0.32350393921904,0.65293573160894
352380702,352380253,0.0071761873140718,0.010551294101296
352380702,352380213,0.0024575754076743,0.0031542108156522
352380702,352380451,0.0046196093031022,0.0064738525835683
352380702,352380262,0,0
352380903,352380543,0.01687896722719,0.050775191695897
352380903,352380546,0.22532041415203,0.78410475139776
352380903,352380545,0.29613087957539,0.82467518678501
352380903,352380421,0.015064053502778,0.047144992809994
352380903,352380542,0.29720269932999,0.79197083056109
352380903,352380541,0.0016521707188806,0.0051961257477193
352380903,352380441,0.00059568789817756,0.0018526368103321
352380903,352380544,0.14023632048817,0.42551428714288
352380903,352380513,0.0014554531694808,0.0038136779804245
352380903,352380511,0.0054633539379142,0.013302599141826
352380904,352380543,0.55537821195405,0.86014119451981
352380904,352380546,0.12032092637795,0.21557079319354
352380904,352380542,0.14120616544827,0.19372483704335
352380904,352380544,0.15205816972537,0.2375410134928
352380904,352380511,0.0081903736805992,0.010267296225696
352380904,352380513,0.022846152813753,0.030820101772319
352380902,352380541,0.38998534908732,0.9534189745515
352380902,352380545,0.080983402264969,0.17530972830074
352380902,352380421,0.00012467121879038,0.00030329880342068
352380902,352380542,0.0069055836343325,0.014304332395562
352380902,352380544,0.14285459783722,0.33694469936432
352380902,352380422,0.000034348428635493,0.00006805653151631
352380902,352380513,0.36509184173135,0.74363304245946
352380902,352380435,0.0015617500993513,0.003691936766486
352380902,352380616,0.012458455698029,0.024412048510072
352380901,352380421,0.1889831589611,0.36426211124208
352380901,352380422,0.19560460664581,0.30706365906219
352380901,352380541,0.0061043542337349,0.011823924042206
352380901,352380545,0.0000087952146510909,0.00001508491425279
352380901,352380441,0.0021601194083951,0.0041375803678929
352380901,352380435,0.50340846617739,0.9428652534717
352380901,352380434,0.010290353226052,0.02216624086419
352380901,352380433,0.044514858659123,0.079353776046321
352380901,352380432,0.048925287473745,0.086124521346368
352380106,352380421,0.0014061838248668,0.0012480714421485
352380106,352380422,0.77079527373141,0.55717912503597
352380106,352380441,0.018989205931452,0.01674873223879
352380106,352380414,0.008334976959238,0.0087316195764224
352380106,352380434,0.20047435955303,0.19885066695389
352380105,352380414,0.34787665338605,0.62207989673826
352380105,352380422,0.00084479176453456,0.001042403705599
352380105,352380214,0.002757134302254,0.0032711664619606
352380105,352380433,0.59177589986985,0.82919525084252
352380105,352380434,0.039293415276761,0.066530145996769
352380105,352380413,0.017065927348474,0.023213390874393
352380105,352380435,0.00038617805207506,0.0005685303277468
352380207,352380414,0.028626765801265,0.060576847250184
352380207,352380441,0.0000099516692492203,0.0000177302577062
352380207,352380214,0.63838911470001,0.89627997789435
352380207,352380213,0.22190719299912,0.32273795782805
352380207,352380451,0.00091706727487728,0.0014563090800806
352380207,352380212,0.11014990755547,0.16901020936856
352380209,352380214,0.0021914297809981,0.0038560956372021
352380209,352380213,0.069376384676484,0.12645975806729
352380209,352380251,0.02783457994507,0.079787039797245
352380209,352380451,0.00030602410416693,0.00060907393169027
352380209,352380261,0.43001784029162,0.7562648954357
352380209,352380262,0.467632805623,0.85534989642676
352380209,352380211,0.0017957730926813,0.003067600607005
352380209,352380212,0.0008451624859788,0.001625290624983
352380208,352380214,0.043847326373341,0.058639927504077
352380208,352380213,0.39530363809034,0.547648073289
352380208,352380211,0.059995385107182,0.077892433272294
352380208,352380212,0.49969735693744,0.73034479944219
352380208,352380261,0.0011562934917011,0.0015455591108794
352380607,352380251,0.43962563354507,0.22421128380811
352380607,352380254,0.49579225985026,0.21827405537346
352380607,352380262,0.036229563837345,0.011790404903809
352380607,352380233,0.024084346133812,0.0086002578680107
352380607,352380243,0.0014931799242179,0.00053893540691149
352380607,352380232,0.0027750167093,0.0008521686887226
352380107,352380422,0.13611219075388,0.10600877992772
352380107,352380434,0.66665163934032,0.71245294618515
352380107,352380414,0.19448926816434,0.21952048952308
352380107,352380433,0.002746901741468,0.0024294121168019
352380308,352380512,0.0077521024003031,0.0000057816664106522
352380308,352380543,0,0
352380308,352380621,0.9922478975997,0.00072663716377764
352380104,352380413,0.66773506427722,0.76861274731387
352380104,352380414,0.036172777965944,0.05473907502324
352380104,352380214,0.0037870877153387,0.0038022861373248
352380104,352380432,0.20419954982144,0.23910015448711
352380104,352380433,0.075075972291203,0.089021560994357
352380104,352380212,0.0066015553324224,0.0072436303690163
352380104,352380412,0.0064279925964324,0.01017127643326
352380602,352380262,0.039101734217534,0.050814118796773
352380602,352380221,0.04134412429852,0.062920476815612
352380602,352380233,0.5555259104454,0.79214319900599
352380602,352380222,0.022126622160315,0.036774562200424
352380602,352380232,0.206297205956,0.25297411275418
352380602,352380151,0.0014785611674691,0.0025807624127161
352380602,352380231,0.13412584175477,0.17261153614801
352380206,352380261,0.15445640899475,0.16700249904879
352380206,352380262,0.072960328984644,0.082045579872655
352380206,352380221,0.4328972022152,0.57008946101083
352380206,352380222,0.33943912489492,0.48817363044045
352380206,352380233,0.00024693491049749,0.00030469259311568
352380305,352380511,0.74466852633192,0.78174954587221
352380305,352380513,0.15838984191454,0.17893717636235
352380305,352380616,0.076974043799216,0.08365675581652
352380305,352380512,0.011631579272529,0.014551428451208
352380305,352380614,0.0078651042217733,0.0088117375582614
352380305,352380621,0.00047090446002136,0.00057844708435325
352380301,352380513,0.016136697234064,0.036407001277372
352380301,352380616,0.41012652889878,0.89016718900017
352380301,352380541,0.010916151562351,0.029560975658574
352380301,352380435,0.020192404713334,0.052874279434068
352380301,352380511,0.024944856745215,0.052297708145346
352380301,352380614,0.19911639915057,0.4455137433363
352380301,352380615,0.29714976528265,0.746972602697
352380301,352380432,0.014560009941996,0.035832937337332
352380301,352380613,0.0068571864710465,0.017222923071586
352380103,352380212,0.00097972827462627,0.00057358841316512
352380103,352380413,0.30624626447205,0.1880870587282
352380103,352380412,0.57667837789276,0.4868761185773
352380103,352380211,0.0044749057728152,0.0023272077768722
352380103,352380411,0.11162072358775,0.077111569331903
352380204,352380212,0.076675167337848,0.091202481782084
352380204,352380211,0.84096947474941,0.88856395694837
352380204,352380221,0.0042430490021223,0.0056217019672792
352380204,352380413,0.015764134749802,0.019670502280522
352380204,352380222,0.0082651785777255,0.011959036623404
352380204,352380412,0.0051004660577893,0.0087488679667437
352380204,352380113,0.040039330929742,0.060159382041465
352380204,352380411,0.0089431985955626,0.012552342453535
352380205,352380211,0.0072017834194769,0.0050659587165653
352380205,352380221,0.40968232305186,0.36136836020628
352380205,352380261,0.10382007112504,0.075187046404637
352380205,352380222,0.46966345677886,0.45242214426874
352380205,352380151,0.0054815995261722,0.0055455001953059
352380205,352380233,0.0038376025610695,0.0031716413079349
352380205,352380413,0.00031316353753248,0.00026015347445234
352380605,352380243,0.66142284351361,0.15275487026378
352380605,352380232,0.21879310702584,0.042991728563483
352380605,352380233,0.034525996253136,0.0078888578991784
352380605,352380241,0.017696257447173,0.0047838033152897
352380605,352380242,0.067561795760239,0.014428446329653
352380101,352380432,0.49491718051304,0.63894238682919
352380101,352380616,0.0015493091031694,0.0017640066732409
352380101,352380412,0.17513837786064,0.30555226395711
352380101,352380413,0.0000017386172353703,0.0000022065383201225
352380101,352380431,0.098017890176605,0.13112213595835
352380101,352380615,0.028713801804768,0.03786416735843
352380101,352380111,0.0044786307582761,0.0048983663012376
352380101,352380411,0.19718307116626,0.28149048099518
352380606,352380232,0.76104742253917,0.51363328283213
352380606,352380233,0.23558647455444,0.18488787639053
352380606,352380243,0.00019331715811753,0.00015334740976671
352380606,352380241,0.0031727857482627,0.002945932560085
352380306,352380511,0.10396208892554,0.094959503028863
352380306,352380512,0.88940116422913,0.96810716369442
352380306,352380513,0.0064998127712822,0.0063890001480749
352380306,352380621,0.00013693407404989,0.00014635284150458
352380302,352380613,0.53736266577105,0.63803541632642
352380302,352380614,0.4624158478781,0.48910621373578
352380302,352380615,0.000013963704069315,0.000016593817614845
352380302,352380621,0.00020692194363782,0.00023996659002469
352380302,352380612,0.00000060070314330962,0.00000083504502012873
352380303,352380614,0.017439541685334,0.017048596069792
352380303,352380615,0.19128577780114,0.21009293132571
352380303,352380612,0.73265765119453,0.94131322114509
352380303,352380613,0.026838977623984,0.02945278371573
352380303,352380611,0.029172649907003,0.031394326177094
352380303,352380431,0.0026054017880012,0.002902929031403
352380102,352380411,0.75335431302805,0.57663747437642
352380102,352380412,0.18466311887872,0.17274037041194
352380102,352380211,0.03335314001269,0.019218384004501
352380102,352380111,0.00143237014558,0.00083998350551396
352380102,352380113,0.027197057934968,0.022284872866858
352380307,352380511,0.2838225909994,0.047423347586063
352380307,352380614,0.069121830449125,0.012325737387686
352380307,352380621,0.55654174305611,0.10881009373516
352380307,352380512,0.087062670109241,0.017335626187963
352380307,352380622,0.0034511653861201,0.00061346753746152
352381001,352380614,0.018216622069803,0.016890797469757
352381001,352380621,0.46336156819647,0.47105983617379
352381001,352380613,0.012212830505239,0.012711753484497
352381001,352380622,0.072464023781516,0.066978109691286
352381001,352380631,0.049262065717561,0.053208775504107
352381001,352380611,0.10254861420336,0.10467279818773
352381001,352380625,0.2386322510521,0.24134278842066
352381001,352380122,0.03425370376055,0.036296324894105
352381001,352380123,0.0090483207134043,0.008500839730275
352380108,352380412,0.0072142235258781,0.0083956352651403
352380108,352380431,0.93136358483537,0.8310931529217
352380108,352380612,0.036414613860505,0.03746946716794
352380108,352380615,0.0057452955126195,0.0050537048012437
352380108,352380411,0.0012010382716818,0.0011436963074235
352380108,352380111,0.0095114968987872,0.0069392839143263
352380108,352380611,0.0085497470951554,0.0073688088898528
352380203,352380113,0.9046258997763,0.88974892442318
352380203,352380411,0.025063382127981,0.02302785462403
352380203,352380211,0.0050220240372449,0.0034735147463781
352380203,352380151,0.0017654894168171,0.0017561730566814
352380203,352380222,0.00026532543234426,0.00025130708594121
352380203,352380114,0.058007767341668,0.043758741946123
352380203,352380112,0.00525011186764,0.005510775340598
352380202,352380113,0.0041343093039536,0.0091499786226284
352380202,352380151,0.44232543783126,0.99006285712903
352380202,352380211,0.00025119179639634,0.00039094392801125
352380202,352380222,0.0048887163125988,0.010419319381038
352380202,352380413,0.000083754440297289,0.00015394079024018
352380202,352380233,0.0012070188222433,0.0022071179535954
352380202,352380152,0.40490212388215,0.98353980726658
352380202,352380231,0.0010617333399485,0.0017522050792316
352380202,352380114,0.0053777271991543,0.0091284303352024
352380202,352380153,0.13576798707201,0.28177623416515
352380304,352380614,0.0095965463453816,0.010303174442426
352380304,352380613,0.25105748603452,0.30257712340177
352380304,352380611,0.70512506597741,0.83338172634421
352380304,352380612,0.015036184990725,0.021216476641946
352380304,352380621,0.000034283158956081,0.000040356238570067
352380304,352380122,0.0065067804137578,0.0079835316011079
352380304,352380631,0.0024185969736876,0.0030248784798683
352380304,352380121,0.010225056105562,0.012357758671714
352380109,352380111,0.90897315259349,0.73408216784017
352380109,352380431,0.035313468934045,0.03488178208855
352380109,352380611,0.023309631791533,0.022238591150504
352380109,352380411,0.025385111698886,0.026758439545372
352380109,352380121,0.0070186349820432,0.0068473212544034
352380601,352380151,0.000026898916218865,0.000054707206262684
352380601,352380152,0.002405312570785,0.0053088726951961
352380601,352380231,0.5470860293777,0.82037800394997
352380601,352380233,0.00047929995460018,0.00079635698164817
352380601,352380232,0.11789298521096,0.16845027567608
352380601,352380153,0.0050087759004892,0.0094455550997962
352380601,352380241,0.32394264849081,0.63678453276389
352380601,352380154,0.0031580495784354,0.0046859434748692
352381003,352380621,0.16100020485044,0.18185196265762
352381003,352380622,0.35512638291431,0.36469421617763
352381003,352380623,0.48299188689971,0.52970883670408
352381003,352380624,0.000032364326140835,0.00002780058363628
352381003,352380625,0.00084916100939382,0.00095418092432806
352380110,352380111,0.22086847060241,0.20644244394826
352380110,352380121,0.62606055690851,0.70689683980399
352380110,352380112,0.11541091537509,0.1608535260368
352380110,352380411,0.001047673300643,0.0012781423661373
352380110,352380113,0.0013812360743895,0.0018038728302142
352380110,352380122,0.035231147738955,0.040385119875913
352380201,352380112,0.48886203042176,0.71055363880413
352380201,352380113,0.012374041318412,0.01685296921565
352380201,352380114,0.47078118992156,0.49177244559485
352380201,352380152,0.0042202486734098,0.0063085228467191
352380201,352380111,0.022654515756687,0.022082432530671
352380201,352380153,0.00088681748236142,0.0011326323940731
352380201,352380121,0.00022115642580281,0.00026041507443842
352380604,352380243,0.80403009663069,0.81839319551947
352380604,352380242,0.19596990336931,0.18445124497652
352381002,352380621,0.19516994549271,0.12427951470508
352381002,352380622,0.44395751542398,0.25702915824251
352381002,352380625,0.35599352381435,0.22551624247247
352381002,352380624,0.0048790152689592,0.0023627325568969
352380401,352380122,0.65751422703726,0.52461150647498
352380401,352380611,0.0012279340440804,0.00094374925061729
352380401,352380121,0.34125783891866,0.26820100808781
352380501,352380153,0.75410610558021,0.66727112760919
352380501,352380231,0.00078848177412634,0.00055478413591063
352380501,352380152,0.0046761830103466,0.0048427971915013
352380501,352380154,0.21445879185391,0.14931242496373
352380501,352380135,0.025970437781412,0.018829235886846
352380603,352380232,0.022192562548708,0.021098431485404
352380603,352380241,0.23151189100529,0.30280053332948
352380603,352380243,0.025201126405981,0.028159651400076
352380603,352380242,0.71910678713634,0.74302464264413
352380603,352380154,0.0019876329036782,0.001962335385636
352380402,352380121,0.002403451954858,0.0054366571076419
352380402,352380122,0.17014459841399,0.39072351715389
352380402,352380112,0.044081285921278,0.12308205981847
352380402,352380114,0.21830594191511,0.43806704736159
352380402,352380135,0.010368969550766,0.020845092216164
352380402,352380123,0.39442603212395,0.80307421661632
352380402,352380111,0.00085295229870961,0.0015971540703723
352380402,352380131,0.055386321735357,0.12878205014548
352380402,352380624,0.0056869730282647,0.0095286041440076
352380402,352380633,0.096108849744761,0.19793355373694
352380402,352380632,0.0022346233129544,0.0042775524826091
352380505,352380114,0.014856328137468,0.017273334762228
352380505,352380153,0.0087178648304411,0.012393229189845
352380505,352380135,0.65980773465512,0.76855561803837
352380505,352380156,0.008530338720418,0.0092617656478028
352380505,352380131,0.30687862394264,0.41343679583298
352380505,352380133,0.001158377464526,0.0016986152508341
352380505,352380132,0.000050732249382689,0.000072250401501514
352380504,352380153,0.0042778829257436,0.0070346682305172
352380504,352380154,0.34617706739923,0.44791461868233
352380504,352380231,0.0035970064642894,0.0047034706868816
352380504,352380241,0.01408663007469,0.024146285305748
352380504,352380155,0.52830110664901,0.71528955153862
352380504,352380156,0.0028265718938933,0.0035499964808916
352380504,352380141,0.091631781967056,0.14812830192269
352380504,352380142,0.0091019526260875,0.016651861657747
352381006,352380622,0.43867285993167,0.30047812127989
352381006,352380624,0.55476486579528,0.31785016739369
352381006,352380625,0.0029672964541677,0.0022239641100184
352381006,352380623,0.0035949778188896,0.0026297820018086
352380502,352380153,0.022469015688589,0.020946553311429
352380502,352380154,0.52017198684074,0.38155548516848
352380502,352380135,0.00078436315500201,0.00059914130044819
352380502,352380156,0.36941341400305,0.26302337519458
352380502,352380155,0.087161220312619,0.066901747464162
352381008,352380623,0.20639319081686,0.028530363971189
352381008,352380621,0.7877002857944,0.11214169901373
352381008,352380631,0.0032435890364883,0.00049062144930332
352381008,352380633,0.0026629343522484,0.00035438089070003
352381004,352380623,0.42780907127273,0.43651940229349
352381004,352380622,0.010682991761284,0.010206927071218
352381004,352380624,0.56150793696599,0.44874479516064
352381005,352380624,0.35078750772448,0.21093113102907
352381005,352380625,0.63969591875838,0.50318013052158
352381005,352380111,0.0095165735171347,0.0063951556874647
352380503,352380154,0.013691161838936,0.012001821431832
352380503,352380155,0.10473206363656,0.096070474592511
352380503,352380156,0.84039805834817,0.71509351749154
352380503,352380135,0.014994680507323,0.013688170471051
352380503,352380141,0.026184035669012,0.028677309946307
352380510,352380154,0.010115419125439,0.0025673708931156
352380510,352380155,0.43015767763529,0.11424463863294
352380510,352380241,0.084876295602597,0.028538912725502
352380510,352380242,0.2187087871084,0.05809566604969
352380510,352380142,0.25614182052827,0.091921373298288
352381007,352380625,0.0086215300085347,0.026782693550952
352381007,352380631,0.28431730426698,0.94327572456672
352381007,352380623,0.00086135574450536,0.0026116150294288
352381007,352380624,0.0044445947740062,0.010554769132059
352381007,352380632,0.36701078444255,0.99572244751739
352381007,352380123,0.060045299434457,0.17327566628985
352381007,352380621,0.000040073182488459,0.00012513379638009
352381007,352380633,0.27465905814647,0.80171206537236
352380507,352380135,0.20995965276153,0.16496012051174
352380507,352380156,0.011869396686981,0.0086924334856365
352380507,352380133,0.74095630777876,0.73286290317108
352380507,352380141,0.010813323892393,0.01019285787803
352380507,352380134,0.010402904320289,0.0075053971965073
352380507,352380132,0.01599841456005,0.015368033997662
352380403,352380131,0.60542791858505,0.026545487572474
352380403,352380123,0.39457208141495,0.015149277363559
352380506,352380133,0.13072339634573,0.17359781658924
352380506,352380135,0.010964040060078,0.011565769417603
352380506,352380131,0.3534485206478,0.43123566644907
352380506,352380132,0.50486404294639,0.6511433413219
352380509,352380142,0.48179004390378,0.88421184054582
352380509,352380135,0.00070790712694969,0.00095685215778067
352380509,352380141,0.50133592363764,0.8130008864286
352380509,352380155,0.00551720544304,0.0074935877717748
352380509,352380156,0.00030074599112864,0.00037891169954856
352380509,352380134,0.010348173897452,0.012844234659535
352380508,352380134,0.75245430045209,0.97965036814396
352380508,352380133,0.051455639456517,0.09184066498884
352380508,352380141,0.00000037849378795779,0.00000064382437358851
352380508,352380132,0.19234179172401,0.33341637427894
352380508,352380142,0.0037478898735906,0.0072149244981415
352400101,352400006,0.50750361904199,0.99581844819897
352400101,352400004,0.1671362278541,0.32610107302581
352400101,352400001,0.15914401997359,0.31817623381864
352400101,352400007,0.012281374585336,0.021272237149481
352400101,352400005,0.15393475854498,0.25987744393401
352400103,352400007,0.36754462230048,0.95264102732752
352400103,352400006,0.00072687038329867,0.0021342781482541
352400103,352400005,0.049339666074288,0.12464679548916
352400103,352400002,0.31021787938742,0.96471027816166
352400103,352400003,0.20905888420493,0.64842209300332
352400103,352400001,0.063112077649575,0.18881779007124
352400102,352400003,0.14632033950405,0.35157790699668
352400102,352400001,0.21271300851897,0.49300597611012
352400102,352400005,0.31448384528381,0.61547576057683
352400102,352400002,0.014648408871293,0.035289721838344
352400102,352400007,0.012991904692837,0.026086735522994
352400102,352400004,0.29794246900059,0.67389892697419
352400102,352400006,0.00090002412844893,0.0020472736527793
352450000,352450003,0.32608634776869,1
352450000,352450004,0.19597338457743,1
352450000,352450002,0.18029139939674,1
352450000,352450001,0.29764886825714,1
352500000,352500002,0.43116152102597,1
352500000,352500001,0.56883847897403,1
352660000,352660002,0.4069822478951,1
352660000,352660001,0.32242778774695,1
352660000,352660003,0.27058996435795,1
352750000,352750004,0.24575486411046,1
352750000,352750003,0.28448975377255,1
352750000,352750002,0.26261262296711,1
352750000,352750001,0.20714275914987,1
352780102,352780008,0.39766011152123,0.91040764005601
352780102,352780005,0.0031965454343073,0.0060091212047454
352780102,352780002,0.57217687040075,0.98415587078377
352780102,352780003,0.0042007835522252,0.0090931034966114
352780102,352780001,0.022765689091484,0.045914642769905
352780101,352780005,0.20113271925802,0.97657243773293
352780101,352780002,0.00072223455971841,0.0032085108411738
352780101,352780008,0.000012164646135922,0.000071930817996407
352780101,352780010,0.19879985112461,0.99907175041909
352780101,352780001,0.17557835917264,0.9146039039879
352780101,352780009,0.16362323349227,1
352780101,352780004,0.056802601881515,0.23662189296157
352780101,352780006,0.20332883586509,0.99955214706892
352780103,352780008,0.024182298190399,0.089520429125991
352780103,352780005,0.0057303148081178,0.017418441062321
352780103,352780007,0.3771759317336,1
352780103,352780003,0.28310680076537,0.99090689650339
352780103,352780002,0.0045432035140483,0.012635618375054
352780103,352780001,0.01210659463103,0.039481453242194
352780103,352780004,0.29271430125736,0.76337810703843
352780103,352780010,0.00029503604212744,0.00092824958091201
352780103,352780006,0.00014551905794264,0.0004478529310757
352810202,352810007,0.42199376823017,0.99999148125567
352810202,352810008,0.4473293205146,0.96038353581318
352810202,352810003,0.023903525522902,0.03500076730933
352810202,352810001,0.045098671483429,0.050649031197728
352810202,352810002,0.061672884215533,0.07132225894564
352810202,352810006,0.0000018300333649928,0.0000024986415909922
352810201,352810007,0.0000014773488455037,0.0000085187443258127
352810201,352810008,0.0075832627974335,0.039616464186824
352810201,352810003,0.27083768829425,0.96499923269067
352810201,352810001,0.34738968817339,0.9493504944534
352810201,352810002,0.33001367901699,0.92867774105436
352810201,352810006,0.044174204369089,0.1467627892566
352810101,352810006,0.31446369655354,0.85323471210181
352810101,352810005,0.26336337789054,1
352810101,352810004,0.42217271301751,1
352810101,352810001,0.00000021253841352347,0.00000047434887169927
353150000,353150001,1,1
353340103,353340008,0.049409982016569,0.22732219582475
353340103,353340007,0.20134251558224,0.46935666451625
353340103,353340006,0.23562502497482,0.63672422971071
353340103,353340005,0.33101995931666,0.90392067699868
353340103,353340003,0.000071912394490747,0.00019292098498387
353340103,353340004,0.17280702852278,0.51103804633861
353340103,353340001,0.009723577192436,0.029569007504196
353340101,353340008,0.15500097904903,0.77267780417525
353340101,353340007,0.2100866068358,0.53064333548375
353340101,353340003,0.33515177768115,0.97421339578444
353340101,353340006,0.062190058961808,0.18209070635813
353340101,353340001,0.12925688830263,0.42589371071336
353340101,353340002,0.10828425068408,0.33132334938459
353340101,353340004,0.000029438485499241,0.000094328764052104
353340102,353340003,0.013767638231628,0.025593683230575
353340102,353340006,0.096759765331826,0.18118506393116
353340102,353340001,0.25841594885998,0.54453728178244
353340102,353340005,0.050775729336502,0.09607932300132
353340102,353340004,0.23856230449794,0.48886762489733
353340102,353340002,0.34171861374212,0.66867665061541
353510000,353510001,1,1
353520102,353520004,0.092708887296621,0.20115019353194
353520102,353520003,0.0025040061626536,0.0083920483297494
353520102,353520006,0.43614230446614,0.99995293814753
353520102,353520001,0.0036107388943933,0.0073977765240574
353520102,353520005,0.46503406318019,0.96213633583292
353520103,353520004,0.19735022272125,0.37397129099484
353520103,353520003,0.33876429384015,0.9915891554523
353520103,353520002,0.4550372926669,0.77613711848634
353520103,353520001,0.0088481907717021,0.015832925123955
353520101,353520002,0.14230269764864,0.22386288151366
353520101,353520003,0.000006962397897335,0.00001879621795163
353520101,353520001,0.59184478726401,0.97676929835199
353520101,353520004,0.24310093818904,0.42487851547322
353520101,353520005,0.022719132200599,0.037863664167082
353520101,353520006,0.000025482299818487,0.00004706185246846
353530000,353530001,0.24807337533654,1
353530000,353530004,0.29256167290514,1
353530000,353530002,0.22614843727106,1
353530000,353530003,0.23321651448726,1
353630000,353630001,0.24653309213076,1
353630000,353630004,0.24246320383731,1
353630000,353630002,0.20150371524989,1
353630000,353630003,0.30949998878204,1
