code UAI,n° SIRET,type d'établissement,nom,sigle,statut,tutelle,université de rattachement libellé et UAI,université de rattachement ID et URL Onisep,établissements liés libellés,établissements liés URL et ID Onisep,boîte postale,adresse,CP,commune,commune (COG),cedex,téléphone,arrondissement,département,académie,région,région (COG),longitude (X),latitude (Y),journées portes ouvertes,URL et ID Onisep,date création,date de modification
0352977W,84069177800020,centre de formation d'apprentis,École digitale 301,,privé,,,,,,,801 avenue des champs blancs,35510,Cesson-Sévigné,35051,,02 44 10 13 50,,35 - Ille-et-Vilaine,Rennes,Bretagne,53,-1.6038829,48.1197799,,https://www.onisep.fr/http/redirection/etablissement/slug/ENS.24322,18/03/2024,24/02/2025
0352955X,44432511200035,autre établissement d'enseignement,Biopraxia école d'ostéopathie animale,,privé,,,,,,,18 rue de la Frébardière,35000,Rennes,35238,,02 23 40 45 64,,35 - Ille-et-Vilaine,Rennes,Bretagne,53,-1.6267465,48.0992707,,https://www.onisep.fr/http/redirection/etablissement/slug/ENS.13658,06/06/2020,05/11/2025
0352952U,42968925000067,centre de formation d'apprentis,Lodima Ouest,,privé,,,,Lodima Ouest à Quimper (29) | Lodima Ouest à Lanester (56),https://www.onisep.fr/http/redirection/etablissement/slug/ENS.23063 | https://www.onisep.fr/http/redirection/etablissement/slug/ENS.23062,,45 rue Louis Blériot,35170,Bruz,35047,,02 99 35 59 93,,35 - Ille-et-Vilaine,Rennes,Bretagne,53,-1.7512514,48.0445189,,https://www.onisep.fr/http/redirection/etablissement/slug/ENS.23083,02/12/2022,14/10/2025
0351976H,77769814300024,maison familiale rurale,Maison familiale rurale horticole,MFR,privé sous contrat,"Ministère de l'agriculture, de l'agro-alimentaire et de la souveraineté alimentaire",,,CFTA de l'Abbaye de Montfort-sur-Meu à Montfort-sur-Meu (35) | Maison familiale rurale à Questembert (56) | Maison familiale rurale à Guilliers (56) | Maison familiale rurale à Landivisiau (29) | Maison familiale rurale à Saint-Méen-le-Grand (35) | Maison familiale rurale à Plérin (22) | Maison familiale rurale à Elliant (29) | Maison familiale rurale à Pleyben (29) | Maison familiale rurale à Plounévez-Lochrist (29) | Maison familiale rurale à Saint-Renan (29) | Maison familiale rurale à Baulon (35) | Maison familiale rurale à Fougères (35) | Maison familiale rurale à Goven (35) | Maison familiale rurale à Guipry-Messac (35) | Maison familiale rurale à Janzé (35) | Maison familiale rurale à Saint-Symphorien (35) | Maison familiale rurale - CFA à Saint-Aubin-d'Aubigné (35) | Maison familiale rurale - CFA à Loudéac (22) | Maison familiale rurale - CFA à Montauban-de-Bretagne (35) | Maison familiale rurale Formations Compétences Bretagne Centre à Lamballe-Armor (22) | Maison familiale rurale - IREO à Lesneven (29) | Maison familiale rurale Plabennec - Ploudaniel à Plabennec (29) | Maison familiale rurale Plabennec - Ploudaniel à Ploudaniel (29) | Maison familiale rurale - Rumengol à Le Faou (29) | Maison familiale urbaine à Saint-Grégoire (35),https://www.onisep.fr/http/redirection/etablissement/slug/ENS.3187 | https://www.onisep.fr/http/redirection/etablissement/slug/ENS.11818 | https://www.onisep.fr/http/redirection/etablissement/slug/ENS.13926 | https://www.onisep.fr/http/redirection/etablissement/slug/ENS.2228 | https://www.onisep.fr/http/redirection/etablissement/slug/ENS.8073 | https://www.onisep.fr/http/redirection/etablissement/slug/ENS.5991 | https://www.onisep.fr/http/redirection/etablissement/slug/ENS.11814 | https://www.onisep.fr/http/redirection/etablissement/slug/ENS.16129 | https://www.onisep.fr/http/redirection/etablissement/slug/ENS.6560 | https://www.onisep.fr/http/redirection/etablissement/slug/ENS.9848 | https://www.onisep.fr/http/redirection/etablissement/slug/ENS.14399 | https://www.onisep.fr/http/redirection/etablissement/slug/ENS.11812 | https://www.onisep.fr/http/redirection/etablissement/slug/ENS.5392 | https://www.onisep.fr/http/redirection/etablissement/slug/ENS.6314 | https://www.onisep.fr/http/redirection/etablissement/slug/ENS.18296 | https://www.onisep.fr/http/redirection/etablissement/slug/ENS.9432 | https://www.onisep.fr/http/redirection/etablissement/slug/ENS.11319 | https://www.onisep.fr/http/redirection/etablissement/slug/ENS.2350 | https://www.onisep.fr/http/redirection/etablissement/slug/ENS.11817 | https://www.onisep.fr/http/redirection/etablissement/slug/ENS.24680 | https://www.onisep.fr/http/redirection/etablissement/slug/ENS.16467 | https://www.onisep.fr/http/redirection/etablissement/slug/ENS.2699 | https://www.onisep.fr/http/redirection/etablissement/slug/ENS.16043 | https://www.onisep.fr/http/redirection/etablissement/slug/ENS.6004 | https://www.onisep.fr/http/redirection/etablissement/slug/ENS.16978,BP 46325,Les Rabinardières,35760,Saint-Grégoire,35278,Cedex,02 99 68 81 11,,35 - Ille-et-Vilaine,Rennes,Bretagne,53,-1.6888,48.1782,,https://www.onisep.fr/http/redirection/etablissement/slug/ENS.15532,06/06/2020,27/02/2026
0353080H,81436722300066,autre établissement d'enseignement,École supérieure de commerce des affaires et du management,ESCAM,privé,,,,École supérieure de commerce des affaires et du management à Brest (29) | École supérieure de commerce des affaires et du management à Lorient (56),https://www.onisep.fr/http/redirection/etablissement/slug/ENS.13188 | https://www.onisep.fr/http/redirection/etablissement/slug/ENS.19401,,167 route de Lorient,35000,Rennes,35238,,02 99 59 70 13,,35 - Ille-et-Vilaine,Rennes,Bretagne,53,-1.7487438,48.1048139,,https://www.onisep.fr/http/redirection/etablissement/slug/ENS.24653,26/08/2024,19/05/2026
0353159U,,école d'ingénieurs,École centrale d'électronique - Groupe ECE - campus de Rennes,,privé,,,,École centrale d'électronique - Groupe ECE - campus de Bordeaux à Bordeaux (33) | École centrale d'électronique - Groupe ECE - campus de Lyon à Lyon (69) | École centrale d'électronique - Groupe ECE - campus de Marseille à Marseille (13) | École centrale d'électronique - Groupe ECE - campus de Paris à Paris (75),https://www.onisep.fr/http/redirection/etablissement/slug/ENS.23132 | https://www.onisep.fr/http/redirection/etablissement/slug/ENS.19049 | https://www.onisep.fr/http/redirection/etablissement/slug/ENS.25589 | https://www.onisep.fr/http/redirection/etablissement/slug/ENS.16003,,31 rue Monseigneur Duchesne,35000,Rennes,35238,,02 30 79 05 70,,35 - Ille-et-Vilaine,Rennes,Bretagne,53,-1.664772,48.1057625,le 08/06/2026,https://www.onisep.fr/http/redirection/etablissement/slug/ENS.25588,19/01/2026,03/03/2026
0352999V,,autre établissement d'enseignement,École privée des sciences informatiques - campus Rennes,EPSI,privé,,,,,,CS 84233,Rue Fernand Robert,35000,Rennes,35238,,02 85 52 33 10,,35 - Ille-et-Vilaine,Rennes,Bretagne,53,-1.7086434,48.1323861,,https://www.onisep.fr/http/redirection/etablissement/slug/ENS.22563,24/02/2022,06/05/2026
0353106L,41273026900229,centre de formation professionnelle,Arinfo I-Maginer,,privé,,,,,,,4 allée de la Bourgonnette,35000,Rennes,35238,,02 99 26 95 26,,35 - Ille-et-Vilaine,Rennes,Bretagne,53,-1.6354885,48.0952706,,https://www.onisep.fr/http/redirection/etablissement/slug/ENS.24431,29/04/2024,23/12/2025
0352354U,35119111900160,autre établissement d'enseignement,Institut des hautes études comptables et financières,IHECF,privé,,,,AFTEC à Rennes (35) | CFA du Groupe AFTEC à Rennes (35) | CFA IHECF - AFTEC à Rennes (35) | IPAC Bachelor Factory à Rennes (35) | MBway Rennes à Rennes (35) | My Digital School Rennes à Rennes (35) | Studio M - AFTEC à Rennes (35) | WIN Sport School Rennes à Rennes (35),https://www.onisep.fr/http/redirection/etablissement/slug/ENS.15921 | https://www.onisep.fr/http/redirection/etablissement/slug/ENS.23526 | https://www.onisep.fr/http/redirection/etablissement/slug/ENS.25220 | https://www.onisep.fr/http/redirection/etablissement/slug/ENS.23346 | https://www.onisep.fr/http/redirection/etablissement/slug/ENS.23352 | https://www.onisep.fr/http/redirection/etablissement/slug/ENS.23525 | https://www.onisep.fr/http/redirection/etablissement/slug/ENS.25214 | https://www.onisep.fr/http/redirection/etablissement/slug/ENS.23511,,"1 rue Pierre de Maupertuis, Campus de Ker Lann",35170,Bruz,35047,,02 99 57 11 26,,35 - Ille-et-Vilaine,Rennes,Bretagne,53,-1.7423651,48.0489158,"le 03/06/2026 de 18h00 à 18h40, en virtuel | le 20/06/2026 de 09h00 à 13h00",https://www.onisep.fr/http/redirection/etablissement/slug/ENS.2784,06/06/2020,02/06/2025
0352494W,19350700100033,centre de formation d'apprentis,Centre de formation et de promotion professionnelle agricole,CFPPA,public,"Ministère de l'agriculture, de l'agro-alimentaire et de la souveraineté alimentaire",,,Centre de promotion sociale agricole à Combourg (35) | Lycée agricole Théodore Monod à Le Rheu (35),https://www.onisep.fr/http/redirection/etablissement/slug/ENS.22411 | https://www.onisep.fr/http/redirection/etablissement/slug/ENS.12525,,Rue des Chardonnerets,35650,Le Rheu,35240,,02 99 60 87 77,,35 - Ille-et-Vilaine,Rennes,Bretagne,53,-1.8043956,48.094699,,https://www.onisep.fr/http/redirection/etablissement/slug/ENS.22472,27/01/2022,07/01/2025
0352089F,77567227233372,école de santé,Croix-Rouge Compétence - site de Rennes,,privé,Ministère des Solidarités et de la Santé,,,,,,10 rue André et Yvonne Meynier,35000,Rennes,35238,,02 98 05 22 40,,35 - Ille-et-Vilaine,Rennes,Bretagne,53,-1.69164,48.1095,,https://www.onisep.fr/http/redirection/etablissement/slug/ENS.5751,06/06/2020,17/12/2025
0352848F,75253547600150,école de gestion et de commerce,ESG Rennes,,privé,Ministère de l'Enseignement supérieur et de la Recherche,,,,,,5 boulevard René Laënnec,35000,Rennes,35238,,02 99 05 94 31,,35 - Ille-et-Vilaine,Rennes,Bretagne,53,-1.66568,48.1099,"du 15/04/2026 au 27/05/2026 de 17h00 à 19h00 (les mercredis 15 et 29 avril, puis 13 et 27 mai)",https://www.onisep.fr/http/redirection/etablissement/slug/ENS.16179,06/06/2020,08/01/2026
0353065S,13002280900185,autre établissement d'enseignement,École Ferrandi Paris - campus de Rennes,,privé,Chambre de commerce et d'industrie,,,"CFA Ferrandi Paris - site de Paris à Paris (75) | CFA Ferrandi Paris - site de Saint-Gratien à Saint-Gratien (95) | École Ferrandi Paris - campus de Bordeaux à Bordeaux (33) | FERRANDI Paris, l'école française de gastronomie et de management hôtelier à Paris (75)",https://www.onisep.fr/http/redirection/etablissement/slug/ENS.19366 | https://www.onisep.fr/http/redirection/etablissement/slug/ENS.11608 | https://www.onisep.fr/http/redirection/etablissement/slug/ENS.22978 | https://www.onisep.fr/http/redirection/etablissement/slug/ENS.10492,,2 rue de Brest,35000,Rennes,35238,,02 99 33 63 50,,35 - Ille-et-Vilaine,Rennes,Bretagne,53,-1.6877652,48.1124206,,https://www.onisep.fr/http/redirection/etablissement/slug/ENS.22795,01/07/2022,19/05/2026
,77775006800051,école de formation sportive,Fédération régionale des MJC de Bretagne,FRMJC,privé sous contrat,Ministère chargé des sports,,,,,,5 rue de Lorraine,35000,Rennes,35238,,06 50 12 07 96,,35 - Ille-et-Vilaine,Rennes,Bretagne,53,-1.705982,48.12332,,https://www.onisep.fr/http/redirection/etablissement/slug/ENS.16742,06/06/2020,04/03/2025
0353052C,44320061300026,centre de formation d'apprentis,CFA Formatives,IGC,privé,,,,Formatives - site de beaucouzé à Beaucouzé (49) | Formatives - site de Saint-Herblain à Saint-Herblain (44),https://www.onisep.fr/http/redirection/etablissement/slug/ENS.23505 | https://www.onisep.fr/http/redirection/etablissement/slug/ENS.23502,,"74 rue de Paris, Centre d'affaires Oberthur",35000,Rennes,35238,,02 23 21 07 07,,35 - Ille-et-Vilaine,Rennes,Bretagne,53,-1.6609671837519,48.1130536,,https://www.onisep.fr/http/redirection/etablissement/slug/ENS.23501,10/03/2023,12/12/2025
0352845C,,école d'art,Le Pont Supérieur - Pôle d'enseignement supérieur spectacle vivant Bretagne-Pays de la Loire - Site de Rennes,PESSV,public,Ministère de la Culture et de la communication,,,,,,2 place Jean Normand,35200,Rennes,35238,,02 30 96 20 10,,35 - Ille-et-Vilaine,Rennes,Bretagne,53,-1.6548241693553,48.08783495,,https://www.onisep.fr/http/redirection/etablissement/slug/ENS.19414,06/06/2020,04/11/2025
0352373P,81099315400014,école d'ingénieurs,Institut polytechnique UniLaSalle - campus de Rennes,,privé,,,,Institut polytechnique UniLaSalle - campus d'Amiens à Amiens (80) | Institut polytechnique UniLaSalle - campus de Beauvais à Beauvais (60) | Institut polytechnique UniLaSalle - campus de Rouen à Mont-Saint-Aignan (76),https://www.onisep.fr/http/redirection/etablissement/slug/ENS.15929 | https://www.onisep.fr/http/redirection/etablissement/slug/ENS.17183 | https://www.onisep.fr/http/redirection/etablissement/slug/ENS.11998,,"12 avenue Robert Schuman, Campus de Ker Lann",35170,Bruz,35047,,02 99 05 88 00,,35 - Ille-et-Vilaine,Rennes,Bretagne,53,-1.7453269951511,48.044534111879,le 03/06/2026 de 14h00 à 17h30 voir https://www.unilasalle.fr/portes-ouvertes-rdv-orientation,https://www.onisep.fr/http/redirection/etablissement/slug/ENS.11570,06/06/2020,07/01/2026
0352824E,39779265600100,autre établissement d'enseignement,Institut supérieur de l'électronique et du numérique Yncréa Ouest - campus de Rennes,ISEN Yncréa Ouest,privé,Ministère de l'Enseignement supérieur et de la Recherche,,,Institut supérieur de l'électronique et du numérique Yncréa Ouest - campus de Brest à Brest (29) | Institut supérieur de l'électronique et du numérique Yncréa Ouest - campus de Caen à Caen (14) | Institut supérieur de l'électronique et du numérique Yncréa Ouest - campus de Nantes à Carquefou (44) | Institut supérieur de l'électronique et du numérique Yncréa Ouest - campus de Paris - Antony à Antony (92),https://www.onisep.fr/http/redirection/etablissement/slug/ENS.10130 | https://www.onisep.fr/http/redirection/etablissement/slug/ENS.21973 | https://www.onisep.fr/http/redirection/etablissement/slug/ENS.7463 | https://www.onisep.fr/http/redirection/etablissement/slug/ENS.23341,,22 boulevard Saint-Conwoïon,35000,Rennes,35238,,02 30 13 02 50,,35 - Ille-et-Vilaine,Rennes,Bretagne,53,-1.6887433,48.1042528,,https://www.onisep.fr/http/redirection/etablissement/slug/ENS.19593,06/06/2020,07/11/2025
0352930V,75253547600150,autre établissement d'enseignement,Digital Campus,,privé,,,,,,,3 place du Général Giraud,35000,Rennes,35238,,02 30 96 35 46,,35 - Ille-et-Vilaine,Rennes,Bretagne,53,-1.6785184,48.1056531,,https://www.onisep.fr/http/redirection/etablissement/slug/ENS.13197,06/06/2020,16/02/2026
0351601A,77774615700059,école de santé,Institut de formation en masso-kinésithérapie,IFMK - IFPEK,privé,Ministère des Solidarités et de la Santé,,,Institut de formation en ergothérapie de Rennes à Rennes (35) | Institut de formation en pédicurie podologie à Rennes (35),https://www.onisep.fr/http/redirection/etablissement/slug/ENS.2940 | https://www.onisep.fr/http/redirection/etablissement/slug/ENS.15954,,17 avenue Charles et Raymonde Tillon,35000,Rennes,35238,,02 99 33 25 14,,35 - Ille-et-Vilaine,Rennes,Bretagne,53,-1.6952804,48.1255767,,https://www.onisep.fr/http/redirection/etablissement/slug/ENS.14397,06/06/2020,16/03/2026
0442065F,42985984600041,autre établissement d'enseignement,École Pivaut,,privé,,,,,,,50 rue Jules Andrade,35000,Rennes,35238,,02 23 46 09 88,,35 - Ille-et-Vilaine,Rennes,Bretagne,53,-1.6486614,48.1094321,,https://www.onisep.fr/http/redirection/etablissement/slug/ENS.17540,06/06/2020,17/11/2025
0352440M,,centre de formation de fonctionnaires,École normale supérieure de Rennes,ENS Rennes,public,Ministère de l'Enseignement supérieur et de la Recherche,Université de Rennes (0353074B),https://www.onisep.fr/http/redirection/etablissement/slug/ENS.34,,,,"Avenue Robert Schuman, Campus de Ker Lann",35170,Bruz,35047,,02 99 05 93 00,,35 - Ille-et-Vilaine,Rennes,Bretagne,53,-1.75055,48.0433,,https://www.onisep.fr/http/redirection/etablissement/slug/ENS.5624,06/06/2020,15/04/2026
0353093X,91487009200022,école de gestion et de commerce,INSEEC,,privé,Ministère de l'Enseignement supérieur et de la Recherche,,,INSEEC à Paris (75) | INSEEC à Le Bourget-du-Lac (73) | INSEEC à Bordeaux (33) | INSEEC à Lyon (69) | INSEEC à Bordeaux (33) | INSEEC à Beaune (21) | INSEEC à Paris (75) | INSEEC à Courbevoie (92) | INSEEC à Marseille (13) | INSEEC à Toulouse (31) | INSEEC à Paris (75) | INSEEC à Paris (75) | Sup de Pub - Omnes Education à Rennes (35),https://www.onisep.fr/http/redirection/etablissement/slug/ENS.18359 | https://www.onisep.fr/http/redirection/etablissement/slug/ENS.15130 | https://www.onisep.fr/http/redirection/etablissement/slug/ENS.5209 | https://www.onisep.fr/http/redirection/etablissement/slug/ENS.17240 | https://www.onisep.fr/http/redirection/etablissement/slug/ENS.11786 | https://www.onisep.fr/http/redirection/etablissement/slug/ENS.22424 | https://www.onisep.fr/http/redirection/etablissement/slug/ENS.7368 | https://www.onisep.fr/http/redirection/etablissement/slug/ENS.25353 | https://www.onisep.fr/http/redirection/etablissement/slug/ENS.25411 | https://www.onisep.fr/http/redirection/etablissement/slug/ENS.25412 | https://www.onisep.fr/http/redirection/etablissement/slug/ENS.25355 | https://www.onisep.fr/http/redirection/etablissement/slug/ENS.25360 | https://www.onisep.fr/http/redirection/etablissement/slug/ENS.23995,,31 rue Monseigneur Duchesne,35000,Rennes,35238,,02 30 79 05 63,,35 - Ille-et-Vilaine,Rennes,Bretagne,53,-1.664772,48.1057625,"du 07/01/2026 au 17/06/2026, en virtuel (Masters of Science uniquement, deux mercredis par mois de 18h à 19h) voir https://www.inseec.com/evenement/ | le 06/06/2026 de 18h00 à 19h00, en virtuel (bachelor uniquement) voir https://www.inseec.com/evenement/",https://www.onisep.fr/http/redirection/etablissement/slug/ENS.23994,07/09/2023,13/05/2026
0352909X,44322022300012,école d'ingénieurs,École pour l'informatique et les techniques avancées - site de Rennes,EPITA,privé,,,,École pour l'informatique et les techniques avancées - site de Lyon à Lyon (69) | École pour l'informatique et les techniques avancées - site de Strasbourg à Strasbourg (67) | École pour l'informatique et les techniques avancées - site de Toulouse à Toulouse (31) | École pour l'informatique et les techniques avancées - site de Villejuif à Villejuif (94) | École pour l'informatique et les techniques avancées - site du Kremlin-Bicêtre à Le Kremlin-Bicêtre (94),https://www.onisep.fr/http/redirection/etablissement/slug/ENS.17864 | https://www.onisep.fr/http/redirection/etablissement/slug/ENS.14965 | https://www.onisep.fr/http/redirection/etablissement/slug/ENS.19681 | https://www.onisep.fr/http/redirection/etablissement/slug/ENS.2239 | https://www.onisep.fr/http/redirection/etablissement/slug/ENS.5017,,12 rue Jean-Louis Bertrand,35000,Rennes,35238,,02 57 22 08 11,,35 - Ille-et-Vilaine,Rennes,Bretagne,53,-1.6885,48.1037,,https://www.onisep.fr/http/redirection/etablissement/slug/ENS.9690,06/06/2020,24/02/2026
0352579N,77568013500826,centre de formation d'apprentis,Campus Promotrans Rennes,,privé,Ministère chargé des transports,,,,,,"Rue Urbain Leverrier, Campus de Ker-Lann",35170,Bruz,35047,,02 99 52 55 34,,35 - Ille-et-Vilaine,Rennes,Bretagne,53,-1.74419,48.0501,,https://www.onisep.fr/http/redirection/etablissement/slug/ENS.13189,06/06/2020,06/03/2026
0352477C,35229235300054,école d'art,L'institut supérieur des arts appliqués - LISAA Rennes,,privé,,,,,,,13 rue Poullain Duparc,35000,Rennes,35238,,02 99 79 23 79,,35 - Ille-et-Vilaine,Rennes,Bretagne,53,-1.68105,48.1085,,https://www.onisep.fr/http/redirection/etablissement/slug/ENS.16464,06/06/2020,23/01/2025
0352275H,80799301900056,autre établissement d'enseignement,ESUP Rennes,,privé,Ministère chargé de l'Éducation nationale,,,,,,"1 C rue Louis Braille, ZAC de la Courrouze",35136,Saint-Jacques-de-la-Lande,35281,,02 99 31 42 43,,35 - Ille-et-Vilaine,Rennes,Bretagne,53,-1.70542,48.0924,,https://www.onisep.fr/http/redirection/etablissement/slug/ENS.10421,06/06/2020,23/02/2026
0351602B,77774615700059,école de santé,Institut de formation en pédicurie podologie,IFPP - IFPEK,privé,Ministère des Solidarités et de la Santé,,,Institut de formation en ergothérapie de Rennes à Rennes (35) | Institut de formation en masso-kinésithérapie à Rennes (35),https://www.onisep.fr/http/redirection/etablissement/slug/ENS.2940 | https://www.onisep.fr/http/redirection/etablissement/slug/ENS.14397,,17 avenue Charles et Raymonde Tillon,35000,Rennes,35238,,02 99 33 25 14,,35 - Ille-et-Vilaine,Rennes,Bretagne,53,-1.6952804,48.1255767,,https://www.onisep.fr/http/redirection/etablissement/slug/ENS.15954,06/06/2020,16/03/2026
0352785M,50219577900025,autre établissement d'enseignement,Institut supérieur d'optique,ISO,privé hors contrat,,,,,,,7 boulevard Solférino,35000,Rennes,35238,,02 23 40 10 20,,35 - Ille-et-Vilaine,Rennes,Bretagne,53,-1.67065,48.1044,,https://www.onisep.fr/http/redirection/etablissement/slug/ENS.18774,06/06/2020,09/12/2025
0352818Y,51273717200027,école de santé,Institut d'ostéopathie de Rennes-Bretagne,IO Rennes-Bretagne,privé,Ministère des Solidarités et de la Santé,,,,,,"50 rue Blaise Pascal, Campus Rennes Atalante Ker Lann",35170,Bruz,35047,,02 99 57 19 62,,35 - Ille-et-Vilaine,Rennes,Bretagne,53,-1.7405697,48.0505067,"le 13/06/2026 (en présentiel à partir de 9h30 ou 14h00 ou en webinaire à 11h30, sur inscription) voir https://www.osteo-rennes.fr/portes-ouvertes.php",https://www.onisep.fr/http/redirection/etablissement/slug/ENS.19437,06/06/2020,13/01/2026
0352985E,88329193200027,centre de formation d'apprentis,CFA 35 des préparateurs en pharmacie,CFA 35 PP,privé,,,,,,,"11 rue André et Yvonne Meynier, Immeuble Le Ponthus, Hall A",35000,Rennes,35238,,02 30 96 16 87,,35 - Ille-et-Vilaine,Rennes,Bretagne,53,-1.7092306,48.1285154,,https://www.onisep.fr/http/redirection/etablissement/slug/ENS.21895,05/02/2021,31/01/2024
0352842Z,34025814400286,autre établissement d'enseignement,Institut breton d'éducation permanente,IBEP,privé,Ministère chargé des sports,,,École Pigier Lorient à Lorient (56) | Institut breton d'éducation permanente à Vannes (56) | Institut breton d'éducation permanente à Morlaix (29) | Institut breton d'éducation permanente à Quimper (29) | Institut breton d'éducation permanente à Lorient (56) | Institut breton d'éducation permanente à Brest (29),https://www.onisep.fr/http/redirection/etablissement/slug/ENS.22678 | https://www.onisep.fr/http/redirection/etablissement/slug/ENS.24582 | https://www.onisep.fr/http/redirection/etablissement/slug/ENS.24579 | https://www.onisep.fr/http/redirection/etablissement/slug/ENS.24581 | https://www.onisep.fr/http/redirection/etablissement/slug/ENS.24578 | https://www.onisep.fr/http/redirection/etablissement/slug/ENS.25097,,41 rue Charles Géniaux,35000,Rennes,35238,,02 99 86 11 86,,35 - Ille-et-Vilaine,Rennes,Bretagne,53,-1.7136755,48.1117364,,https://www.onisep.fr/http/redirection/etablissement/slug/ENS.15729,06/06/2020,29/10/2025
0353003Z,35119111900293,autre établissement d'enseignement,My Digital School Rennes,,privé,,,,AFTEC à Rennes (35) | CFA du Groupe AFTEC à Rennes (35) | CFA IHECF - AFTEC à Rennes (35) | Institut des hautes études comptables et financières à Bruz (35) | IPAC Bachelor Factory à Rennes (35) | MBway Rennes à Rennes (35) | Studio M - AFTEC à Rennes (35) | WIN Sport School Rennes à Rennes (35),https://www.onisep.fr/http/redirection/etablissement/slug/ENS.15921 | https://www.onisep.fr/http/redirection/etablissement/slug/ENS.23526 | https://www.onisep.fr/http/redirection/etablissement/slug/ENS.25220 | https://www.onisep.fr/http/redirection/etablissement/slug/ENS.2784 | https://www.onisep.fr/http/redirection/etablissement/slug/ENS.23346 | https://www.onisep.fr/http/redirection/etablissement/slug/ENS.23352 | https://www.onisep.fr/http/redirection/etablissement/slug/ENS.25214 | https://www.onisep.fr/http/redirection/etablissement/slug/ENS.23511,,2 rue Gabriel Germain,35000,Rennes,35238,,02 57 24 04 15,,35 - Ille-et-Vilaine,Rennes,Bretagne,53,-1.6923970271319,48.13221265,le 24/06/2026 de 17h00 à 20h00 | le 01/07/2026 de 17h00 à 20h00 | le 08/07/2026 | le 15/07/2026 | le 22/07/2026 | le 29/07/2026,https://www.onisep.fr/http/redirection/etablissement/slug/ENS.23525,16/03/2023,18/11/2025
0352779F,41894933500024,autre établissement d'enseignement,MENSA,,privé hors contrat,,,,,,,227 rue de Chateaugiron,35000,Rennes,35238,,02 99 22 77 22,,35 - Ille-et-Vilaine,Rennes,Bretagne,53,-1.63445,48.0948,,https://www.onisep.fr/http/redirection/etablissement/slug/ENS.16718,06/06/2020,15/12/2023
0352854M,20002787800012,école des beaux-arts,École européenne supérieure d'art de Bretagne - site de Rennes,EESAB,public,Ministère de la Culture et de la communication,,,,,,34 rue Hoche,35000,Rennes,35238,,02 23 62 22 60,,35 - Ille-et-Vilaine,Rennes,Bretagne,53,-1.67725,48.1143,,https://www.onisep.fr/http/redirection/etablissement/slug/ENS.16153,06/06/2020,18/02/2025
0352767T,30213447300198,autre établissement d'enseignement,Institut national des formations notariales,INFN,privé,Ministère de la Justice,,,,,,2 mail Anne Catherine,35000,Rennes,35238,,02 99 65 50 60,,35 - Ille-et-Vilaine,Rennes,Bretagne,53,-1.68583,48.1042,,https://www.onisep.fr/http/redirection/etablissement/slug/ENS.5529,06/06/2020,11/12/2025
0352349N,42443712700014,université,Institut catholique de Rennes,ICR,privé,,,,,,,"48 rue Blaise Pascal, Campus de Ker Lann",35170,Bruz,35047,,02 99 05 84 75,,35 - Ille-et-Vilaine,Rennes,Bretagne,53,-1.742,48.046,,https://www.onisep.fr/http/redirection/etablissement/slug/ENS.77,06/06/2020,13/12/2021
0350699V,,unité de formation et de recherche,Institut de préparation à l'administration générale,IPAG,public,Ministère de l'Enseignement supérieur et de la Recherche,Université de Rennes (0353074B),https://www.onisep.fr/http/redirection/etablissement/slug/ENS.34,,,,106 boulevard de la Duchesse Anne,35700,Rennes,35238,,02 23 23 78 93,,35 - Ille-et-Vilaine,Rennes,Bretagne,53,-1.6683,48.1208,,https://www.onisep.fr/http/redirection/etablissement/slug/ENS.6604,06/06/2020,16/03/2026
0351002Z,77750927400067,centre de formation d'apprentis,Bâtiment CFA Ille-et-Vilaine,,privé,Ministère chargé des Entreprises et du commerce,,,Bâtiment CFA Côtes d'Armor à Plérin (22) | Bâtiment CFA Finistère à Quimper (29) | Bâtiment CFA Morbihan à Vannes (56),https://www.onisep.fr/http/redirection/etablissement/slug/ENS.4105 | https://www.onisep.fr/http/redirection/etablissement/slug/ENS.8043 | https://www.onisep.fr/http/redirection/etablissement/slug/ENS.16426,,15 rue de la Marebaudière,35760,Montgermont,35189,,02 99 23 61 00,,35 - Ille-et-Vilaine,Rennes,Bretagne,53,-1.7164631,48.1505426,,https://www.onisep.fr/http/redirection/etablissement/slug/ENS.3551,06/06/2020,12/02/2025
0353134S,98079466300024,centre de formation d'apprentis,École supérieure de comptabilité et gestion,ESCG - Rennes,privé,,,,,,,17 avenue Germaine Tillion,35136,Saint-Jacques-de-la-Lande,35281,,02 19 00 16 00,,35 - Ille-et-Vilaine,Rennes,Bretagne,53,-1.7063125,48.0944718,,https://www.onisep.fr/http/redirection/etablissement/slug/ENS.25457,12/11/2025,12/11/2025
0352864Y,75235329200036,centre de formation d'apprentis,Institut managérial supérieur de commerce et de formation,IMSCOF,privé,,,,,,,3 rue du Champ Paris,35510,Cesson-Sévigné,35051,,02 99 01 99 16,,35 - Ille-et-Vilaine,Rennes,Bretagne,53,-1.6038829,48.1197799,,https://www.onisep.fr/http/redirection/etablissement/slug/ENS.24324,18/03/2024,13/05/2026
0352349N,42443712700014,unité de formation et de recherche,Institut catholique de Rennes,ICR,privé,Ministère de l'Enseignement supérieur et de la Recherche,Institut catholique de Rennes (0352349N),https://www.onisep.fr/http/redirection/etablissement/slug/ENS.77,,,,"48 rue Blaise Pascal, Campus de Ker Lann",35170,Bruz,35047,,02 99 05 84 75,,35 - Ille-et-Vilaine,Rennes,Bretagne,53,-1.744916,48.048709,,https://www.onisep.fr/http/redirection/etablissement/slug/ENS.13187,06/06/2020,17/02/2026
0352479E,30084865200040,autre établissement d'enseignement,École des avocats du Grand Ouest,EDAGO,privé,Ministère de la Justice,,,,,CS 67224,"Contour Antoine de Saint-Exupéry, Campus de Ker lann",35170,Bruz,35047,Cedex,02 99 67 46 67,,35 - Ille-et-Vilaine,Rennes,Bretagne,53,-1.74179,48.0459,,https://www.onisep.fr/http/redirection/etablissement/slug/ENS.11322,06/06/2020,23/02/2026
0352490S,39044285300045,centre de formation d'apprentis,Esccot Groupe - SOGESTE,,privé,,,,Esccot Groupe - EFIP à Cesson-Sévigné (35),https://www.onisep.fr/http/redirection/etablissement/slug/ENS.15054,,11 rue des Charmilles,35510,Cesson-Sévigné,35051,,02 99 83 44 83,,35 - Ille-et-Vilaine,Rennes,Bretagne,53,-1.6228297,48.1018719,,https://www.onisep.fr/http/redirection/etablissement/slug/ENS.11060,06/06/2020,18/11/2025
0352822C,75387607700037,autre établissement d'enseignement,Totem Formation,,privé hors contrat,,,,,,,296 Anneau de la Grée,35510,Cesson-Sévigné,35051,,02 99 59 13 10,,35 - Ille-et-Vilaine,Rennes,Bretagne,53,-1.6159868,48.1033784,,https://www.onisep.fr/http/redirection/etablissement/slug/ENS.19385,06/06/2020,01/10/2025
0352813T,52919549700092,autre établissement d'enseignement,Institut supérieur de management des entreprises - site de Rennes,ISME,privé,,,,,,,"17 rue du Bignon, ZI SUD EST",35000,Rennes,35238,,02 99 35 46 00,,35 - Ille-et-Vilaine,Rennes,Bretagne,53,-1.6294092,48.0971585,,https://www.onisep.fr/http/redirection/etablissement/slug/ENS.19268,06/06/2020,12/12/2025
0353135T,42334912500132,école d'art,Condé Rennes,,privé,,,,,,,5 rue de la Monnaie,35000,Rennes,35238,,02 57 67 56 49,,35 - Ille-et-Vilaine,Rennes,Bretagne,53,-1.6821087,48.112312,,https://www.onisep.fr/http/redirection/etablissement/slug/ENS.22177,04/10/2021,19/05/2026
0350805K,50367276800150,centre de formation professionnelle,École Terrade Rennes - Oberthür,,privé hors contrat,,,,,,,74 rue de Paris,35000,Rennes,35238,,02 99 41 74 25,,35 - Ille-et-Vilaine,Rennes,Bretagne,53,-1.6623152156536,48.113031618883,,https://www.onisep.fr/http/redirection/etablissement/slug/ENS.15117,06/06/2020,23/02/2026
0352904S,34238383300049,centre de formation professionnelle,Ligue de Bretagne Natation,ERFAN,privé,,,,,,,9 rue Léo Lagrange,35131,Chartres-de-Bretagne,35066,,02 99 67 03 58,,35 - Ille-et-Vilaine,Rennes,Bretagne,53,-1.7075198,48.1173421,,https://www.onisep.fr/http/redirection/etablissement/slug/ENS.19494,06/06/2020,05/01/2024
0352252H,42291715300013,autre établissement d'enseignement,École supérieure de réalisation audiovisuelle,ESRA,privé,,,,,,,1 rue Xavier Grall,35700,Rennes,35238,,02 99 36 64 64,,35 - Ille-et-Vilaine,Rennes,Bretagne,53,-1.6420827419246,48.1288458,,https://www.onisep.fr/http/redirection/etablissement/slug/ENS.13900,06/06/2020,05/02/2026
0352850H,42385519600154,autre établissement d'enseignement,École pour l'informatique et les nouvelles technologies - campus de Rennes,EPITECH,privé,,,,,,,12 rue Jean-Louis Bertrand,35000,Rennes,35238,,02 57 22 08 53,,35 - Ille-et-Vilaine,Rennes,Bretagne,53,-1.6881354,48.1059904,,https://www.onisep.fr/http/redirection/etablissement/slug/ENS.19678,06/06/2020,25/02/2026
0353075C,90301882800025,autre établissement d'enseignement,Rennes Ynov Campus,,privé,,,,,,,42 rue du Capitaine Maignan,35000,Rennes,35238,,02 30 96 25 80,,35 - Ille-et-Vilaine,Rennes,Bretagne,53,-1.6812393,48.1033073,,https://www.onisep.fr/http/redirection/etablissement/slug/ENS.23515,13/03/2023,30/01/2025
0352317D,19352317200016,institut d'études politiques,Institut d'études politiques (Sciences Po Rennes),IEP,public,Ministère de l'Enseignement supérieur et de la Recherche,Université de Rennes (0353074B),https://www.onisep.fr/http/redirection/etablissement/slug/ENS.34,Campus de Caen de l'Institut d'études politiques de Rennes à Caen (14),https://www.onisep.fr/http/redirection/etablissement/slug/ENS.18998,,104 Boulevard Duchesse Anne,35700,Rennes,35238,Cedex,02 99 84 39 39,,35 - Ille-et-Vilaine,Rennes,Bretagne,53,-1.66826,48.1207,,https://www.onisep.fr/http/redirection/etablissement/slug/ENS.12523,06/06/2020,24/09/2025
0353130M,35119111900426,autre établissement d'enseignement,Studio M - AFTEC,,privé,,,,AFTEC à Rennes (35) | CFA du Groupe AFTEC à Rennes (35) | CFA IHECF - AFTEC à Rennes (35) | Institut des hautes études comptables et financières à Bruz (35) | IPAC Bachelor Factory à Rennes (35) | MBway Rennes à Rennes (35) | My Digital School Rennes à Rennes (35) | WIN Sport School Rennes à Rennes (35),https://www.onisep.fr/http/redirection/etablissement/slug/ENS.15921 | https://www.onisep.fr/http/redirection/etablissement/slug/ENS.23526 | https://www.onisep.fr/http/redirection/etablissement/slug/ENS.25220 | https://www.onisep.fr/http/redirection/etablissement/slug/ENS.2784 | https://www.onisep.fr/http/redirection/etablissement/slug/ENS.23346 | https://www.onisep.fr/http/redirection/etablissement/slug/ENS.23352 | https://www.onisep.fr/http/redirection/etablissement/slug/ENS.23525 | https://www.onisep.fr/http/redirection/etablissement/slug/ENS.23511,,16 avenue Henri Fréville,35200,Rennes,35238,,02 99 57 12 12,,35 - Ille-et-Vilaine,Rennes,Bretagne,53,-1.6751331,48.0900293,le 10/06/2026 de 17h00 à 20h00 | le 20/06/2026 de 09h00 à 12h00 | le 08/07/2026 de 14h00 à 18h00,https://www.onisep.fr/http/redirection/etablissement/slug/ENS.25214,27/05/2025,08/12/2025
0351047Y,77774619900010,autre établissement d'enseignement,Institut des hautes études en droit rural et d'économie agricole,IHEDREA,privé,,,,École 3A à Rennes (35) | École de la responsabilité environnementale à Rennes (35) | École supérieure de l'immobilier à Rennes (35) | Saint-Ex Sup' à Rennes (35),https://www.onisep.fr/http/redirection/etablissement/slug/ENS.17334 | https://www.onisep.fr/http/redirection/etablissement/slug/ENS.22801 | https://www.onisep.fr/http/redirection/etablissement/slug/ENS.22802 | https://www.onisep.fr/http/redirection/etablissement/slug/ENS.24775,CS 84233,"Rue Fernand Robert, La Lande du Breil",35000,Rennes,35238,,02 99 59 93 52,,35 - Ille-et-Vilaine,Rennes,Bretagne,53,-1.708042,48.132255,,https://www.onisep.fr/http/redirection/etablissement/slug/ENS.18412,06/06/2020,13/05/2026
0352267Z,50367276800168,centre de formation professionnelle,École Terrade Rennes - Solferino,,privé hors contrat,,,,,,,24 boulevard de Solférino,35000,Rennes,35238,,02 99 31 00 26,,35 - Ille-et-Vilaine,Rennes,Bretagne,53,-1.66916,48.1043,,https://www.onisep.fr/http/redirection/etablissement/slug/ENS.13899,06/06/2020,06/02/2026
0352496Y,30540504500579,centre de formation d'apprentis,ISTELI - Institut supérieur du transport et de la logistique internationale,,privé,Ministère chargé des transports,,,CFA en transport et logistique - AFTRAL Cesson-Sévigné à Cesson-Sévigné (35),https://www.onisep.fr/http/redirection/etablissement/slug/ENS.23677,,1 avenue de Belle Fontaine,35510,Cesson-Sévigné,35051,,02 99 32 10 22,,35 - Ille-et-Vilaine,Rennes,Bretagne,53,-1.6273893078184,48.12819805,,https://www.onisep.fr/http/redirection/etablissement/slug/ENS.11059,06/06/2020,23/02/2026
0352715L,48538820100041,centre de formation d'apprentis,CFA de l'enseignement catholique de Bretagne,CFA ECB,privé,"Ministère de l'agriculture, de l'agro-alimentaire et de la souveraineté alimentaire",,,,,,9 rue Franz Heller,35700,Rennes,35238,Cedex 07,02 22 06 06 13,,35 - Ille-et-Vilaine,Rennes,Bretagne,53,-1.6649,48.1252,,https://www.onisep.fr/http/redirection/etablissement/slug/ENS.15918,06/06/2020,16/01/2025
0352253J,34752589100011,école d'art,MJM Graphic Design,,privé,,,,,,,29 rue de la Palestine,35000,Rennes,35238,,02 99 38 26 46,,35 - Ille-et-Vilaine,Rennes,Bretagne,53,-1.66603,48.1152,,https://www.onisep.fr/http/redirection/etablissement/slug/ENS.2439,06/06/2020,25/07/2025
0352979Y,33889603800019,autre établissement d'enseignement,Sup Véto,,privé hors contrat,Ministère chargé de l'Éducation nationale,,,,,,"74 rue de Paris, Porte I",35000,Rennes,35238,,02 90 09 37,,35 - Ille-et-Vilaine,Rennes,Bretagne,53,-1.6609671837519,48.1130536,,https://www.onisep.fr/http/redirection/etablissement/slug/ENS.23999,08/09/2023,08/12/2025
0352982B,88162399500019,autre établissement d'enseignement,AGR l'école de l'image,,privé,,,,,,,35 avenue Aristide Briand,35000,Rennes,35238,,09 50 25 30 47,,35 - Ille-et-Vilaine,Rennes,Bretagne,53,-1.6680669,48.1103196,,https://www.onisep.fr/http/redirection/etablissement/slug/ENS.24412,23/04/2024,08/12/2025
0352475A,39305272500016,maison familiale rurale,Maison familiale urbaine,MFU,privé,"Ministère de l'agriculture, de l'agro-alimentaire et de la souveraineté alimentaire",,,CFTA de l'Abbaye de Montfort-sur-Meu à Montfort-sur-Meu (35) | Maison familiale rurale à Questembert (56) | Maison familiale rurale à Guilliers (56) | Maison familiale rurale à Landivisiau (29) | Maison familiale rurale à Saint-Méen-le-Grand (35) | Maison familiale rurale à Plérin (22) | Maison familiale rurale à Elliant (29) | Maison familiale rurale à Pleyben (29) | Maison familiale rurale à Plounévez-Lochrist (29) | Maison familiale rurale à Saint-Renan (29) | Maison familiale rurale à Baulon (35) | Maison familiale rurale à Fougères (35) | Maison familiale rurale à Goven (35) | Maison familiale rurale à Guipry-Messac (35) | Maison familiale rurale à Janzé (35) | Maison familiale rurale à Saint-Symphorien (35) | Maison familiale rurale - CFA à Saint-Aubin-d'Aubigné (35) | Maison familiale rurale - CFA à Loudéac (22) | Maison familiale rurale - CFA à Montauban-de-Bretagne (35) | Maison familiale rurale Formations Compétences Bretagne Centre à Lamballe-Armor (22) | Maison familiale rurale horticole à Saint-Grégoire (35) | Maison familiale rurale - IREO à Lesneven (29) | Maison familiale rurale Plabennec - Ploudaniel à Plabennec (29) | Maison familiale rurale Plabennec - Ploudaniel à Ploudaniel (29) | Maison familiale rurale - Rumengol à Le Faou (29),https://www.onisep.fr/http/redirection/etablissement/slug/ENS.3187 | https://www.onisep.fr/http/redirection/etablissement/slug/ENS.11818 | https://www.onisep.fr/http/redirection/etablissement/slug/ENS.13926 | https://www.onisep.fr/http/redirection/etablissement/slug/ENS.2228 | https://www.onisep.fr/http/redirection/etablissement/slug/ENS.8073 | https://www.onisep.fr/http/redirection/etablissement/slug/ENS.5991 | https://www.onisep.fr/http/redirection/etablissement/slug/ENS.11814 | https://www.onisep.fr/http/redirection/etablissement/slug/ENS.16129 | https://www.onisep.fr/http/redirection/etablissement/slug/ENS.6560 | https://www.onisep.fr/http/redirection/etablissement/slug/ENS.9848 | https://www.onisep.fr/http/redirection/etablissement/slug/ENS.14399 | https://www.onisep.fr/http/redirection/etablissement/slug/ENS.11812 | https://www.onisep.fr/http/redirection/etablissement/slug/ENS.5392 | https://www.onisep.fr/http/redirection/etablissement/slug/ENS.6314 | https://www.onisep.fr/http/redirection/etablissement/slug/ENS.18296 | https://www.onisep.fr/http/redirection/etablissement/slug/ENS.9432 | https://www.onisep.fr/http/redirection/etablissement/slug/ENS.11319 | https://www.onisep.fr/http/redirection/etablissement/slug/ENS.2350 | https://www.onisep.fr/http/redirection/etablissement/slug/ENS.11817 | https://www.onisep.fr/http/redirection/etablissement/slug/ENS.24680 | https://www.onisep.fr/http/redirection/etablissement/slug/ENS.15532 | https://www.onisep.fr/http/redirection/etablissement/slug/ENS.16467 | https://www.onisep.fr/http/redirection/etablissement/slug/ENS.2699 | https://www.onisep.fr/http/redirection/etablissement/slug/ENS.16043 | https://www.onisep.fr/http/redirection/etablissement/slug/ENS.6004,,12 Les Rabinardières,35760,Saint-Grégoire,35278,,02 23 25 01 66,,35 - Ille-et-Vilaine,Rennes,Bretagne,53,-1.688177,48.1768646,,https://www.onisep.fr/http/redirection/etablissement/slug/ENS.16978,06/06/2020,07/01/2026
,,campus connecté,Campus connecté SupBox en détention Rennes,,public,,,,,,,"Rue du Petit Pré, Centre pénitentiaire",35132,Vezin-le-Coquet,35353,,02 56 01 56 00,,35 - Ille-et-Vilaine,Rennes,Bretagne,53,-1.7397693,48.1066262,,https://www.onisep.fr/http/redirection/etablissement/slug/ENS.22422,10/01/2022,08/03/2024
0352906U,81755147600044,centre de formation d'apprentis,Alticome,,privé,,,,,,,255 rue de Châteaugiron,35000,Rennes,35238,,02 23 44 74 69,,35 - Ille-et-Vilaine,Rennes,Bretagne,53,-1.6327866,48.0936824,,https://www.onisep.fr/http/redirection/etablissement/slug/ENS.22887,06/09/2022,17/12/2025
0353078F,43207084500065,autre établissement d'enseignement,Ecofac Business School,,privé,,,,,,,13 rue Robert de Moucon,35510,Cesson-Sévigné,35051,,02 23 30 00 11,,35 - Ille-et-Vilaine,Rennes,Bretagne,53,-1.6114505,48.1284073,,https://www.onisep.fr/http/redirection/etablissement/slug/ENS.3185,06/06/2020,19/02/2026
0353149H,,autre établissement d'enseignement,ENI École informatique - campus de Rennes,,privé,,,,ENI École informatique à Saint-Herblain (44) | ENI École informatique - campus de Niort à Niort (79) | ENI École Informatique - campus de Quimper à Quimper (29),https://www.onisep.fr/http/redirection/etablissement/slug/ENS.9398 | https://www.onisep.fr/http/redirection/etablissement/slug/ENS.25194 | https://www.onisep.fr/http/redirection/etablissement/slug/ENS.25236,,8 rue Léo Lagrange,35131,Chartres-de-Bretagne,35066,,02 23 30 18 50,,35 - Ille-et-Vilaine,Rennes,Bretagne,53,-1.692148,48.0389,,https://www.onisep.fr/http/redirection/etablissement/slug/ENS.25237,13/06/2025,08/04/2026
0352337A,37910309600044,école d'ingénieurs,ECAM Louis de Broglie - campus de Rennes,,privé,,,,ECAM Louis de Broglie - campus de Cherbourg-en-Cotentin à Cherbourg-en-Cotentin (50),https://www.onisep.fr/http/redirection/etablissement/slug/ENS.25420,CS 29128,"Campus de Ker Lann, Contour Antoine de Saint Exupéry",35170,Bruz,35047,,02 99 05 84 00,,35 - Ille-et-Vilaine,Rennes,Bretagne,53,-1.7411132550618,48.04779195,,https://www.onisep.fr/http/redirection/etablissement/slug/ENS.8546,06/06/2020,19/02/2026
0352710F,42284649300035,école de gestion et de commerce,Esccot Groupe - EFIP,,privé,Ministère de l'Enseignement supérieur et de la Recherche,,,Esccot Groupe - SOGESTE à Cesson-Sévigné (35),https://www.onisep.fr/http/redirection/etablissement/slug/ENS.11060,,11 rue des Charmilles,35510,Cesson-Sévigné,35051,,02 99 83 44 83,,35 - Ille-et-Vilaine,Rennes,Bretagne,53,-1.6228297,48.1018719,,https://www.onisep.fr/http/redirection/etablissement/slug/ENS.15054,06/06/2020,17/02/2026
0351884H,13002280900029,centre de formation d'apprentis,Faculté des métiers de la CCI d'Ille-et-Vilaine - Campus de Rennes,,privé,Chambre de commerce et d'industrie,,,CFA de l'industrie de Bretagne de la CCI - antenne de Fougères à Fougères (35) | École d'audioprothèse de la Faculté des métiers de la CCI d'Ille et Vilaine à Fougères (35) | Faculté des métiers de la CCI d'Ille-et-Vilaine - Campus de Fougères à Fougères (35) | Faculté des métiers de la CCI d'Ille-et-Vilaine - Campus de Lorient à Lorient (56) | Faculté des métiers de la CCI d'Ille-et-Vilaine - Campus de Saint-Malo à Saint-Malo (35) | Faculté des métiers de la CCI d'Ille-et-Vilaine - Campus de Vannes à Vannes (56),https://www.onisep.fr/http/redirection/etablissement/slug/ENS.8267 | https://www.onisep.fr/http/redirection/etablissement/slug/ENS.9351 | https://www.onisep.fr/http/redirection/etablissement/slug/ENS.15594 | https://www.onisep.fr/http/redirection/etablissement/slug/ENS.15534 | https://www.onisep.fr/http/redirection/etablissement/slug/ENS.2384 | https://www.onisep.fr/http/redirection/etablissement/slug/ENS.7125,BP 17201,"Rue des Frères Montgolfier, Campus de Ker Lann",35170,Bruz,35047,Cedex,02 99 05 45 45,,35 - Ille-et-Vilaine,Rennes,Bretagne,53,-1.7448295,48.0434449,,https://www.onisep.fr/http/redirection/etablissement/slug/ENS.8801,06/06/2020,07/05/2026
0352048L,26350007600017,école de santé,Institut de formation en ergothérapie de Rennes,IFE - IFPEK,privé,Ministère des Solidarités et de la Santé,,,Institut de formation en masso-kinésithérapie à Rennes (35) | Institut de formation en pédicurie podologie à Rennes (35),https://www.onisep.fr/http/redirection/etablissement/slug/ENS.14397 | https://www.onisep.fr/http/redirection/etablissement/slug/ENS.15954,,17 avenue Charles et Raymonde Tillon,35000,Rennes,35238,,02 99 33 25 14,,35 - Ille-et-Vilaine,Rennes,Bretagne,53,-1.6952804,48.1255767,,https://www.onisep.fr/http/redirection/etablissement/slug/ENS.2940,06/06/2020,16/03/2026
0352450Y,88087198300149,centre de formation d'apprentis,École supérieure de la banque Rennes,ESBanque,privé,,,,,,,227 rue de Chateaugiron,35000,Rennes,35238,,02 99 22 37 80,,35 - Ille-et-Vilaine,Rennes,Bretagne,53,-1.63537,48.0947,,https://www.onisep.fr/http/redirection/etablissement/slug/ENS.1853,06/06/2020,11/05/2026
