Rentrée scolaire,Académie,Code du département,Département,UAI,Nom de l'établissment,Code INSEE de la commune,Nom de la commune,Secteur,IPS,Ecart-type de l'IPS
2018-2019,RENNES,035,ILLE-ET-VILAINE,0350027P,COLLEGE LES GAYEULLES,35238,RENNES,public,109.1,
2018-2019,RENNES,035,ILLE-ET-VILAINE,0350781J,COLLEGE PRIVE NOTRE DAME DU VIEUX COURS,35238,RENNES,privé sous contrat,133.8,
2018-2019,RENNES,035,ILLE-ET-VILAINE,0350836U,COLLEGE PRIVE SAINT MARTIN QUARTIER SAINTE GENEVIEVE,35238,RENNES,privé sous contrat,110.5,
2018-2019,RENNES,035,ILLE-ET-VILAINE,0350839X,COLLEGE PRIVE SAINT HELIER,35238,RENNES,privé sous contrat,128.1,
2018-2019,RENNES,035,ILLE-ET-VILAINE,0350852L,COLLEGE PRIVE SAINT JOSEPH,35047,BRUZ,privé sous contrat,129.4,
2018-2019,RENNES,035,ILLE-ET-VILAINE,0351796M,COLLEGE EMILE ZOLA,35238,RENNES,public,117.1,
2018-2019,RENNES,035,ILLE-ET-VILAINE,0352069J,COLLEGE PRIVE SAINT VINCENT PROVIDENCE,35238,RENNES,privé sous contrat,133.0,
2018-2019,RENNES,035,ILLE-ET-VILAINE,0352319F,COLLEGE PRIVE SAINT GABRIEL,35210,PACE,privé sous contrat,131.3,
2018-2019,RENNES,035,ILLE-ET-VILAINE,0352274G,COLLEGE FRANCOISE DOLTO,35210,PACE,public,119.9,
2017-2018,RENNES,035,ILLE-ET-VILAINE,0350781J,COLLEGE PRIVE NOTRE DAME DU VIEUX COURS,35238,RENNES,privé sous contrat,130.9,
2017-2018,RENNES,035,ILLE-ET-VILAINE,0350866B,COLLEGE PRIVE SAINT JOSEPH,35136,JANZE,privé sous contrat,115.9,
2017-2018,RENNES,035,ILLE-ET-VILAINE,0350874K,COLLEGE PRIVE SAINT YVES,35196,MORDELLES,privé sous contrat,115.1,
2017-2018,RENNES,035,ILLE-ET-VILAINE,0350963G,COLLEGE DES HAUTES OURMES,35238,RENNES,public,82.7,
2017-2018,RENNES,035,ILLE-ET-VILAINE,0351847T,COLLEGE GEORGES BRASSENS,35240,LE RHEU,public,121.6,
2017-2018,RENNES,035,ILLE-ET-VILAINE,0351852Y,COLLEGE DE FONTENAY,35066,CHARTRES DE BRETAGNE,public,112.1,
2017-2018,RENNES,035,ILLE-ET-VILAINE,0352070K,COLLEGE PRIVE ASSOMPTION,35238,RENNES,privé sous contrat,140.5,
2017-2018,RENNES,035,ILLE-ET-VILAINE,0352274G,COLLEGE FRANCOISE DOLTO,35210,PACE,public,120.3,
2017-2018,RENNES,035,ILLE-ET-VILAINE,0352541X,COLLEGE THEODORE MONOD,35352,VERN SUR SEICHE,public,121.3,
2021-2022,RENNES,035,ILLE-ET-VILAINE,0350057X,COLLEGE JACQUES PREVERT,35245,ROMILLE,public,112.7,34.5
2021-2022,RENNES,035,ILLE-ET-VILAINE,0350760L,COLLEGE CLEUNAY,35238,RENNES,public,97.2,42.4
2021-2022,RENNES,035,ILLE-ET-VILAINE,0350835T,COLLEGE PRIVE LA TOUR D AUVERGNE LA SALLE,35238,RENNES,privé sous contrat,124.2,36.4
2021-2022,RENNES,035,ILLE-ET-VILAINE,0350836U,COLLEGE PRIVE SAINT MARTIN QUARTIER SAINTE GENEVIEVE,35238,RENNES,privé sous contrat,112.4,37.4
2021-2022,RENNES,035,ILLE-ET-VILAINE,0350839X,COLLEGE PRIVE SAINT HELIER,35238,RENNES,privé sous contrat,129.3,33.6
2021-2022,RENNES,035,ILLE-ET-VILAINE,0350895H,COLLEGE ROSA PARKS,35238,RENNES,public,72.7,33.2
2018-2019,RENNES,035,ILLE-ET-VILAINE,0350780H,COLLEGE PRIVE IMMACULEE,35278,SAINT GREGOIRE,privé sous contrat,136.1,
2019-2020,RENNES,035,ILLE-ET-VILAINE,0350759K,COLLEGE ECHANGE,35238,RENNES,public,116.9,44.1
2019-2020,RENNES,035,ILLE-ET-VILAINE,0350760L,COLLEGE CLEUNAY,35238,RENNES,public,98.1,42.3
2019-2020,RENNES,035,ILLE-ET-VILAINE,0350836U,COLLEGE PRIVE SAINT MARTIN QUARTIER SAINTE GENEVIEVE,35238,RENNES,privé sous contrat,113.1,35.1
2019-2020,RENNES,035,ILLE-ET-VILAINE,0351638R,COLLEGE ANNE DE BRETAGNE,35238,RENNES,public,127.6,39.8
2019-2020,RENNES,035,ILLE-ET-VILAINE,0351847T,COLLEGE GEORGES BRASSENS,35240,LE RHEU,public,117.0,38.0
2019-2020,RENNES,035,ILLE-ET-VILAINE,0351852Y,COLLEGE DE FONTENAY,35066,CHARTRES DE BRETAGNE,public,111.2,38.1
2019-2020,RENNES,035,ILLE-ET-VILAINE,0352030S,COLLEGE MORVAN LEBESQUE,35196,MORDELLES,public,114.7,34.8
2019-2020,RENNES,035,ILLE-ET-VILAINE,0352260S,COLLEGE FRANCOIS TRUFFAUT,35024,BETTON,public,125.9,36.8
2019-2020,RENNES,035,ILLE-ET-VILAINE,0352274G,COLLEGE FRANCOISE DOLTO,35210,PACE,public,118.9,38.3
2020-2021,RENNES,035,ILLE-ET-VILAINE,0350852L,COLLEGE PRIVE SAINT JOSEPH,35047,BRUZ,privé sous contrat,129.5,32.4
2020-2021,RENNES,035,ILLE-ET-VILAINE,0350866B,COLLEGE PRIVE SAINT JOSEPH,35136,JANZE,privé sous contrat,112.8,33.7
2020-2021,RENNES,035,ILLE-ET-VILAINE,0351851X,COLLEGE LA BINQUENAIS,35238,RENNES,public,80.4,35.7
2020-2021,RENNES,035,ILLE-ET-VILAINE,0351852Y,COLLEGE DE FONTENAY,35066,CHARTRES DE BRETAGNE,public,111.8,39.0
2020-2021,RENNES,035,ILLE-ET-VILAINE,0351906G,COLLEGE BOURGCHEVREUIL,35051,CESSON SEVIGNE,public,133.1,37.4
2016-2017,RENNES,035,ILLE-ET-VILAINE,0350852L,COLLEGE PRIVE SAINT JOSEPH,35047,BRUZ,privé sous contrat,127.9,
2016-2017,RENNES,035,ILLE-ET-VILAINE,0350913C,COLLEGE CLOTILDE VAUTIER,35238,RENNES,public,84.5,
2016-2017,RENNES,035,ILLE-ET-VILAINE,0352589Z,COLLEGE JEAN MOULIN,35281,SAINT JACQUES DE LA LANDE,public,97.2,
2020-2021,RENNES,035,ILLE-ET-VILAINE,0350760L,COLLEGE CLEUNAY,35238,RENNES,public,95.8,42.7
2020-2021,RENNES,035,ILLE-ET-VILAINE,0350780H,COLLEGE PRIVE IMMACULEE,35278,SAINT GREGOIRE,privé sous contrat,137.7,31.0
2020-2021,RENNES,035,ILLE-ET-VILAINE,0350839X,COLLEGE PRIVE SAINT HELIER,35238,RENNES,privé sous contrat,132.5,30.7
2020-2021,RENNES,035,ILLE-ET-VILAINE,0350913C,COLLEGE CLOTILDE VAUTIER,35238,RENNES,public,81.1,39.4
2020-2021,RENNES,035,ILLE-ET-VILAINE,0350963G,COLLEGE DES HAUTES OURMES,35238,RENNES,public,87.0,37.3
2020-2021,RENNES,035,ILLE-ET-VILAINE,0352319F,COLLEGE PRIVE SAINT GABRIEL,35210,PACE,privé sous contrat,133.5,30.9
2020-2021,RENNES,035,ILLE-ET-VILAINE,0352541X,COLLEGE THEODORE MONOD,35352,VERN SUR SEICHE,public,119.7,33.9
2020-2021,RENNES,035,ILLE-ET-VILAINE,0352691K,COLLEGE ANDREE RECIPON,35208,ORGERES,public,118.4,35.4
2020-2021,RENNES,035,ILLE-ET-VILAINE,0352972R,COLLEGE PRIVE SAINT MICHEL,35051,CESSON SEVIGNE,privé sous contrat,98.1,33.3
2019-2020,RENNES,035,ILLE-ET-VILAINE,0350027P,COLLEGE LES GAYEULLES,35238,RENNES,public,101.0,43.2
2019-2020,RENNES,035,ILLE-ET-VILAINE,0350866B,COLLEGE PRIVE SAINT JOSEPH,35136,JANZE,privé sous contrat,116.9,31.1
2019-2020,RENNES,035,ILLE-ET-VILAINE,0351796M,COLLEGE EMILE ZOLA,35238,RENNES,public,114.3,42.5
2019-2020,RENNES,035,ILLE-ET-VILAINE,0352070K,COLLEGE PRIVE ASSOMPTION,35238,RENNES,privé sous contrat,142.1,31.1
2019-2020,RENNES,035,ILLE-ET-VILAINE,0352691K,COLLEGE ANDREE RECIPON,35208,ORGERES,public,120.9,35.3
2021-2022,RENNES,035,ILLE-ET-VILAINE,0350027P,COLLEGE LES GAYEULLES,35238,RENNES,public,102.4,46.4
2021-2022,RENNES,035,ILLE-ET-VILAINE,0350852L,COLLEGE PRIVE SAINT JOSEPH,35047,BRUZ,privé sous contrat,128.4,33.0
2021-2022,RENNES,035,ILLE-ET-VILAINE,0350963G,COLLEGE DES HAUTES OURMES,35238,RENNES,public,86.3,37.0
2021-2022,RENNES,035,ILLE-ET-VILAINE,0351053E,COLLEGE JEAN MONNET,35136,JANZE,public,107.6,35.0
2021-2022,RENNES,035,ILLE-ET-VILAINE,0352260S,COLLEGE FRANCOIS TRUFFAUT,35024,BETTON,public,124.4,36.7
2018-2019,RENNES,035,ILLE-ET-VILAINE,0350002M,COLLEGE PIERRE BROSSOLETTE,35047,BRUZ,public,115.9,
2018-2019,RENNES,035,ILLE-ET-VILAINE,0350033W,COLLEGE LES ORMEAUX,35238,RENNES,public,132.4,
2018-2019,RENNES,035,ILLE-ET-VILAINE,0350759K,COLLEGE ECHANGE,35238,RENNES,public,115.7,
2018-2019,RENNES,035,ILLE-ET-VILAINE,0350874K,COLLEGE PRIVE SAINT YVES,35196,MORDELLES,privé sous contrat,117.8,
2018-2019,RENNES,035,ILLE-ET-VILAINE,0351847T,COLLEGE GEORGES BRASSENS,35240,LE RHEU,public,120.2,
2018-2019,RENNES,035,ILLE-ET-VILAINE,0352071L,COLLEGE PRIVE SAINTE THERESE,35238,RENNES,privé sous contrat,80.3,
2016-2017,RENNES,035,ILLE-ET-VILAINE,0350033W,COLLEGE LES ORMEAUX,35238,RENNES,public,137.2,
2016-2017,RENNES,035,ILLE-ET-VILAINE,0350866B,COLLEGE PRIVE SAINT JOSEPH,35136,JANZE,privé sous contrat,114.0,
2016-2017,RENNES,035,ILLE-ET-VILAINE,0350874K,COLLEGE PRIVE SAINT YVES,35196,MORDELLES,privé sous contrat,115.0,
2016-2017,RENNES,035,ILLE-ET-VILAINE,0350895H,COLLEGE ROSA PARKS,35238,RENNES,public,78.8,
2016-2017,RENNES,035,ILLE-ET-VILAINE,0351796M,COLLEGE EMILE ZOLA,35238,RENNES,public,122.0,
2016-2017,RENNES,035,ILLE-ET-VILAINE,0352030S,COLLEGE MORVAN LEBESQUE,35196,MORDELLES,public,112.8,
2016-2017,RENNES,035,ILLE-ET-VILAINE,0352541X,COLLEGE THEODORE MONOD,35352,VERN SUR SEICHE,public,123.5,
2018-2019,RENNES,035,ILLE-ET-VILAINE,0350057X,COLLEGE JACQUES PREVERT,35245,ROMILLE,public,114.5,
2018-2019,RENNES,035,ILLE-ET-VILAINE,0352070K,COLLEGE PRIVE ASSOMPTION,35238,RENNES,privé sous contrat,141.7,
2017-2018,RENNES,035,ILLE-ET-VILAINE,0350027P,COLLEGE LES GAYEULLES,35238,RENNES,public,110.1,
2017-2018,RENNES,035,ILLE-ET-VILAINE,0350033W,COLLEGE LES ORMEAUX,35238,RENNES,public,136.1,
2017-2018,RENNES,035,ILLE-ET-VILAINE,0350734H,COLLEGE LES CHALAIS,35238,RENNES,public,77.2,
2017-2018,RENNES,035,ILLE-ET-VILAINE,0350760L,COLLEGE CLEUNAY,35238,RENNES,public,102.0,
2017-2018,RENNES,035,ILLE-ET-VILAINE,0350839X,COLLEGE PRIVE SAINT HELIER,35238,RENNES,privé sous contrat,125.9,
2017-2018,RENNES,035,ILLE-ET-VILAINE,0350913C,COLLEGE CLOTILDE VAUTIER,35238,RENNES,public,82.9,
2017-2018,RENNES,035,ILLE-ET-VILAINE,0350965J,COLLEGE LE LANDRY,35238,RENNES,public,117.8,
2017-2018,RENNES,035,ILLE-ET-VILAINE,0352589Z,COLLEGE JEAN MOULIN,35281,SAINT JACQUES DE LA LANDE,public,99.7,
2017-2018,RENNES,035,ILLE-ET-VILAINE,0350759K,COLLEGE ECHANGE,35238,RENNES,public,119.5,
2017-2018,RENNES,035,ILLE-ET-VILAINE,0350780H,COLLEGE PRIVE IMMACULEE,35278,SAINT GREGOIRE,privé sous contrat,133.6,
2017-2018,RENNES,035,ILLE-ET-VILAINE,0350836U,COLLEGE PRIVE SAINT MARTIN QUARTIER SAINTE GENEVIEVE,35238,RENNES,privé sous contrat,108.9,
2017-2018,RENNES,035,ILLE-ET-VILAINE,0351851X,COLLEGE LA BINQUENAIS,35238,RENNES,public,81.6,
2017-2018,RENNES,035,ILLE-ET-VILAINE,0352071L,COLLEGE PRIVE SAINTE THERESE,35238,RENNES,privé sous contrat,80.1,
2017-2018,RENNES,035,ILLE-ET-VILAINE,0352260S,COLLEGE FRANCOIS TRUFFAUT,35024,BETTON,public,129.9,
2019-2020,RENNES,035,ILLE-ET-VILAINE,0350895H,COLLEGE ROSA PARKS,35238,RENNES,public,75.0,29.4
2019-2020,RENNES,035,ILLE-ET-VILAINE,0350963G,COLLEGE DES HAUTES OURMES,35238,RENNES,public,87.3,35.1
2019-2020,RENNES,035,ILLE-ET-VILAINE,0351053E,COLLEGE JEAN MONNET,35136,JANZE,public,106.9,34.2
2019-2020,RENNES,035,ILLE-ET-VILAINE,0351851X,COLLEGE LA BINQUENAIS,35238,RENNES,public,80.4,35.7
2021-2022,RENNES,035,ILLE-ET-VILAINE,0350874K,COLLEGE PRIVE SAINT YVES,35196,MORDELLES,privé sous contrat,118.8,28.3
2021-2022,RENNES,035,ILLE-ET-VILAINE,0351796M,COLLEGE EMILE ZOLA,35238,RENNES,public,106.1,43.0
2021-2022,RENNES,035,ILLE-ET-VILAINE,0351851X,COLLEGE LA BINQUENAIS,35238,RENNES,public,80.6,37.0
2021-2022,RENNES,035,ILLE-ET-VILAINE,0352071L,COLLEGE PRIVE JOSEPHINE BAKHITA,35238,RENNES,privé sous contrat,80.4,26.4
2021-2022,RENNES,035,ILLE-ET-VILAINE,0352691K,COLLEGE ANDREE RECIPON,35208,ORGERES,public,115.2,36.1
2021-2022,RENNES,035,ILLE-ET-VILAINE,0352972R,COLLEGE PRIVE SAINT MICHEL,35051,CESSON SEVIGNE,privé sous contrat,99.8,32.8
2016-2017,RENNES,035,ILLE-ET-VILAINE,0350963G,COLLEGE DES HAUTES OURMES,35238,RENNES,public,81.4,
2016-2017,RENNES,035,ILLE-ET-VILAINE,0351638R,COLLEGE ANNE DE BRETAGNE,35238,RENNES,public,128.9,
2016-2017,RENNES,035,ILLE-ET-VILAINE,0351852Y,COLLEGE DE FONTENAY,35066,CHARTRES DE BRETAGNE,public,114.0,
2016-2017,RENNES,035,ILLE-ET-VILAINE,0350002M,COLLEGE PIERRE BROSSOLETTE,35047,BRUZ,public,117.2,
2016-2017,RENNES,035,ILLE-ET-VILAINE,0350027P,COLLEGE LES GAYEULLES,35238,RENNES,public,112.2,
2016-2017,RENNES,035,ILLE-ET-VILAINE,0350734H,COLLEGE LES CHALAIS,35238,RENNES,public,78.5,
2020-2021,RENNES,035,ILLE-ET-VILAINE,0350002M,COLLEGE PIERRE BROSSOLETTE,35047,BRUZ,public,113.8,37.8
2020-2021,RENNES,035,ILLE-ET-VILAINE,0350027P,COLLEGE LES GAYEULLES,35238,RENNES,public,100.3,46.9
2020-2021,RENNES,035,ILLE-ET-VILAINE,0350057X,COLLEGE JACQUES PREVERT,35245,ROMILLE,public,115.1,34.4
2020-2021,RENNES,035,ILLE-ET-VILAINE,0350874K,COLLEGE PRIVE SAINT YVES,35196,MORDELLES,privé sous contrat,118.3,29.0
2020-2021,RENNES,035,ILLE-ET-VILAINE,0351796M,COLLEGE EMILE ZOLA,35238,RENNES,public,109.1,43.2
2020-2021,RENNES,035,ILLE-ET-VILAINE,0352069J,COLLEGE PRIVE SAINT VINCENT PROVIDENCE,35238,RENNES,privé sous contrat,133.5,35.6
2018-2019,RENNES,035,ILLE-ET-VILAINE,0350734H,COLLEGE LES CHALAIS,35238,RENNES,public,76.2,
2018-2019,RENNES,035,ILLE-ET-VILAINE,0350760L,COLLEGE CLEUNAY,35238,RENNES,public,99.5,
2018-2019,RENNES,035,ILLE-ET-VILAINE,0350866B,COLLEGE PRIVE SAINT JOSEPH,35136,JANZE,privé sous contrat,117.0,
2018-2019,RENNES,035,ILLE-ET-VILAINE,0350895H,COLLEGE ROSA PARKS,35238,RENNES,public,76.6,
2018-2019,RENNES,035,ILLE-ET-VILAINE,0350913C,COLLEGE CLOTILDE VAUTIER,35238,RENNES,public,82.5,
2018-2019,RENNES,035,ILLE-ET-VILAINE,0352030S,COLLEGE MORVAN LEBESQUE,35196,MORDELLES,public,115.1,
2018-2019,RENNES,035,ILLE-ET-VILAINE,0352691K,COLLEGE ANDREE RECIPON,35208,ORGERES,public,120.1,
2021-2022,RENNES,035,ILLE-ET-VILAINE,0350002M,COLLEGE PIERRE BROSSOLETTE,35047,BRUZ,public,113.9,39.3
2021-2022,RENNES,035,ILLE-ET-VILAINE,0350734H,COLLEGE LES CHALAIS,35238,RENNES,public,77.2,33.3
2021-2022,RENNES,035,ILLE-ET-VILAINE,0350913C,COLLEGE CLOTILDE VAUTIER,35238,RENNES,public,80.4,40.3
2021-2022,RENNES,035,ILLE-ET-VILAINE,0351638R,COLLEGE ANNE DE BRETAGNE,35238,RENNES,public,125.7,41.6
2021-2022,RENNES,035,ILLE-ET-VILAINE,0351847T,COLLEGE GEORGES BRASSENS,35240,LE RHEU,public,115.5,38.7
2021-2022,RENNES,035,ILLE-ET-VILAINE,0352030S,COLLEGE MORVAN LEBESQUE,35196,MORDELLES,public,112.3,37.3
2021-2022,RENNES,035,ILLE-ET-VILAINE,0352069J,COLLEGE PRIVE SAINT VINCENT PROVIDENCE,35238,RENNES,privé sous contrat,133.6,35.8
2021-2022,RENNES,035,ILLE-ET-VILAINE,0352541X,COLLEGE THEODORE MONOD,35352,VERN SUR SEICHE,public,119.8,33.8
2021-2022,RENNES,035,ILLE-ET-VILAINE,0352589Z,COLLEGE JEAN MOULIN,35281,SAINT JACQUES DE LA LANDE,public,92.8,40.4
2020-2021,RENNES,035,ILLE-ET-VILAINE,0350033W,COLLEGE LES ORMEAUX,35238,RENNES,public,130.7,41.0
2020-2021,RENNES,035,ILLE-ET-VILAINE,0350759K,COLLEGE ECHANGE,35238,RENNES,public,118.4,43.7
2020-2021,RENNES,035,ILLE-ET-VILAINE,0350895H,COLLEGE ROSA PARKS,35238,RENNES,public,73.3,29.3
2020-2021,RENNES,035,ILLE-ET-VILAINE,0350965J,COLLEGE LE LANDRY,35238,RENNES,public,113.6,44.2
2020-2021,RENNES,035,ILLE-ET-VILAINE,0351053E,COLLEGE JEAN MONNET,35136,JANZE,public,107.4,34.7
2020-2021,RENNES,035,ILLE-ET-VILAINE,0351847T,COLLEGE GEORGES BRASSENS,35240,LE RHEU,public,117.0,38.9
2020-2021,RENNES,035,ILLE-ET-VILAINE,0352030S,COLLEGE MORVAN LEBESQUE,35196,MORDELLES,public,114.0,36.4
2020-2021,RENNES,035,ILLE-ET-VILAINE,0352071L,COLLEGE PRIVE SAINTE THERESE,35238,RENNES,privé sous contrat,83.4,27.6
2020-2021,RENNES,035,ILLE-ET-VILAINE,0352589Z,COLLEGE JEAN MOULIN,35281,SAINT JACQUES DE LA LANDE,public,94.3,41.4
2020-2021,RENNES,035,ILLE-ET-VILAINE,0352959B,COLLEGE MARIE CURIE,35139,LAILLE,public,112.6,37.6
2018-2019,RENNES,035,ILLE-ET-VILAINE,0350835T,COLLEGE PRIVE LA TOUR D AUVERGNE LA SALLE,35238,RENNES,privé sous contrat,122.0,
2018-2019,RENNES,035,ILLE-ET-VILAINE,0350965J,COLLEGE LE LANDRY,35238,RENNES,public,113.3,
2018-2019,RENNES,035,ILLE-ET-VILAINE,0351851X,COLLEGE LA BINQUENAIS,35238,RENNES,public,81.1,
2016-2017,RENNES,035,ILLE-ET-VILAINE,0350759K,COLLEGE ECHANGE,35238,RENNES,public,120.2,
2016-2017,RENNES,035,ILLE-ET-VILAINE,0350760L,COLLEGE CLEUNAY,35238,RENNES,public,99.7,
2016-2017,RENNES,035,ILLE-ET-VILAINE,0350780H,COLLEGE PRIVE IMMACULEE,35278,SAINT GREGOIRE,privé sous contrat,133.4,
2016-2017,RENNES,035,ILLE-ET-VILAINE,0350781J,COLLEGE PRIVE NOTRE DAME DU VIEUX COURS,35238,RENNES,privé sous contrat,132.5,
2016-2017,RENNES,035,ILLE-ET-VILAINE,0350839X,COLLEGE PRIVE SAINT HELIER,35238,RENNES,privé sous contrat,119.3,
2016-2017,RENNES,035,ILLE-ET-VILAINE,0351847T,COLLEGE GEORGES BRASSENS,35240,LE RHEU,public,119.4,
2016-2017,RENNES,035,ILLE-ET-VILAINE,0351906G,COLLEGE BOURGCHEVREUIL,35051,CESSON SEVIGNE,public,135.0,
2016-2017,RENNES,035,ILLE-ET-VILAINE,0352070K,COLLEGE PRIVE ASSOMPTION,35238,RENNES,privé sous contrat,138.1,
2016-2017,RENNES,035,ILLE-ET-VILAINE,0352260S,COLLEGE FRANCOIS TRUFFAUT,35024,BETTON,public,129.9,
2016-2017,RENNES,035,ILLE-ET-VILAINE,0352274G,COLLEGE FRANCOISE DOLTO,35210,PACE,public,120.6,
2017-2018,RENNES,035,ILLE-ET-VILAINE,0350002M,COLLEGE PIERRE BROSSOLETTE,35047,BRUZ,public,116.1,
2017-2018,RENNES,035,ILLE-ET-VILAINE,0350057X,COLLEGE JACQUES PREVERT,35245,ROMILLE,public,113.3,
2017-2018,RENNES,035,ILLE-ET-VILAINE,0350835T,COLLEGE PRIVE LA TOUR D AUVERGNE LA SALLE,35238,RENNES,privé sous contrat,121.3,
2017-2018,RENNES,035,ILLE-ET-VILAINE,0350895H,COLLEGE ROSA PARKS,35238,RENNES,public,76.0,
2017-2018,RENNES,035,ILLE-ET-VILAINE,0351053E,COLLEGE JEAN MONNET,35136,JANZE,public,106.8,
2017-2018,RENNES,035,ILLE-ET-VILAINE,0351906G,COLLEGE BOURGCHEVREUIL,35051,CESSON SEVIGNE,public,133.5,
2017-2018,RENNES,035,ILLE-ET-VILAINE,0352030S,COLLEGE MORVAN LEBESQUE,35196,MORDELLES,public,113.7,
2017-2018,RENNES,035,ILLE-ET-VILAINE,0352069J,COLLEGE PRIVE SAINT VINCENT PROVIDENCE,35238,RENNES,privé sous contrat,133.3,
2017-2018,RENNES,035,ILLE-ET-VILAINE,0352319F,COLLEGE PRIVE SAINT GABRIEL,35210,PACE,privé sous contrat,133.4,
2017-2018,RENNES,035,ILLE-ET-VILAINE,0352691K,COLLEGE ANDREE RECIPON,35208,ORGERES,public,120.1,
2019-2020,RENNES,035,ILLE-ET-VILAINE,0350002M,COLLEGE PIERRE BROSSOLETTE,35047,BRUZ,public,115.4,36.8
2019-2020,RENNES,035,ILLE-ET-VILAINE,0350033W,COLLEGE LES ORMEAUX,35238,RENNES,public,132.1,39.5
2019-2020,RENNES,035,ILLE-ET-VILAINE,0350734H,COLLEGE LES CHALAIS,35238,RENNES,public,76.9,33.7
2019-2020,RENNES,035,ILLE-ET-VILAINE,0350781J,COLLEGE PRIVE NOTRE DAME DU VIEUX COURS,35238,RENNES,privé sous contrat,132.9,33.4
2019-2020,RENNES,035,ILLE-ET-VILAINE,0350835T,COLLEGE PRIVE LA TOUR D AUVERGNE LA SALLE,35238,RENNES,privé sous contrat,118.7,35.3
2019-2020,RENNES,035,ILLE-ET-VILAINE,0350839X,COLLEGE PRIVE SAINT HELIER,35238,RENNES,privé sous contrat,129.8,31.7
2019-2020,RENNES,035,ILLE-ET-VILAINE,0350874K,COLLEGE PRIVE SAINT YVES,35196,MORDELLES,privé sous contrat,117.2,30.7
2019-2020,RENNES,035,ILLE-ET-VILAINE,0350913C,COLLEGE CLOTILDE VAUTIER,35238,RENNES,public,80.9,39.5
2019-2020,RENNES,035,ILLE-ET-VILAINE,0352319F,COLLEGE PRIVE SAINT GABRIEL,35210,PACE,privé sous contrat,133.1,31.1
2019-2020,RENNES,035,ILLE-ET-VILAINE,0352541X,COLLEGE THEODORE MONOD,35352,VERN SUR SEICHE,public,115.7,35.3
2019-2020,RENNES,035,ILLE-ET-VILAINE,0352589Z,COLLEGE JEAN MOULIN,35281,SAINT JACQUES DE LA LANDE,public,95.6,40.5
2017-2018,RENNES,035,ILLE-ET-VILAINE,0350852L,COLLEGE PRIVE SAINT JOSEPH,35047,BRUZ,privé sous contrat,130.3,
2017-2018,RENNES,035,ILLE-ET-VILAINE,0351638R,COLLEGE ANNE DE BRETAGNE,35238,RENNES,public,128.4,
2017-2018,RENNES,035,ILLE-ET-VILAINE,0351796M,COLLEGE EMILE ZOLA,35238,RENNES,public,121.0,
2021-2022,RENNES,035,ILLE-ET-VILAINE,0350033W,COLLEGE LES ORMEAUX,35238,RENNES,public,130.8,41.2
2021-2022,RENNES,035,ILLE-ET-VILAINE,0350759K,COLLEGE ECHANGE,35238,RENNES,public,117.9,44.6
2021-2022,RENNES,035,ILLE-ET-VILAINE,0350780H,COLLEGE PRIVE IMMACULEE,35278,SAINT GREGOIRE,privé sous contrat,138.7,29.9
2021-2022,RENNES,035,ILLE-ET-VILAINE,0350781J,COLLEGE PRIVE NOTRE DAME DU VIEUX COURS,35238,RENNES,privé sous contrat,130.3,35.0
2021-2022,RENNES,035,ILLE-ET-VILAINE,0350866B,COLLEGE PRIVE SAINT JOSEPH,35136,JANZE,privé sous contrat,113.9,33.7
2021-2022,RENNES,035,ILLE-ET-VILAINE,0350965J,COLLEGE LE LANDRY,35238,RENNES,public,113.9,44.5
2021-2022,RENNES,035,ILLE-ET-VILAINE,0351852Y,COLLEGE DE FONTENAY,35066,CHARTRES DE BRETAGNE,public,111.7,39.7
2021-2022,RENNES,035,ILLE-ET-VILAINE,0351906G,COLLEGE BOURGCHEVREUIL,35051,CESSON SEVIGNE,public,134.3,36.9
2021-2022,RENNES,035,ILLE-ET-VILAINE,0352070K,COLLEGE PRIVE ASSOMPTION,35238,RENNES,privé sous contrat,141.1,31.5
2021-2022,RENNES,035,ILLE-ET-VILAINE,0352274G,COLLEGE FRANCOISE DOLTO,35210,PACE,public,118.1,39.1
2021-2022,RENNES,035,ILLE-ET-VILAINE,0352319F,COLLEGE PRIVE SAINT GABRIEL,35210,PACE,privé sous contrat,137.7,29.3
2021-2022,RENNES,035,ILLE-ET-VILAINE,0352959B,COLLEGE MARIE CURIE,35139,LAILLE,public,124.8,34.4
2021-2022,RENNES,035,ILLE-ET-VILAINE,0353006C,COLLEGE PRIVE LEONTINE DOLIVET,35051,CESSON SEVIGNE,privé sous contrat,139.2,27.6
2019-2020,RENNES,035,ILLE-ET-VILAINE,0350057X,COLLEGE JACQUES PREVERT,35245,ROMILLE,public,114.6,34.2
2019-2020,RENNES,035,ILLE-ET-VILAINE,0350780H,COLLEGE PRIVE IMMACULEE,35278,SAINT GREGOIRE,privé sous contrat,137.7,30.7
2019-2020,RENNES,035,ILLE-ET-VILAINE,0350852L,COLLEGE PRIVE SAINT JOSEPH,35047,BRUZ,privé sous contrat,129.8,32.6
2019-2020,RENNES,035,ILLE-ET-VILAINE,0350965J,COLLEGE LE LANDRY,35238,RENNES,public,112.1,44.2
2019-2020,RENNES,035,ILLE-ET-VILAINE,0351906G,COLLEGE BOURGCHEVREUIL,35051,CESSON SEVIGNE,public,134.0,36.3
2019-2020,RENNES,035,ILLE-ET-VILAINE,0352069J,COLLEGE PRIVE SAINT VINCENT PROVIDENCE,35238,RENNES,privé sous contrat,132.8,36.2
2019-2020,RENNES,035,ILLE-ET-VILAINE,0352071L,COLLEGE PRIVE SAINTE THERESE,35238,RENNES,privé sous contrat,81.5,26.5
2020-2021,RENNES,035,ILLE-ET-VILAINE,0350734H,COLLEGE LES CHALAIS,35238,RENNES,public,75.6,32.6
2020-2021,RENNES,035,ILLE-ET-VILAINE,0350781J,COLLEGE PRIVE NOTRE DAME DU VIEUX COURS,35238,RENNES,privé sous contrat,129.8,34.7
2020-2021,RENNES,035,ILLE-ET-VILAINE,0350835T,COLLEGE PRIVE LA TOUR D AUVERGNE LA SALLE,35238,RENNES,privé sous contrat,122.0,36.7
2020-2021,RENNES,035,ILLE-ET-VILAINE,0350836U,COLLEGE PRIVE SAINT MARTIN QUARTIER SAINTE GENEVIEVE,35238,RENNES,privé sous contrat,110.3,36.3
2020-2021,RENNES,035,ILLE-ET-VILAINE,0351638R,COLLEGE ANNE DE BRETAGNE,35238,RENNES,public,128.1,40.1
2020-2021,RENNES,035,ILLE-ET-VILAINE,0352070K,COLLEGE PRIVE ASSOMPTION,35238,RENNES,privé sous contrat,142.3,30.6
2020-2021,RENNES,035,ILLE-ET-VILAINE,0352260S,COLLEGE FRANCOIS TRUFFAUT,35024,BETTON,public,124.5,37.4
2020-2021,RENNES,035,ILLE-ET-VILAINE,0352274G,COLLEGE FRANCOISE DOLTO,35210,PACE,public,119.5,38.8
2016-2017,RENNES,035,ILLE-ET-VILAINE,0350057X,COLLEGE JACQUES PREVERT,35245,ROMILLE,public,110.0,
2016-2017,RENNES,035,ILLE-ET-VILAINE,0350835T,COLLEGE PRIVE LA TOUR D AUVERGNE,35238,RENNES,privé sous contrat,119.4,
2016-2017,RENNES,035,ILLE-ET-VILAINE,0350836U,COLLEGE PRIVE SAINTE GENEVIEVE,35238,RENNES,privé sous contrat,110.9,
2016-2017,RENNES,035,ILLE-ET-VILAINE,0350965J,COLLEGE LE LANDRY,35238,RENNES,public,117.9,
2016-2017,RENNES,035,ILLE-ET-VILAINE,0351053E,COLLEGE JEAN MONNET,35136,JANZE,public,103.5,
2016-2017,RENNES,035,ILLE-ET-VILAINE,0351851X,COLLEGE LA BINQUENAIS,35238,RENNES,public,78.3,
2016-2017,RENNES,035,ILLE-ET-VILAINE,0352069J,COLLEGE PRIVE SAINT VINCENT PROVIDENCE,35238,RENNES,privé sous contrat,133.4,
2016-2017,RENNES,035,ILLE-ET-VILAINE,0352071L,COLLEGE PRIVE SAINTE THERESE,35238,RENNES,privé sous contrat,82.9,
2016-2017,RENNES,035,ILLE-ET-VILAINE,0352319F,COLLEGE PRIVE SAINT GABRIEL,35210,PACE,privé sous contrat,134.6,
2016-2017,RENNES,035,ILLE-ET-VILAINE,0352691K,COLLEGE ANDREE RECIPON,35208,ORGERES,public,119.3,
2018-2019,RENNES,035,ILLE-ET-VILAINE,0350963G,COLLEGE DES HAUTES OURMES,35238,RENNES,public,82.6,
2018-2019,RENNES,035,ILLE-ET-VILAINE,0351053E,COLLEGE JEAN MONNET,35136,JANZE,public,107.0,
2018-2019,RENNES,035,ILLE-ET-VILAINE,0351638R,COLLEGE ANNE DE BRETAGNE,35238,RENNES,public,129.4,
2018-2019,RENNES,035,ILLE-ET-VILAINE,0351852Y,COLLEGE DE FONTENAY,35066,CHARTRES DE BRETAGNE,public,112.6,
2018-2019,RENNES,035,ILLE-ET-VILAINE,0351906G,COLLEGE BOURGCHEVREUIL,35051,CESSON SEVIGNE,public,131.1,
2018-2019,RENNES,035,ILLE-ET-VILAINE,0352260S,COLLEGE FRANCOIS TRUFFAUT,35024,BETTON,public,128.5,
2018-2019,RENNES,035,ILLE-ET-VILAINE,0352541X,COLLEGE THEODORE MONOD,35352,VERN SUR SEICHE,public,120.5,
2018-2019,RENNES,035,ILLE-ET-VILAINE,0352589Z,COLLEGE JEAN MOULIN,35281,SAINT JACQUES DE LA LANDE,public,99.5,
