id,id_ex,siret,rup_mi,gestion,date_creat,date_decla,date_publi,date_disso,nature,groupement,titre,titre_court,objet,objet_social1,objet_social2,adrs_complement,adrs_numvoie,adrs_repetition,adrs_typevoie,adrs_libvoie,adrs_distrib,adrs_codeinsee,adrs_codepostal,adrs_libcommune,adrg_declarant,adrg_complemid,adrg_complemgeo,adrg_libvoie,adrg_distrib,adrg_codepostal,adrg_achemine,adrg_pays,dir_civilite,siteweb,publiweb,observation,position,maj_time
W423002641,,,,353P,2007-08-02,2013-01-28,2007-09-01,0001-01-01,D,S,ASSOCIATION DU DESC DE MEDECINE DU SPORT ADMS,DESC DE MEDECINE DU SPORT ADMS,aider les internes et les assistants a la realisation du DESC de medecine du sport,030020,000000,,15, ,RUE,du Nivernais,,35238,35000,Rennes,,,,15 RUE DU NIVERNAIS,,35000,RENNES,FRANCE,PF,,1,,A,2013-04-02 11:26:29
W423013607,,,,353P,2020-02-10,2024-12-17,2020-02-22,0001-01-01,D,S,CITERNE,CITERNE,"editer des livres  en collaboration avec de jeunes auteurices, artistes, illustrateurrices et diffuser la jeune creation independante  organiser des evenements et ateliers de creation en rapport avec lobjet de lassociation  vendre et diffuser des objets editoriaux originaux",006010,000000,,48,,RUE,Lobineau,,35238,35000,Rennes,,,,3  RUE JAVELIN PAGNON,,42000,ST ETIENNE,FRANCE,PF,,0,,A,2025-06-18 18:00:02
W423014646,,,,353P,2022-08-07,2023-10-16,2022-08-23,0001-01-01,D,S,LES ACTIVITES DE CLEMENT ET THERY,LES ACT,organiser des animations devenements et des evenements multi-activites,006000,000000,,1,,RUE,Jean Jacques Kerouredan,,35238,35200,Rennes,,,,24  BOULEVARD ALEXANDRE DE FRAISS,,42100,ST ETIENNE,FRANCE,PF,,0,,A,2023-10-24 10:05:32
W641012087,,85061315900027,,353P,2019-04-25,2022-04-11,2019-05-04,0001-01-01,D,S,CAFOUTCHI,CAFOUTCHI,"promouvoir lexpression culturelle urbaine et rurale autour de la ville de rennes, contribuer et dynamiser la scene culturelle de la metropole rennaise, sensibiliser et promouvoir les themes de durabilite, environnement et respect de la nature propager le gout de la musique instrumentale et vocale, developper et perfectionner les dispositions musicales de tous et en particulier des jeunes,r inciter a la pratique culturelle collective",006100,024050,,13,,RUE,de la Sante,,35238,35000,Rennes,,,,13 RUE DE LA SANTE,,35000,RENNES,FRANCE,PF,,0,,A,2022-10-11 20:00:04
W561000021,0561009464,,,353P,2004-08-18,2023-02-17,2004-09-18,0001-01-01,D,S,ASSOCIATION POUR LA PROTECTION ET LOCCUPATION RAISONNEE DES TERRAINS DE LA POINTE DES CHATS ILE DE GROIX,ASSOCIATION POUR LA PROTECTION ET L...,"etudier et rechercher les voies dune occupation equilibree, concertee et durable de la pointe des chats ile de groix prenant en compte la protection des paysages, de la faune, de la flore et des activites humaines agriculture, chasse, peche, camping, randonnee en lien avec le developpement global de lile",024020,000000,M. Olivier FREZEL,19, ,SQ,L. et M. de Broglie,,35238,35000,Rennes,,,,19 SQUARE L. ET M. DE BROGLIE,,35000,RENNES,FRANCE,PM,,1,,A,2023-02-23 16:30:33
W561000398,0561010396,,,353P,2007-06-18,2026-06-17,2007-07-14,0001-01-01,D,S,CONFERENCE REGIONALE DES BATONNIERS DE LOUEST - CRBO,CONFERENCE REGIONALE DES BATONNIERS,"etude en commun de toutes questions susceptibles dinteresser directement ou indirectement  la profession davocat et la defense des interets des ordres, a raison de leur specificite geographique regionale",014000,004000,,6,,RUE,Hoche,,35238,35000,Rennes,,BARREAU DE RENNES,,6  RUE HOCHE,,35000,RENNES,FRANCE,PM,,0,creation,A,2026-06-30 07:05:42
W561000618,0561009736,,,353P,2005-06-06,2014-09-01,2005-07-09,0001-01-01,D,S,VILLAGE SOLIDAIRE BZH,VILLAGE SOLIDAIRE BZH,"regrouper, soutenir et promouvoir les acteurs engages dans une demarche socialement responsable et respectueuse de lenvironnement",014000,000000,,15,,RUE,Martenot,,35238,35000,Rennes,,,,15 RUE MARTENOT,,35000,RENNES,FRANCE,PF,,0,creation,A,2014-09-03 14:17:51
W561000808,0561010138,49292028500011,,353P,2006-10-03,2025-06-20,2006-10-21,0001-01-01,D,S,TERRE DE LIENS LIAMM AN DOUAR,TERRE DE LIENS LIAMM AN DOUAR,relier les initiatives collectives dachat et de gestion du foncier et du bati en milieu rural,014000,000000,POLE INPACT,17,,RUE,du Bas Village,CS37725,35051,35510,Cesson-Sevigne,,,,17 RUE DU BAS VILLAGE,,35577,CESSON-SEVIGNE,FRANCE,CC,,0,Reprise  =>  date ag=0000-00-00,A,2025-12-20 19:00:02
W561002179,,82385841000033,,353P,2010-05-25,2025-06-26,2010-06-19,0001-01-01,D,S,FEDERATION DES ACTEURS DE LA COORDINATION EN SANTE DE BRETAGNE,FACS BRETAGNE,"federer les acteurs de la coordination en sante bretons, cest-a-dire les reunir, les animer, promouvoir leurs actions et le cas echeant, les representer",017145,000000,,1,,RUE,J Maillard de la Gournerie,,35238,35000,Rennes,,,,1 RUE JULES MAILLARD DE LA GOURNERIE,,35000,RENNES,FRANCE,PM,,0,,A,2025-07-01 07:05:35
W561002802,0561010372,,,353P,2007-05-25,2025-12-05,2007-06-02,0001-01-01,D,S,WELCOME TO THE UNDERGROUNG KINGDON OF IVORY WITHIN UNBELIEVABLE KALEIDOSCOPIC ILLUSIONS WUKI WUKI,WELCOME TO THE UNDERGROUNG KINGDON ...,"initiation aux jeux musicaux de type arcade, pratique de ces jeux musicaux lors devenements dedies, initiation et pratique de la danse Yokakoi",006000,000000,,2,,ALL,de lequinoxe,,35278,35760,Saint-Gregoire,,,,2 ALLEE DE LEQUINOXE,,35760,SAINT-GREGOIRE,FRANCE,PM,,0,,A,2026-06-06 18:00:02
W561003823,0561008689,,,353P,2001-12-28,2011-09-19,2002-01-26,0001-01-01,D,S,OUEST PLONGEE DEVELOPPEMENT,OUEST PLONGEE DEVELOPPEMENT,"pratique de leducation physique et des sports et plus particulierement de develpper et de favoriser, par tous moyens appropries sur les plans sportifs et accessoirement artitique et scientifique, la connaissance du monde subaquatique, ainsi que celle de tous les sports et activites subaquatiques et connexes, notamment la peche sous-marine, la plongee en scaphandre, la nage avec accessoires pratiquee en mer, psisicne, lac ou eau vive",011125,000000,,31,,RUE,de la Carriere,,35238,35000,Rennes,,,,31 RUE DE LA CARRIeRE,,35000,RENNES,FRANCE,PM,,0,creation,A,2012-02-13 16:08:34
W561003869,,,,353P,2012-02-01,2025-11-20,2012-03-03,0001-01-01,D,S,LA FIB,LA FIB,federer les joueurs de belote et organiser des competitions,007005,000000,,10 Bis,,ALL,Jean-Francois le Gonidec,,35238,35000,Rennes,,,,23  RUE DINKERMANN,,35000,RENNES,FRANCE,CF,,0,,A,2025-12-02 10:05:40
W561004483,0561009656,,,353P,2005-03-24,2022-03-30,1901-07-01,2021-12-29,D,S,ARDIR BRETAGNE ASSOCIATION REGIONALE DES DIRECTEURS DE CENTRE DE FORMATION DAPPRENTIS DE BRETAGNE,ARDIR BRETAGNE ASSOCIATION REGIONALE,"representer au plan regional lensemble de ses membres et contribuer au developpemnt de lapprentissage au sein des CFA mettre en commun des experiences dans les domaines administratif pedagogique et financier de la gestion des CFA afin dameliorer la formation des apprentis et de contribuer au developpement des competences en entreprise  sassocier effectivement a tout debat, etude, reunion ou echange avec tous les interlocuteurs oncernes par toutes formations professionnelles, alternees ou en temps plein, anterieures, posterieures ou concomitantes  lapprentissage  informer les instances regionales des questions concernant le fonctionnement des CFA  intervenir en apportant son concours au plan local, regional ou national a la demande de ses membres  developper la solidarite et la defense des interets materiels et moraux de ses membres  communiquer et promouvoir a lextenr limage de lapprentissage en CFA",015010,000000,,29,,RUE,des Peupliers,,35051,35510,Cesson-Sevigne,,ASSOCIATION ARDIR,,RUE SAINT-MARCEL,,56100,LORIENT,FRANCE,CT,,0,creation,D,2022-04-05 12:45:34
W561004501,,,,353P,2012-07-20,2025-10-27,2012-08-04,0001-01-01,D,S,GOLF  BUSINESS BREIZH,GOLF  BUSINESS BREIZH,"creer un reseau de golfeurs chefs dentrprises en Bretagne parce quils y resident, y exercent leurs activites, mais aussi parce quils portent les valeurs  et lidentite de la region Bretagne historique  en incluant la Loire Atlantique  federer des responsables dentreprise chefs dentreprises, gerant de societes, presidents de societes, directeur generaux, directeurs commerciaux, directeurs financiers, professions liberales qui partagent la meme passion pour le golf, des valeurs communes de convivialite et de communication",011100,000000,,30,,RUE,du Parc,,35024,35830,Betton,,,,6 rue de Ploemeur,,56260,LARMOR PLAGE,FRANCE,PM,,0,,A,2026-04-28 18:00:02
W561004549,0561008952,,,353P,2002-11-25,2021-03-23,2003-02-01,0001-01-01,D,S,SCOPITONE ET COMPAGNIE,SCOPITONE ET COMPAGNIE,"creation, production, diffusion de spectacles vivants.",006070,000000,,8,,RUE,de la Haie de Terre,,35240,35650,Rheu,,CITE ALLENDE,,96 RUE COLBERT,,56100,LORIENT,FRANCE,PM,,0,Creation,A,2021-09-22 20:00:03
W561006218,0561009600,,,353P,1994-03-15,2025-03-07,1901-07-01,0001-01-01,D,S,PORSCHE CLUB BRETAGNE - PAYS DE LOIRE,PORSCHE CLUB BRETAGNE - PAYS DE LA LOI,"reunir les posseseurs de vehicules de marque porsche dans des activtes de loisirs, sorties touristiques et sur circuits echanges didees ayant pour theme les vehicules Porshe  organiser des manifestations diverses ayant pour theme les vehicules de marque Porshe  vendre des article au logo du club  publier un bulletin destine a informer les adherents et rendre compte des manifestations qui se sont deroulees, presentant de linteret",007000,000000,,,,RUE,la Silandiere,,35189,35760,Montgermont,,,,LA SILANDIERE,,35760,MONTGERMONT,FRANCE,PM,http:www.bretagne-paysdeloire-porscheclub.fr,0,creation,A,2025-09-06 18:00:02
W561006274,,,,353P,2014-04-03,2019-09-23,2014-04-19,0001-01-01,D,S,WILD ERMINE,WILD ERMINES,"organiser des parties de jeu de roles, grandeur nature, mettant en oeuvre des lanceurs de type airsoft et de gerer les besoins inherents a cette activite",007000,000000,,14,,RUE,de Mauconseil,,35238,35000,Rennes,,,,14 RUE DE MAUCONSEIL,,35000,RENNES,FRANCE,PM,,0,,A,2020-03-23 20:00:05
W561006678,,,,353P,2015-04-13,2017-12-27,2015-04-25,0001-01-01,D,S,LA GRAINE,LA GRAINE,prestation de creations musicales allant de lecriture a lenregistrement studio en passant par la jaquette et la realisation du clip,006030,000000,,,,LD,La Maugerais,,35238,35000,Rennes,,,,LIEU DIT LA MAUGERAIS,,35000,RENNES,FRANCE,PM,,0,,A,2018-06-28 20:00:03
W561006870,,81470974700012,,353P,2015-09-28,2025-11-09,2015-10-24,0001-01-01,D,S,TILTO DANSE,TILTO DANSE,"dispense dun enseignement pedagogique et technique de la danse tous styles confondus au sein de differentes structures exterieures a lassociation ou au sein meme de lassociation sous forme de cours, dateliers ou de stages de danse  coaching et cours prives pour particuliers a domicile ou en salle  dispense de cours de remise en forme a domicile ou en salle  creation, elaboration et presentation de spectacles etou oeuvres choregraphiques",006040,000000,chez Mr et Mme Pepion,14,,RUE,de la Normandiere,,35051,35510,Cesson-Sevigne,,CHEZ MR ET MME PEPION,,"14 RUE DE,LA NORMANDIERE",,35510,CESSON SEVIGNE,FRANCE,PF,,0,,A,2026-05-11 18:00:02
W561007207,,,,353P,2016-06-01,2021-05-20,2016-06-18,0001-01-01,D,S,LA COMPAGNIE LA POUDRIERE,LA COMPAGNIE LA POUDRIERE,"association a mission creationniste et culturelle, reunir des personnes de tous horizons dans le but de partager des connaissances et des actions creatrices sur le theatre dans un esprit artistique interdisciplinaire, de mettre en oeuvre des projets de mises en scene, de developper des cours de theatre accessibles a tous et generer toutes sortes dactivites en rapport avec la theatralite, bibliotheque de theatre, manifestations spectaculaires Slam, festivals, contes spectateurs-reporters, ecriture dun journal, atelier decriture et recherche theatrale et dramaturgique",006000,000000,,2,,SQ,Commandant Christian Dutertre,,35238,35200,Rennes,,,,2 SQUARE COMMANDANT CHRISTIAN DUTERTRE,,35200,RENNES,FRANCE,PM,,0,,A,2021-06-01 12:45:37
W561007948,,,,353P,2018-02-17,2026-02-02,2018-03-03,0001-01-01,D,S,BIVOUAC DES SCIENCES,BDS,"objectifs de lassociation : la creation de supports pedagogiques dans le but de valoriser des patrimoines artistiques, techniques, scientifiques et naturels au travers de divers supports et animations par le biais de voyages et expeditions  la recherche en innovation pedagogique par le developpement de programmes permettant la lutte contre le decrochage scolaire et linclusion de publics aux besoins specifiques",006000,000000,Maison des Associations,6,,COUR2,des Allies,,35238,35000,Rennes,,,,42  RUE DE STERVINS,,56670,RIANTEC,FRANCE,MA,,0,,A,2026-03-03 10:05:31
W561011210,,,,353P,2018-11-20,2025-05-26,2018-12-08,0001-01-01,D,S,RESEAU BRETAGNE SOLIDAIRE,RESEAU BRETAGNE SOLIDAIRE,animer le reseau des acteurs bretons de la cooperation et de la solidarite internationale,023000,000000,Espace Anne de Bretagne,15,,RUE,Martenot,,35238,35000,Rennes,,,,50  COURS DE CHAZELLES,,56100,LORIENT,FRANCE,PM,,0,,A,2025-06-03 07:05:25
W561011543,,,,353P,2019-11-07,2021-04-01,2019-11-16,0001-01-01,D,S,BACK2BAM PRODUCTION,BACK2BAM,promouvoir les metissages artistiques entre les cultures africaines et le reste du monde par la production video et musicale,006000,000000,,9,,RUE,Guillaume Regnier,,35238,35000,Rennes,,,,9 RUE GUILLAUME REGNIER,,35000,RENNES,FRANCE,PM,,0,,A,2021-04-06 12:45:50
W561012256,,,,353P,2021-04-02,2022-12-28,2021-04-13,0001-01-01,D,S,COMPAGNIE N.1,COMPAGNIE N.1,"creer, produire, diffuser et promouvoir des spectacles et autres manifestations  enseigner la danse sous forme de stages, ateliers ou cours reguliers et egalement lorganisation de rencontres entre differentes disciplines artistiques audiovisuelles, arts vivants dans le but de partager, promouvoir et celebrer lart de la danse dans tous ses etats  engager et collaborer avec toute personne pouvant contribuer a la realisation de ces objectifs et aidant lassociation a se developper",006000,000000,,20,,BD,de Chezy,,35238,35000,Rennes,,,,4 BIS VILLAGE DE KERNAVEST,,56170,QUIBERON,FRANCE,PF,,0,,A,2023-06-29 18:00:02
W561012731,,,,353P,2022-09-21,2024-08-28,2022-10-04,0001-01-01,D,S,KLUB NORZH,KLUB NORZH,"promouvoir les musiques actuelles et les artistes locaux, et enrichir lanimation culturelle pour le public local aux travers de manifestations ",006000,000000,,7,,ALL,de la Nouette,,35250,35230,Saint-Armel,,,,11  RUE DU FORT,,56570,LOCMIQUELIC,FRANCE,PF,,0,,A,2025-02-27 19:00:02
W561012771,,,,353P,2022-10-25,2025-03-17,2022-11-08,0001-01-01,D,S,RAPCLUB,RAPCLUB,promotion de la culture hip-hop et organisation devenements musicaux,006040,000000,,112,,AV,Sergent Maginot,,35238,35000,Rennes,,,,2  RUE BRAILLE,,56530,QUEVEN,FRANCE,CO,,0,,A,2025-03-25 10:05:56
W561013188,0561006078,,,353P,1992-12-09,2023-07-11,0001-01-01,0001-01-01,D,S,INSTITUT REGIONAL C.G.T. DHISTOIRE SOCIALE DE BRETAGNE,INSTITUT REGIONAL C.G.T. D...,"collecte et traitement dinformations et de documents de toute nature se rattachant a lhistoire sociale de la region et plus particulierement a lhistoire du syndicalisme, et leur exploitation a des fins de formation et de recherche historiques  mise en oeuvre detudes, de recherches et de larges confrontations dans les domaines de son champ dinvestigation  contribution a linformation et la formation des militants syndicaux, des travailleurs, des etudiants et de toutes organisations et organismes interesses a lhistoire sociale  toutes les activites de linstitut dont certaines interdisciplinaires",023005,000000,,31,,BD,du portugal,,35238,35208,Rennes,,,,31 BD DU PORTUGAL,CS 90837,35208,RENNES,FRANCE,PM,,0,Reprise  =>  date publication creation au JO a verifier date ag=0000-00-00,A,2024-01-10 19:02:54
W562000006,0562002360,,,353P,1986-01-16,2019-10-25,1986-02-05,0001-01-01,D,S,FORMATION A LA GESTION FORESTIERE FOGEFOR DE BRETAGNE,FORMATION A LA GESTION FORESTIERE ...,"promouvoir, soutenir et organiser la formation des proprietaires forestiers prives a la gestion forestiere sur le territoire de la region de Bretagne. Elle peut confier la realisation des activites de formation a un organisme tiers",014025,000000,CRPF de Bretagne,101 A,,AV,Henri Freville,,35238,35200,Rennes,,,,101 A AVENUE HENRI FReVILLE,,35200,RENNES,FRANCE,PM,,1,,A,2020-01-21 14:08:49
W562000257,0562004597,,,353P,2006-10-17,2009-11-16,2006-11-04,0001-01-01,D,S,ASSOCIATION DES ELEVEURS DE LAPINS BRETONS - AELB,AELB DE BREHAN,representer et defendre les interets des eleveurs de lapins aelb,022542,000000,,,,,Le Chalet,,35001,35690,Acigne,,,,LE CHALET,,35690,ACIGNE,FRANCE,PM,,0,Reprise  =>  date ag=0000-00-00,A,2010-05-18 20:00:02
W562000335,0562004692,,,353P,2007-07-16,2015-04-30,2007-07-28,0001-01-01,D,S,ASSOCIATION BRETONNE DES RESTAURANTS DU TERROIR,ASSOCIATION BRETONNE DES RESTAURANT...,"federer les restaurateurs regionaux qui ont passe avec succes laudit externe de controle de qualite lie aux exigences des criteres et des valeurs, en application du referentiel restaurants du terroir, et ont ete agrees par le comite de labellisation assurer la promotion et la valorisation de la marque collective restaurant du terroir travailler a lamelioration de la demarche des restaurants du terroir par des actions regulieres et suivies, de maniere plus generale",007060,000000,CCI Bretagne,1,,RUE,General Guillaudot,CS 14422,35238,35044,Rennes cedex,,,CCI DE BRETAGNE,1 RUE GeNeRAL GUILLAUDOT,,35044,RENNES CEDEX,FRANCE,PM,,0,Reprise  =>  date ag=0000-00-00,A,2015-10-29 20:00:03
W562000445,0562004192,,,353P,1991-07-17,2026-05-07,0001-01-01,0001-01-01,D,S,BRUIT DE LIRE,BRUIT DE LIRE,promouvoir la lecture et lecriture,015000,006010,,20,,RUE,DE LA CRECHE,,35238,35000,Rennes,Malo-Renault Anne,,,3 RUE POBEGUIN,,56300,PONTIVY,FRANCE,CF,,0,Reprise  =>  date ag=0000-00-00,A,2026-06-01 12:32:09
W562000566,0562002552,,,353P,1987-12-01,2017-01-06,1987-12-23,0001-01-01,D,S,ASSOCIATION BRETONNE DES ETABLISSEMENTS DE LOISIRS,ASSOCIATION BRETONNE DES ETABLISSEM...,Promouvoir des activites de loisirs en bretagne,007080,000000,Chambre Regionale de commerce et dIndustrie,11,,RUE,du General Guillaudot,,35238,35000,Rennes,,,,5 RUE ROLAND GARROS,,56100,LORIENT,FRANCE,PM,,0,Reprise  =>  date ag=0000-00-00,A,2017-01-20 11:28:07
W562001149,,,,353P,2010-11-15,2019-01-22,2010-11-27,0001-01-01,D,S,ESCALES FLUVIALES DE BRETAGNE,CANAUX DE BRETAGNE,"federer lensemble des acteurs publics et prives, en favoriser la concertation et la coordination, et de realiser des actions dans une ambition partagee de valorisation touristique, patrimoniale et de loisirs des voies deau de bretagne et ce, dans un objectif de developpement durable  defendre le patrimoine navigable fluvial, favoriser la coordination,r contribuer au developpement durable economique, social et environnemental des voies deau",024050,000000,,1,,RUE,Raoul Ponchon,,35238,35000,Rennes,,,,LA BECHARDIERE,,35250,SAINT-GERMAIN-SUR-ILLE,FRANCE,PM,,0,,A,2019-01-26 12:45:44
W562001870,056202849B,,,353P,1990-11-12,2024-06-20,1990-12-05,0001-01-01,D,S,COORDINATION DES RADIOS LOCALES ET ASSOCIATIVES  DE BRETAGNE,CORLAB,"federer en Bretagne les radios associatives non commerciales travaillant a linformation locale et a lanimation culturelle, sociale, economique etc des territoires, prenant en compte les realites specifiques de Bretagne tout en souvrant au monde  defendre les interets de ces radios aupres des collectivites, du ministere de tutelle et des differents organismes lies a lexpression radiophonique  etre un lieu dechange, de cooperation et de concertation entre les radios, tant dans le domaine de la formation et de la programmation que sur les plans techniques et financiers  promouvoir lexpression radiophonique en Bretagne en sucitant la creation de nouvelles radios associatives non commerciales locales et de pays  repondre aux appels a projets emanant des collectivites locales, nationales et europeennes  etre un outil de developpement economique et social pour la Bretagne",005010,000000,,26,,RUE,Marc Sangnier,,35238,35200,Rennes,,PLUMFM,,2  RUE DES ROSIERS,,56460,SERENT,FRANCE,CO,,0,Reprise  =>  date ag=0000-00-00,A,2024-07-02 10:08:40
W562002238,0562002525,39077243200048,,353P,2003-05-09,2024-11-25,0001-01-01,0001-01-01,D,S,COMMUNES DU PATRIMOINE RURAL DE BRETAGNE,COMMUNES DU PATRIMOINE RURAL DE BRE...,"sauvegarde et mise en valeur du patrimoine architectural, historique, ethnologique et des sites de lensemble des communes adherentes mise en oeuvre des orientaions definies dans une charte creation et application dun label",023040,010020,,1 C,,AV,de Belle Fontaine,Cs 71777,35051,35510,Cesson-Sevigne,,,,1C-1D BELLE FONTAINE,,35510,CESSON SEVIGNE,FRANCE,PM,,0,Reprise  =>  date ag=0000-00-00,A,2025-05-27 18:00:01
W562006254,0562004395,,,353P,2001-04-27,2025-01-07,0001-01-01,0001-01-01,D,S,ATOO,ATOO,"apporter a ses adherents, son concours en vue de lelaboration des programmes de formation continue de leur personnel et de la mise en oeuvre de ces programmes. les moyens dactions de lassociation sont constitues par lorganisation de cours, conferences, stages et cycles de formation professionnelle de tous ordres a lusage de toutes les personnes et des adherents.",015000,002020,,2,,AV,de Ker Lann,,35047,35170,Bruz,,,CENTRE DAFFAIRES ODYSSeE,ZAC CICe-BLOSSAC,,35170,BRUZ,FRANCE,PF,,0,Reprise  =>  date ag=0000-00-00,A,2025-01-13 13:55:57
W563000354,0563341440,,,353P,2007-07-16,2019-11-19,2007-08-04,0001-01-01,D,S,SOFIA LABEL,SOFIA LABEL,"Developpement des carrieres de Lili Cros et thierry Chazelle , artistes. Utiliser tous les moyens de promotion , production et diffusion de leurs creations artistiques : production de spectacles vivants , production de disques , audio visuelle , edition musicale , fabrication et commercialisation dobjets promotionnels ...",014000,000000,,10 Bis,,SQ,de Nimegue,,35238,35200,Rennes,,,,La Ville Morvan,,56130,NIVILLAC,FRANCE,PF,,0,Reprise  =>  date ag=0000-00-00,A,2020-05-20 20:00:03
W563000755,0563338110,,,353P,1980-03-19,2023-03-16,1901-07-01,0001-01-01,D,S,UNION NATIONALE DES ASSOCIATIONS DE LAVIATION LEGERE DE LARMEE DE TERRE   GROUPEMENT OUEST,ASSOCIATION DES ANCIENS DE LAVIAT...,A,038000,000000,,4,,RUE,de lOrguenais,,35047,35170,Bruz,,,,4 RUE DE LORGUENAIS,,35170,BRUZ,FRANCE,PM,,0,Reprise  =>  date ag=0000-00-00,A,2023-09-15 18:00:02
W563000904,0563340922,,,353P,2006-03-06,2023-05-16,2006-04-08,0001-01-01,D,S,SAN  JYLA  SO,SAN  JYLA  SO,management de groupe et organisations de concerts,007000,000000,,22,,RUE,D Aiguillon,,35238,35200,Rennes,,,,150 RUE DE CHATEAUGIRON,,35000,RENNES,FRANCE,PF,,0,Reprise  =>  date ag=0000-00-00,A,2023-11-15 19:03:13
W563001036,0563341689,,,353P,2008-03-12,2019-11-20,2008-04-05,0001-01-01,D,S,ARS NOMADIS,ARS NOMADIS,"rassembler des personnes autour dun interet porte a la creation artistique, lespace public, et les rapports entre arts et societe  Ars Nomadis a pour objet : la creation et la diffusion duvres artistiques en France et a lEtranger  lorganisation devenements culturels, de projets de cooperation ou de solidarite internationale  la recherche en lien avec le secteur universitaire  laccompagnement, le conseil et la formation au montage et a la mise en oeuvre de projets culturels  elle peut mener toute operation lui permettant de realiser cet objet",014000,000000,,32,,BD,Villebois Mareuil,,35238,35000,Rennes,,,,32 BOULEVARD VILLEBOIS MAREUIL,,35000,RENNES,FRANCE,PM,,0,W563001035,A,2020-05-21 20:00:04
W563001572,0563340715,,,353P,2005-09-13,2023-07-03,2005-10-08,0001-01-01,D,S,ASPECT BRETAGNE - ASSOCIATION POUR LA PROMOTION DE LAPPRENTISSAGE DE LENSEIGNEMENT CATHOLIQUE TECHNOLOGIQUE PROFESSIONNEL ET AGRICOLE EN BRETAGNE,ASPECT BRETAGNE,"aider les etablissements et leurs associations responsables a concevoir et mettre en uvre les projets lies aux formations professionnelles, principalement par alternance, dans tous les secteurs professionnels pouvant etre realises et developpes dans les etablissements catholiques de bretagne  developper un cfa regional, permettant de creer des unites de formation par apprentissage ufa selon les dispositions legislatives et reglementaires en vigueur",014000,000000,,9,,RUE,Franz Heller,,35238,35700,Rennes,,,,9 RUE FRANZ HELLER,,35700,RENNES,FRANCE,PM,https:cfa-ecb.fr,0,Reprise  =>  date ag=0000-00-00,A,2024-01-02 19:02:57
W563002031,0563339717,,,353P,1973-05-23,2024-10-03,0001-01-01,0001-01-01,D,S,UNIRC BRETAGNE,UNIRC BRETAGNE,"regroupement des associations et des groupements de retraites non salaries de lindustrie et du commerce en une union nationale, neutre et independante, afin de coordonner leurs moyens, de recueillir leurs preoccupations et leurs propositions, representer en tous lieux et circonstances les retraites, de favoriser la representatin des associations et groupements de base devant les organisations et les institutins sociales et professionnelles, de soutenir leurs revendications",023040,000000,,3,,PL,Marechal Juin,,35238,35000,Rennes,,,,5 RUE DES PERRIERES,35000,35770,VERN SUR SEICHE,FRANCE,PM,,0,Reprise  =>  date ag=0000-00-00,A,2025-04-04 18:00:02
W563003008,62 84,,,353P,1984-04-19,2019-07-17,0001-01-01,0001-01-01,D,S,COMITE REGIONAL D AIDE A DOMICILE EN MILIEU RURAL DE BRETAGNE,COMITE REGIONAL D AIDE A DOMICILE...,regrouper les federations admr adherentes pour coordonner leur action et leur reflexion au plan de la region,014000,000000,,197,,AV,Patton,CS 90627,35238,35706,Rennes cedex 7,,,,197 AVENUE PATTON,CS 90627,35706,RENNES CEDEX 7,FRANCE,PM,,1,,A,2019-07-18 16:03:11
W563003082,0563338924,,,353P,2001-02-15,2025-12-16,2001-03-10,0001-01-01,D,S,FRACASSE DE 12,LES UNS DES CIES,promouvoir lart du spectacle et de la jonglerie par le biais dinitiations et de manifestations ,006000,000000,,59,,RUE,du Martin Pecheur,,35001,35690,Acigne,,,,17 HAMEAU DE PLESTERVEN,,56880,PLOEREN,FRANCE,PF,,0,Reprise  =>  date ag=0000-00-00,A,2026-06-17 18:00:02
W563003313,0563339591,,,353P,2002-10-07,2023-05-09,2002-11-02,0001-01-01,D,S,DREAMCATCHERS,DREAMCATCHERS,"faire connaitre et reconnaitre la danse contemporaine, favoriser la demarche de recherche et de creation dartistes de la danse contemporaine, produire et diffuser des spectacles vivants",006000,000000,,10 Bis,,SQ,de Nimegue,,35238,35200,Rennes,,,,,7 IMPASSE DE LANGLE.,56860,SENE,FRANCE,PF,,0,Reprise  =>  date ag=0000-00-00,A,2023-11-08 19:03:10
W563003721,0563302987,,,353P,1981-05-18,2017-03-23,1981-05-30,0001-01-01,D,S,GROUPEMENT DES SOCIETAIRES C.A.P.M.A. - C.A.P.M.I. DU MORBIHAN,GROUPEMENT DES SOCIETAIRES CAPMA-CAPMI,"assurer selon les modalites prevues par les statuts de CPAM et CAPMI, la representation de ses adherents a lassemblee generale de la Caisse. Cette assemblee generale represente conformement aux statuts de CAPMA et CAPMI, luniversalite des societaires. Elle a, notamment, la prerogative de nommer ou revoquer les Administrateurs. Elle est souveraine quant aux orientations prises par la Caisse, permettre a ses adherents dacceder a toutes informations relatives a CAPMA et CAPMI, favoriser les rencontres entre ses adherents pour echanger sur les themes de la preparation de la retraite, de la constitution et de la valorisation dune epargne, du maintien du niveau de vie a la retraite par la constitution dun revenu viager, de la transmission dun patrimoine et de la protection des proches, permettre lexpression de levolution des besoins des adherents, le cas echeant, selon leur appartenance professionnelle, dans les domaines mentionnes a lalinea 3 du present article afin de permettre a CAPMA et CAPMI dadapter, si necessaire, la gamme des contrats et services quelle diffuse, contribuer, par lorganisation de toutes actions, menees dans le respect de la politique developpee par CAPMA et CAPMI et des structures mises en place sur le terrain, a la meilleure connaissance possible des valeurs qui laniment. Ces actions pourront sexercer, tant aupres de personnes physiques ou morales que dorganisations professionnelles et dassociatins, dans le ou les departements vises a larticle 5 des presents statuts",022545,000000,,26,,AV,Henri Freville,,35238,35200,Rennes,,,,26 AVENUE HENRI FReVILLE,,35200,RENNES,FRANCE,PM,,0,Reprise  =>  date ag=0000-00-00,A,2017-04-11 09:55:43
W563003813,0563341120,,,353P,1987-01-16,2023-09-07,1987-02-11,0001-01-01,D,S,GUILDE DE BRETAGNE DE JEUX DE SIMULATION,GUILDE DE BRETAGNE DE JEUX DE SIMUL...,a,007000,000000,maison de quartier Francisco Ferrer,40,,RUE,Montaigne,,35238,35200,Rennes,,,,17 RUE DE LA CHEZE,,35380,TREFFENDEL,FRANCE,PM,,0,Reprise  =>  date ag=0000-00-00,A,2024-03-08 19:05:07
W563003923,0563338735,,,353P,1996-08-27,2024-08-05,0001-01-01,0001-01-01,D,S,A.I.R.F.A.F. BRETAGNE - ASSOCIATION INTERREGIONALE DE FABRICANTS DALIMENTS A LA FERME,A.I.R.F.A.F. BRETAGNE - ASSOCIATION...,representer les eleveurs fabriquant laliment a la ferme et de promouvoir toutes actions visant a ameliorer lefficacite et limage de la fabrication daliment a la ferme dans les elevages,014000,000000,,,,RUE,Maurice Le Lannou,CS 14226Maison de lAgriculture,35238,35042,Rennes,,,,BOTCOZEL,,22230,LE HAUT CORLAY,FRANCE,PM,,0,Reprise  =>  date ag=0000-00-00,A,2024-09-06 12:44:17
W563003942,,,,353P,2012-05-09,2024-09-02,2012-05-19,0001-01-01,D,S,GSNAL BRETAGNE GESTION DU SYNDICAT NATIONAL DES AMENAGEURS LOTISSEURS,GSNAL BRETAGNE,"rassembler les membres de la Chambre Regionale Bretagne de ce syndicat afin de realiser des operations commerciales en vue : dassurer la promotion de limage de la profession damenageurs et de lotisseurs aupres des decideurs connexes et du public de la region Bretagne  faciliter louverture dun reseau de communication sur les produits, les competences techniques et le savoir-faire des partenaires institutionnels aupres des adherents  etudier tous les problemes individuels et assurer les prestations de conseil se rattachant a lexercice de la profession tant dordre public que prive  promouvoir ladaptation de la profession a la survenance de perspectives nouvelles resultant devolutions economiques, administratives ou autres qui la concernent  creer et gerer tous services et toutes oeuvres utiles a leurs membres, participer a la constitution et au fonctionnement de tous groupements ayant pour objet le developpement economique de ses membres",032000,000000,,4,,RUE,Jouanet,,35238,35700,Rennes,,IMMEUBLE LE MARYGOLD,,3  RUE PITRE CHEVALIER,,29000,QUIMPER,FRANCE,PM,,0,,A,2025-03-04 19:00:02
W563004483,,,,353P,2013-04-04,2025-11-11,2013-04-20,0001-01-01,D,S,AN DROUIZIG,AN DROUIZIG,"permettre aux locuteurs de faire usage de leur langue au quotidien et en toutes circonstances, aussi bien professionnelles que personnelles  developper des outils linguistiques bases sur les technologies de linformation et de la communication tic  creer du materiel pedagogique innovant pour les langues, sous toutes les formes susceptibles detre efficaces : edition, progressions pedagogiques, tic proposer des formations a des metiers linguistiques, a la communication et a des methodes de communication, a lusage des outils quelle aura developpe",015000,000000,,46,,MAIL,Gaston Bardet,,35240,35650,Rheu,,,,19 RUE GEOFFROY DROUET,,44000,NANTES,FRANCE,PM,https:drouizig.org,0,,A,2026-05-13 18:00:02
W563004665,,,,353P,2013-07-29,2022-02-22,2013-08-10,0001-01-01,D,S,RESEAU DES JURISTES TERRITORIAUX DE LOUEST,RESEAU DES JURISTES TERRITORIAUX OUEST,"rassembler librement les juristes territoriaux de lOuest entendu au sens large de France metropolitaine en vue detre un interlocuteur identifie et identifiable des institutions partenaires, que ce soit lANJT, le CNFPT ou les differents professionnels du droit tout en faisant en sorte que cette structuration nee dun regroupement spontane et informel puisse conserver la souplesse de ce reseau de juristes territoriaux  promouvoir la profession de juriste territorial  etre un interlocuteur aupres des instances regionales ou nationales de representants des collectivites territoriales et de leurs groupements  assurer la promotion et la diffusion au sein des membres de lassociation dune veille juridique ou documentaire sur les problematiques des collectivites territoriales et de leurs groupements  developper lentraide entre professionnels et in fine lefficacite des uns et des autres via les echanges dexperiences",014000,000000,Hotel de Region Bretagne,283,,AV,du General Patton,,35238,35000,Rennes,,,,32 BOULEVARD DUPLEIX,,29000,QUIMPER,FRANCE,PM,,0,,A,2022-08-24 20:00:04
W563004855,,80062252400034,,353P,2014-01-27,2025-04-22,2014-02-08,0001-01-01,D,S,FEMMES DE BRETAGNE,FEMMES DE BRETAGNE,favoriser lentrepreneuriat au feminin en Bretagne en levant les freins a la prise dinitiative par les femmes  en proposant des solutions de mise en reseau et daccompagnement personnalise sur la duree  en facilitant les demarches dacces aux financements des projets portes par les femmes  en securisant les conditions de demarrage de ces initiatives  en encourageant les initiatives responsables  federer lensemble des acteurs concernes autour des femmes porteurs de projets : femmes de Bretagne  lensemble des reseaux de la creation et reprise dentreprises  le pool des financeurs publics et prives de la creation dentreprise  les fondations et les agences acteurs dune economie responsable  les media bretons,003020,000000,,45,,RUE,Fernand Robert,,35238,35000,Rennes,,,,45 RUE FERNAND ROBERT,,35000,RENNES,FRANCE,PF,http:www.femmesdebretagne.fr,0,,A,2025-10-22 18:00:02
W563005297,,,,352S,2014-09-19,2017-07-27,2014-10-25,0001-01-01,D,S,ABEILLE BRETONNE,ABEILLE BRETONNE,"organisation des soirees payantes ou journees reunissant les membres du club des soirees BIZH en Bretagne, lobjectif est de reunir les personnes de plus de 30 ans et qui veulent sortir faire la fete, il est prevu de faire environ 10 evenements par an,",007000,000000,,1,,IMP,Leon Bourgeois,,35139,35890,Laille,,,,1 IMPASSE LEON BOURGEOIS,,35890,LAILLE,FRANCE,PF,,0,,A,2026-06-04 06:46:39
W563005364,,83838309900010,,353P,2014-11-09,2024-02-26,2014-12-06,0001-01-01,D,S,LES RIFFS DU CHAT,LES RIFFS DU CHAT,enregistrement sonore et edition musicale,006030,000000,,13,,RUE,du Calvaire,,35001,35690,Acigne,,,,"13, RUE DU CALVAIRE",,35690,ACIGNE,FRANCE,PF,,0,,A,2024-08-27 18:07:42
W563005562,0563337137,,,353P,1996-10-15,2022-10-28,0001-01-01,2022-09-22,D,S,ACTIVMEMOIRE,ACTIVMEMOIRE,a,006000,000000,,31,,RUE,Louis Hemon,,35238,35703,Rennes,,,,31 RUE LOUIS HeMON,,35200,RENNES,FRANCE,PF,,0,Reprise  =>  date ag=0000-00-00,D,2023-01-03 16:00:31
W563007240,0563306713,,,353P,1995-04-06,2018-10-03,0001-01-01,0001-01-01,D,S,ASSOCIATION DES KINESITHERAPEUTES DU SPORT DE LOUEST AKSO,ASSOCIATION DES KINESITHERAPEUTES D...,promouvoir la kinesitherapie du sport dans la region ouest,017125,000000,,20,,RUE,des Fosses,,35238,35000,Rennes,,,,20 RUE DES FOSSeS,,35000,RENNES,FRANCE,PM,,0,Reprise  =>  date ag=0000-00-00,A,2018-10-03 13:25:51
W563010499,,,,353P,2019-02-01,2025-02-12,2019-03-02,0001-01-01,D,S,ASSOCIATION LAC-SALE EN FRANCE,A.L.S.F,"developper et renover nos villes dans tous les domaines, educatif, sanitaire, jeunesse et environnemental  preserver la tradition comorienne et developper le sport sur tous les plans  favoriser lepanouissement et lentraide de ses membres et sympathisants  uvrer pour lunite reelle de tous ses membres  combattre la partialite, le sectarisme et toute forme de discrimination quelle soit de sexe, de race, de conception philosophique ou religieuse en sintegrant dans toute forme dunion de toutes categories confondues ayant des objectifs similaires  defendre les interets materiels et moraux de lAssociation et de veiller a la bonne gestion des fonds de lAssociation",014000,000000,Batiment,12,,RUE,de Bourgogne,,35238,35000,Rennes,,BAT 07,,6 PLACE DE LA MAIRIE,,56250,MONTERBLANC,FRANCE,PM,,0,,A,2025-02-18 10:05:51
W563010630,,,,353P,2019-06-17,2025-11-14,2019-07-06,0001-01-01,D,S,PLOUHARNAILES,PLOUHARNAILES,promouvoir et developper le vol dultra leger motorise ULM sur la plateforme de Plouharnel  organiser des formations initiales ainsi que des journees decouvertes pour promouvoir lassociation,011135,000000,,10,,LD,Epron,,35204,35410,Nouvoitou,,,,23  RUE DE LA CHESNAIE,,56380,BEIGNON,FRANCE,PM,,0,,A,2025-11-25 10:05:46
W563010693,,,,353P,2019-08-21,2023-01-12,2019-08-31,0001-01-01,D,S,LES MARIE ROSE,LES MARIE ROSE,"proposer des actions, des initiatives et des prestations solidaires en lien avec la reconstruction physique et psychologique post maladie ou evenement de vie difficile  et tout autre action ou evenement en lien avec les maladies chroniques",017000,000000,,31,,RUE,Jules Lallemand,,35238,35000,Rennes,,,,4  RUE DES BOUVREUILS,,56450,SURZUR,FRANCE,PF,,0,,A,2023-01-24 18:45:56
W563011542,0563303035,92347998400018,,353P,1986-05-05,2023-05-24,0001-01-01,0001-01-01,D,S,ICARE ENCORE,ICARE ENCORE,a,007025,000000,,17,,RUE,de Vezin,,35240,35650,Rheu,,,,17 RUE DE VEZIN,,35650,LE RHEU,FRANCE,PM,http:www.icare-encore.fr,0,Reprise  =>  date ag=0000-00-00,A,2023-05-31 18:01:45
W563014005,,,,353P,2021-09-21,2025-06-23,2021-10-05,0001-01-01,D,S,VITAFORM EPGV BRETAGNE,VITAFORM EPGV BRETAGNE,pratique educative de lactivite physique sur tout le territoire breton,011000,000000,,25,,RUE,des Pottiers,,35206,35230,Noyal-Chatillon-sur-Seiche,,,,25 RUE DES POTIERS,,35230,NOYAL CHATILLON SUR SEICHE,FRANCE,PF,,0,,A,2025-12-23 19:00:02
W563014819,,,,353P,2023-11-13,2026-03-01,2023-11-21,0001-01-01,D,S,UNE ETOILE,UNE ETOILE,"lassociation a pour objet dapporter, dans un esprit philanthropique et humanitaire, une aide materielle et unr soutien moral aux personnes demunies demeurant au benin ou originaires de ce pays et residant en France, a ce titre, elle pourra notamment, sans que cette liste ait un caractere limitatif : - aider les enfants, les jeunes filles et les jeunes gens scolarises dans le nord du benin pour la satisfaction de leurs besoins vitaux  - procurer des ressources aux veuves en detresse chargees de famille  - fournir une aide aux etudiants beninois demunis, quils etudient au benin ou en France, pour financerr leurs etudes, leur nourriture eu ou leur logement , - soutenir, dans la phase de demarrage, des projets entrepreneuriaux permettant aux jeunes beninoisr de se procurer des ressources vitales  - et de facon generale entreprendre toute action qui aide les populations visees a sortir de la pauvrete ",014000,000000,,2,,RUE,Ella Fitzgerald,,35352,35770,Vern-sur-Seiche,Monsieur KOUATO Nahouan,,,2 RUE ELLA FITZGERALD,,35770,VERN SUR SEICHE,FRANCE,PM,,0,,A,2026-03-03 09:06:00
W611000684,0611007082,,,353P,2002-11-20,2015-09-21,2003-02-01,0001-01-01,D,S,ASSOCIATION FLEUR DE LYS,ASSOCIATION FLEUR DE LYS,"humanitaire : participer au developpement de lhopital Moulay-Abdellah, a Mohammedia MAROC en optimisant les moyens mis a sa disposition",020000,000000,,34,,RUE,des Tertriers,,35051,35510,Cesson-Sevigne,,,,34 RUE DES TERTRIERS,,35510,CESSON-SeVIGNe,FRANCE,PM,,0,,A,2015-10-10 12:47:03
W611000829,0611006019,,,353P,1991-06-06,2021-12-13,1991-07-31,2020-12-10,D,S,ASSOCIATION GIP SERVICES,ASSOCIATION GIP SERVICES,"la prestation de services dans les domaines de la formation, audit, conseils, gestion, marketing, commercial,...aupres des entreprises de plasturgie ou liees a la plasturgie de quelque facon que ce soit, et a des societes autres que la plasturgie.",022000,022542,,2,,ALL,du Batiment,,35238,35000,Rennes,,,MAISON DES ENTREPRISES,2 ALLeE DU BaTIMENT,,35000,RENNES,FRANCE,PF,,0,,D,2021-12-28 12:45:37
W611001893,0611002383,,,353P,1978-07-28,2017-03-23,1978-08-08,0001-01-01,D,S,GROUPEMENT DES SOCIETAIRES DE LA CAISSE DASSURANCE ET DE PREVOYANCE MUTUELLE DES AGRICULTEURS ET DE LA CAISSE DASSURANCE ET DE PREVOYANCE MUTUELLE INTERPROFESSIONNELLE DE LORNE GROUPEMENT DES SOCIETAIRES CAPMA CAPMI DE LORNE,GROUPEMENT DES SOCIETAIRES DE LA CA...,"assurer selon les modalites prevues par les statuts de CPAM et CAPMI, la representation de ses adherents a lassemblee generale de la Caisse. Cette assemblee generale represente conformement aux statuts de CAPMA et CAPMI, luniversalite des societaires. Elle a, notamment, la prerogative de nommer ou revoquer les Administrateurs. Elle est souveraine quant aux orientations prises par la Caisse, permettre a ses adherents dacceder a toutes informations relatives a CAPMA et CAPMI, favoriser les rencontres entre ses adherents pour echanger sur les themes de la preparation de la retraite, de la constitution et de la valorisation dune epargne, du maintien du niveau de vie a la retraite par la constitution dun revenu viager, de la transmission dun patrimoine et de la protection des proches, permettre lexpression de levolution des besoins des adherents, le cas echeant, selon leur appartenance professionnelle, dans les domaines mentionnes a lalinea 3 du present article afin de permettre a CAPMA et CAPMI dadapter, si necessaire, la gamme des contrats et services quelle diffuse, contribuer, par lorganisation de toutes actions, menees dans le respect de la politique developpee par CAPMA et CAPMI et des structures mises en place sur le terrain, a la meilleure connaissance possible des valeurs qui laniment. Ces actions pourront sexercer, tant aupres de personnes physiques ou morales que dorganisations professionnelles et dassociatins, dans le ou les departements vises a larticle 5 des presents statuts",014000,000000,,26,,AV,Henri Freville,,35238,35000,Rennes,,,,26 AVENUE HENRI FREVILLE,,35000,RENNES,FRANCE,PM,,0,reprise auto => date publication creation au JO a verifier,A,2017-04-11 09:52:54
