Rentrée scolaire,Code région,Région,Code de l'académie,Académie,Code du département,Département,Code INSEE de la commune,Nom de la commune,UAI,Nom de l'établissement,Secteur,IPS,IPS national privé,IPS national public,IPS national,IPS académique privé,IPS académique public,IPS académique,IPS départemental privé,IPS départemental public,IPS départemental,num_ligne
2023-2024,03,BRETAGNE,14,RENNES,35,ILLE-ET-VILAINE,35240,LE RHEU,0350430C,ECOLE PRIMAIRE PUBLIQUE MOIGNE,public,122.7,120.3,102.9,105.5,112.8,107.1,109.4,116.5,110.4,112.7,41719.0
2023-2024,03,BRETAGNE,14,RENNES,35,ILLE-ET-VILAINE,35275,SAINT GILLES,0350479F,ECOLE ELEMENTAIRE PUBLIQUE JACQUES PREVERT,public,112.6,120.3,102.9,105.5,112.8,107.1,109.4,116.5,110.4,112.7,41726.0
2023-2024,03,BRETAGNE,14,RENNES,35,ILLE-ET-VILAINE,35238,RENNES,0350594F,ECOLE ELEMENTAIRE PUBLIQUE CHAMPION DE CICE,public,100.2,120.3,102.9,105.5,112.8,107.1,109.4,116.5,110.4,112.7,41752.0
2023-2024,03,BRETAGNE,14,RENNES,35,ILLE-ET-VILAINE,35238,RENNES,0350602P,ECOLE ELEMENTAIRE PUBLIQUE MARCEL PAGNOL,public,115.2,120.3,102.9,105.5,112.8,107.1,109.4,116.5,110.4,112.7,41754.0
2023-2024,03,BRETAGNE,14,RENNES,35,ILLE-ET-VILAINE,35238,RENNES,0350607V,ECOLE PRIMAIRE PUBLIQUE MAUCONSEIL,public,126.1,120.3,102.9,105.5,112.8,107.1,109.4,116.5,110.4,112.7,41756.0
2023-2024,03,BRETAGNE,14,RENNES,35,ILLE-ET-VILAINE,35238,RENNES,0350626R,ECOLE ELEMENTAIRE PUBLIQUE CAMILLE CLAUDEL,public,130.9,120.3,102.9,105.5,112.8,107.1,109.4,116.5,110.4,112.7,41761.0
2023-2024,03,BRETAGNE,14,RENNES,35,ILLE-ET-VILAINE,35170,MECE,0351099E,ECOLE PRIMAIRE PRIVEE NOTRE DAME DES VERTUS,privé sous contrat,NS,120.3,102.9,105.5,112.8,107.1,109.4,116.5,110.4,112.7,41808.0
2023-2024,03,BRETAGNE,14,RENNES,35,ILLE-ET-VILAINE,35079,CHEVAIGNE,0351253X,ECOLE PRIMAIRE PRIVEE STE THERESE,privé sous contrat,129.5,120.3,102.9,105.5,112.8,107.1,109.4,116.5,110.4,112.7,41850.0
2023-2024,03,BRETAGNE,14,RENNES,35,ILLE-ET-VILAINE,35088,CORPS NUDS,0351267M,ECOLE PRIMAIRE PRIVEE ST JOSEPH,privé sous contrat,120.6,120.3,102.9,105.5,112.8,107.1,109.4,116.5,110.4,112.7,41853.0
2023-2024,03,BRETAGNE,14,RENNES,35,ILLE-ET-VILAINE,35238,RENNES,0351494J,ECOLE PRIMAIRE PRIVEE NOTRE DAME DU VIEUX COURS,privé sous contrat,128.7,120.3,102.9,105.5,112.8,107.1,109.4,116.5,110.4,112.7,41917.0
2023-2024,03,BRETAGNE,14,RENNES,35,ILLE-ET-VILAINE,35353,VEZIN LE COQUET,0351561G,ECOLE PRIMAIRE PRIVEE NOTRE DAME,privé sous contrat,126.2,120.3,102.9,105.5,112.8,107.1,109.4,116.5,110.4,112.7,41940.0
2023-2024,03,BRETAGNE,14,RENNES,35,ILLE-ET-VILAINE,35055,CHANTEPIE,0351699G,ECOLE PRIMAIRE PRIVEE ST JOSEPH,privé sous contrat,130.4,120.3,102.9,105.5,112.8,107.1,109.4,116.5,110.4,112.7,41996.0
2023-2024,03,BRETAGNE,14,RENNES,35,ILLE-ET-VILAINE,35238,RENNES,0351714Y,ECOLE PRIMAIRE PRIVEE ST ARMEL,privé sous contrat,81.3,120.3,102.9,105.5,112.8,107.1,109.4,116.5,110.4,112.7,42007.0
2023-2024,03,BRETAGNE,14,RENNES,35,ILLE-ET-VILAINE,35352,VERN SUR SEICHE,0351749L,ECOLE PRIMAIRE PRIVEE NOTRE DAME,privé sous contrat,126.6,120.3,102.9,105.5,112.8,107.1,109.4,116.5,110.4,112.7,42020.0
2023-2024,03,BRETAGNE,14,RENNES,35,ILLE-ET-VILAINE,35047,BRUZ,0351813F,ECOLE PRIMAIRE PUBLIQUE CHAMP L EVEQUE,public,127.1,120.3,102.9,105.5,112.8,107.1,109.4,116.5,110.4,112.7,42039.0
2023-2024,03,BRETAGNE,14,RENNES,35,ILLE-ET-VILAINE,35238,RENNES,0351829Y,ECOLE ELEMENTAIRE PUBLIQUE LEON GRIMAULT,public,108.7,120.3,102.9,105.5,112.8,107.1,109.4,116.5,110.4,112.7,42044.0
2023-2024,03,BRETAGNE,14,RENNES,35,ILLE-ET-VILAINE,35208,ORGERES,0351862J,ECOLE ELEMENTAIRE PUBLIQUE LES GRAINS D ORGE,public,115.2,120.3,102.9,105.5,112.8,107.1,109.4,116.5,110.4,112.7,42050.0
2023-2024,03,BRETAGNE,14,RENNES,35,ILLE-ET-VILAINE,35051,CESSON SEVIGNE,0351894U,ECOLE ELEMENTAIRE PUBLIQUE BOURGCHEVREUIL,public,136.4,120.3,102.9,105.5,112.8,107.1,109.4,116.5,110.4,112.7,42051.0
2023-2024,03,BRETAGNE,14,RENNES,35,ILLE-ET-VILAINE,35238,RENNES,0352199A,ECOLE ELEMENTAIRE PUBLIQUE GUILLEVIC,public,74.7,120.3,102.9,105.5,112.8,107.1,109.4,116.5,110.4,112.7,42087.0
2023-2024,03,BRETAGNE,14,RENNES,35,ILLE-ET-VILAINE,35238,RENNES,0352335Y,ECOLE PRIMAIRE PRIVEE STE BERNADETTE,privé sous contrat,130.8,120.3,102.9,105.5,112.8,107.1,109.4,116.5,110.4,112.7,42114.0
2023-2024,03,BRETAGNE,14,RENNES,35,ILLE-ET-VILAINE,35210,PACE,0352353T,ECOLE PRIMAIRE PUBLIQUE LE HAUT CHEMIN,public,126.1,120.3,102.9,105.5,112.8,107.1,109.4,116.5,110.4,112.7,42119.0
2023-2024,03,BRETAGNE,14,RENNES,35,ILLE-ET-VILAINE,35281,SAINT JACQUES DE LA LANDE,0352437J,ECOLE ELEMENTAIRE PUBLIQUE SUZANNE LACORE,public,94.4,120.3,102.9,105.5,112.8,107.1,109.4,116.5,110.4,112.7,42152.0
2023-2024,03,BRETAGNE,14,RENNES,35,ILLE-ET-VILAINE,35238,RENNES,0352517W,ECOLE PRIMAIRE PRIVEE NOTRE DAME DES MIRACLES,privé sous contrat,133.3,120.3,102.9,105.5,112.8,107.1,109.4,116.5,110.4,112.7,42165.0
2023-2024,03,BRETAGNE,14,RENNES,35,ILLE-ET-VILAINE,35238,RENNES,0352559S,ECOLE PRIMAIRE PUBLIQUE SONIA DELAUNAY,public,92.2,120.3,102.9,105.5,112.8,107.1,109.4,116.5,110.4,112.7,42171.0
2022-2023,03,BRETAGNE,14,RENNES,35,ILLE-ET-VILAINE,35058,LA CHAPELLE CHAUSSEE,0350173Y,ECOLE PRIMAIRE PUBLIQUE LE CHEMIN NEUF,public,109.1,119.3,102.9,105.4,112.1,107.1,109.1,115.6,110.4,112.4,9489.0
2022-2023,03,BRETAGNE,14,RENNES,35,ILLE-ET-VILAINE,35135,IRODOUËR,0350294E,ECOLE PRIMAIRE PUBLIQUE HENRI DES,public,102.1,119.3,102.9,105.4,112.1,107.1,109.1,115.6,110.4,112.4,9514.0
2022-2023,03,BRETAGNE,14,RENNES,35,ILLE-ET-VILAINE,35189,MONTGERMONT,0350362D,ECOLE ELEMENTAIRE PUBLIQUE GERARD PHILIPE,public,121.8,119.3,102.9,105.4,112.1,107.1,109.1,115.6,110.4,112.4,9529.0
2022-2023,03,BRETAGNE,14,RENNES,35,ILLE-ET-VILAINE,35216,PARTHENAY DE BRETAGNE,0350395P,ECOLE PRIMAIRE PUBLIQUE LA FONTAINE,public,117.6,119.3,102.9,105.4,112.1,107.1,109.1,115.6,110.4,112.4,9534.0
2022-2023,03,BRETAGNE,14,RENNES,35,ILLE-ET-VILAINE,35363,PONT PEAN,0350467T,ECOLE PRIMAIRE PUBLIQUE LUCIE AUBRAC,public,118.2,119.3,102.9,105.4,112.1,107.1,109.1,115.6,110.4,112.4,9546.0
2022-2023,03,BRETAGNE,14,RENNES,35,ILLE-ET-VILAINE,35278,SAINT GREGOIRE,0350483K,ECOLE ELEMENTAIRE PUBLIQUE PAUL EMILE VICTOR,public,126.7,119.3,102.9,105.4,112.1,107.1,109.1,115.6,110.4,112.4,9550.0
2022-2023,03,BRETAGNE,14,RENNES,35,ILLE-ET-VILAINE,35238,RENNES,0350594F,ECOLE ELEMENTAIRE PUBLIQUE CHAMPION DE CICE,public,99.7,119.3,102.9,105.4,112.1,107.1,109.1,115.6,110.4,112.4,9573.0
2022-2023,03,BRETAGNE,14,RENNES,35,ILLE-ET-VILAINE,35238,RENNES,0350619H,ECOLE ELEMENTAIRE PUBLIQUE CHATEAUGIRON LANDRY,public,127.7,119.3,102.9,105.4,112.1,107.1,109.1,115.6,110.4,112.4,9580.0
2022-2023,03,BRETAGNE,14,RENNES,35,ILLE-ET-VILAINE,35238,RENNES,0350626R,ECOLE ELEMENTAIRE PUBLIQUE CAMILLE CLAUDEL,public,134.3,119.3,102.9,105.4,112.1,107.1,109.1,115.6,110.4,112.4,9582.0
2022-2023,03,BRETAGNE,14,RENNES,35,ILLE-ET-VILAINE,35139,LAILLE,0351064S,ECOLE PRIMAIRE PRIVEE NOTRE DAME,privé sous contrat,132.2,119.3,102.9,105.4,112.1,107.1,109.1,115.6,110.4,112.4,9615.0
2022-2023,03,BRETAGNE,14,RENNES,35,ILLE-ET-VILAINE,35022,BECHEREL,0351182V,ECOLE ELEMENTAIRE PRIVEE NOTRE DAME,privé sous contrat,103.3,119.3,102.9,105.4,112.1,107.1,109.1,115.6,110.4,112.4,9646.0
2022-2023,03,BRETAGNE,14,RENNES,35,ILLE-ET-VILAINE,35206,NOYAL CHATILLON SUR SEICHE,0351245N,ECOLE PRIMAIRE PRIVEE ST AMAND,privé sous contrat,127.3,119.3,102.9,105.4,112.1,107.1,109.1,115.6,110.4,112.4,9664.0
2022-2023,03,BRETAGNE,14,RENNES,35,ILLE-ET-VILAINE,35131,L HERMITAGE,0351349B,ECOLE PRIMAIRE PRIVEE ST JOSEPH,privé sous contrat,116.2,119.3,102.9,105.4,112.1,107.1,109.1,115.6,110.4,112.4,9686.0
2022-2023,03,BRETAGNE,14,RENNES,35,ILLE-ET-VILAINE,35238,RENNES,0351512D,ECOLE PRIMAIRE PRIVEE STE JEANNE D ARC,privé sous contrat,138.5,119.3,102.9,105.4,112.1,107.1,109.1,115.6,110.4,112.4,9734.0
2022-2023,03,BRETAGNE,14,RENNES,35,ILLE-ET-VILAINE,35238,RENNES,0351714Y,ECOLE PRIMAIRE PRIVEE ST ARMEL,privé sous contrat,80.2,119.3,102.9,105.4,112.1,107.1,109.1,115.6,110.4,112.4,9820.0
2022-2023,03,BRETAGNE,14,RENNES,35,ILLE-ET-VILAINE,35120,GEVEZE,0351736X,ECOLE PRIMAIRE PRIVEE STE MARIE,privé sous contrat,130.8,119.3,102.9,105.4,112.1,107.1,109.1,115.6,110.4,112.4,9827.0
2022-2023,03,BRETAGNE,14,RENNES,35,ILLE-ET-VILAINE,35024,BETTON,0351806Y,ECOLE ELEMENTAIRE PUBLIQUE LES OMBLAIS,public,128.9,119.3,102.9,105.4,112.1,107.1,109.1,115.6,110.4,112.4,9850.0
2022-2023,03,BRETAGNE,14,RENNES,35,ILLE-ET-VILAINE,35024,BETTON,0351809B,ECOLE ELEMENTAIRE PUBLIQUE LA HAYE RENAUD,public,126.5,119.3,102.9,105.4,112.1,107.1,109.1,115.6,110.4,112.4,9851.0
2022-2023,03,BRETAGNE,14,RENNES,35,ILLE-ET-VILAINE,35238,RENNES,0351829Y,ECOLE ELEMENTAIRE PUBLIQUE LEON GRIMAULT,public,110.9,119.3,102.9,105.4,112.1,107.1,109.1,115.6,110.4,112.4,9858.0
2022-2023,03,BRETAGNE,14,RENNES,35,ILLE-ET-VILAINE,35196,MORDELLES,0352038A,ECOLE ELEMENTAIRE PUBLIQUE LE GRETAY,public,118.8,119.3,102.9,105.4,112.1,107.1,109.1,115.6,110.4,112.4,9870.0
2022-2023,03,BRETAGNE,14,RENNES,35,ILLE-ET-VILAINE,35238,RENNES,0352140L,ECOLE ELEMENTAIRE PUBLIQUE JULES FERRY,public,103.7,119.3,102.9,105.4,112.1,107.1,109.1,115.6,110.4,112.4,9885.0
2022-2023,03,BRETAGNE,14,RENNES,35,ILLE-ET-VILAINE,35238,RENNES,0352158F,ECOLE ELEMENTAIRE PUBLIQUE JEAN ROSTAND,public,116.2,119.3,102.9,105.4,112.1,107.1,109.1,115.6,110.4,112.4,9889.0
2022-2023,03,BRETAGNE,14,RENNES,35,ILLE-ET-VILAINE,35238,RENNES,0352258P,ECOLE ELEMENTAIRE PUBLIQUE VOLGA,public,83.8,119.3,102.9,105.4,112.1,107.1,109.1,115.6,110.4,112.4,9911.0
2022-2023,03,BRETAGNE,14,RENNES,35,ILLE-ET-VILAINE,35066,CHARTRES DE BRETAGNE,0352306S,ECOLE ELEMENTAIRE PUBLIQUE L AUDITOIRE,public,108.4,119.3,102.9,105.4,112.1,107.1,109.1,115.6,110.4,112.4,9919.0
2022-2023,03,BRETAGNE,14,RENNES,35,ILLE-ET-VILAINE,35210,PACE,0352353T,ECOLE PRIMAIRE PUBLIQUE LE HAUT CHEMIN,public,126.8,119.3,102.9,105.4,112.1,107.1,109.1,115.6,110.4,112.4,9933.0
2022-2023,03,BRETAGNE,14,RENNES,35,ILLE-ET-VILAINE,35136,JANZE,0352363D,ECOLE PRIMAIRE PRIVEE LE SACRE COEUR,privé sous contrat,115.4,119.3,102.9,105.4,112.1,107.1,109.1,115.6,110.4,112.4,9939.0
2022-2023,03,BRETAGNE,14,RENNES,35,ILLE-ET-VILAINE,35352,VERN SUR SEICHE,0352387E,ECOLE ELEMENTAIRE PUBLIQUE LA CHALOTAIS,public,113.2,119.3,102.9,105.4,112.1,107.1,109.1,115.6,110.4,112.4,9951.0
2022-2023,03,BRETAGNE,14,RENNES,35,ILLE-ET-VILAINE,35065,LA CHAPELLE THOUARAULT,0352390H,ECOLE PRIMAIRE PUBLIQUE ROGER BEAULIEU,public,109.3,119.3,102.9,105.4,112.1,107.1,109.1,115.6,110.4,112.4,9953.0
2022-2023,03,BRETAGNE,14,RENNES,35,ILLE-ET-VILAINE,35238,RENNES,0352410E,ECOLE PRIMAIRE PRIVEE ST JEAN BOSCO,privé sous contrat,104.2,119.3,102.9,105.4,112.1,107.1,109.1,115.6,110.4,112.4,9961.0
2022-2023,03,BRETAGNE,14,RENNES,35,ILLE-ET-VILAINE,35238,RENNES,0352411F,ECOLE PRIMAIRE PRIVEE ST YVES,privé sous contrat,132.2,119.3,102.9,105.4,112.1,107.1,109.1,115.6,110.4,112.4,9962.0
2022-2023,03,BRETAGNE,14,RENNES,35,ILLE-ET-VILAINE,35238,RENNES,0352669L,ECOLE ELEMENTAIRE PUBLIQUE PASCAL LAFAYE,public,81.9,119.3,102.9,105.4,112.1,107.1,109.1,115.6,110.4,112.4,9990.0
2024-2025,03,BRETAGNE,14,RENNES,35,ILLE-ET-VILAINE,35081,CLAYES,0350197Z,ECOLE PRIMAIRE PUBLIQUE DE CLAYES,public,114.2,121.5,103.1,105.8,113.7,107.2,109.8,117.4,110.3,113,74231.0
2024-2025,03,BRETAGNE,14,RENNES,35,ILLE-ET-VILAINE,35135,IRODOUER,0350294E,ECOLE PRIMAIRE PUBLIQUE HENRI DES,public,101,121.5,103.1,105.8,113.7,107.2,109.8,117.4,110.3,113,74247.0
2024-2025,03,BRETAGNE,14,RENNES,35,ILLE-ET-VILAINE,35216,PARTHENAY DE BRETAGNE,0350395P,ECOLE PRIMAIRE PUBLIQUE LA FONTAINE,public,118.8,121.5,103.1,105.8,113.7,107.2,109.8,117.4,110.3,113,74267.0
2024-2025,03,BRETAGNE,14,RENNES,35,ILLE-ET-VILAINE,35275,SAINT GILLES,0350479F,ECOLE ELEMENTAIRE PUBLIQUE JACQUES PREVERT,public,111.7,121.5,103.1,105.8,113.7,107.2,109.8,117.4,110.3,113,74282.0
2024-2025,03,BRETAGNE,14,RENNES,35,ILLE-ET-VILAINE,35238,RENNES,0350607V,ECOLE PRIMAIRE PUBLIQUE MAUCONSEIL,public,131.6,121.5,103.1,105.8,113.7,107.2,109.8,117.4,110.3,113,74312.0
2024-2025,03,BRETAGNE,14,RENNES,35,ILLE-ET-VILAINE,35238,RENNES,0350619H,ECOLE ELEMENTAIRE PUBLIQUE CHATEAUGIRON LANDRY,public,126.8,121.5,103.1,105.8,113.7,107.2,109.8,117.4,110.3,113,74315.0
2024-2025,03,BRETAGNE,14,RENNES,35,ILLE-ET-VILAINE,35238,RENNES,0350638D,ECOLE ELEMENTAIRE PUBLIQUE CARLE BAHON,public,138.8,121.5,103.1,105.8,113.7,107.2,109.8,117.4,110.3,113,74322.0
2024-2025,03,BRETAGNE,14,RENNES,35,ILLE-ET-VILAINE,35196,MORDELLES,0351022W,ECOLE ELEMENTAIRE PUBLIQUE LA CHESNAYE,public,107.5,121.5,103.1,105.8,113.7,107.2,109.8,117.4,110.3,113,74338.0
2024-2025,03,BRETAGNE,14,RENNES,35,ILLE-ET-VILAINE,35022,BECHEREL,0351182V,ECOLE ELEMENTAIRE PRIVEE NOTRE DAME,privé sous contrat,107,121.5,103.1,105.8,113.7,107.2,109.8,117.4,110.3,113,74385.0
2024-2025,03,BRETAGNE,14,RENNES,35,ILLE-ET-VILAINE,35032,BOURGBARRE,0351197L,ECOLE PRIMAIRE PRIVEE L ARCHE DE NOE,privé sous contrat,125.5,121.5,103.1,105.8,113.7,107.2,109.8,117.4,110.3,113,74391.0
2024-2025,03,BRETAGNE,14,RENNES,35,ILLE-ET-VILAINE,35047,BRUZ,0351214E,ECOLE PRIMAIRE PRIVEE LA PROVIDENCE CENTRE,privé sous contrat,137.2,121.5,103.1,105.8,113.7,107.2,109.8,117.4,110.3,113,74397.0
2024-2025,03,BRETAGNE,14,RENNES,35,ILLE-ET-VILAINE,35059,LA CHAPELLE DES FOUGERETZ,0351230X,ECOLE PRIMAIRE PRIVEE NOTRE DAME,privé sous contrat,132.6,121.5,103.1,105.8,113.7,107.2,109.8,117.4,110.3,113,74399.0
2024-2025,03,BRETAGNE,14,RENNES,35,ILLE-ET-VILAINE,35131,L HERMITAGE,0351349B,ECOLE PRIMAIRE PRIVEE ST JOSEPH,privé sous contrat,119.5,121.5,103.1,105.8,113.7,107.2,109.8,117.4,110.3,113,74428.0
2024-2025,03,BRETAGNE,14,RENNES,35,ILLE-ET-VILAINE,35275,SAINT GILLES,0351369Y,ECOLE PRIMAIRE PRIVEE LE SACRE COEUR,privé sous contrat,127.7,121.5,103.1,105.8,113.7,107.2,109.8,117.4,110.3,113,74435.0
2024-2025,03,BRETAGNE,14,RENNES,35,ILLE-ET-VILAINE,35310,SAINT SAUVEUR DES LANDES,0351421E,ECOLE PRIMAIRE PRIVEE FREDERIC OZANAM,privé sous contrat,106.3,121.5,103.1,105.8,113.7,107.2,109.8,117.4,110.3,113,74451.0
2024-2025,03,BRETAGNE,14,RENNES,35,ILLE-ET-VILAINE,35334,THORIGNE FOUILLARD,0351443D,ECOLE PRIMAIRE PRIVEE STE ANNE,privé sous contrat,138.5,121.5,103.1,105.8,113.7,107.2,109.8,117.4,110.3,113,74459.0
2024-2025,03,BRETAGNE,14,RENNES,35,ILLE-ET-VILAINE,35238,RENNES,0351515G,ECOLE PRIMAIRE PRIVEE ST LAURENT,privé sous contrat,109,121.5,103.1,105.8,113.7,107.2,109.8,117.4,110.3,113,74480.0
2024-2025,03,BRETAGNE,14,RENNES,35,ILLE-ET-VILAINE,35245,ROMILLE,0351536E,ECOLE PRIMAIRE PRIVEE ST MARTIN,privé sous contrat,116.7,121.5,103.1,105.8,113.7,107.2,109.8,117.4,110.3,113,74485.0
2024-2025,03,BRETAGNE,14,RENNES,35,ILLE-ET-VILAINE,35055,CHANTEPIE,0351699G,ECOLE PRIMAIRE PRIVEE ST JOSEPH,privé sous contrat,129.9,121.5,103.1,105.8,113.7,107.2,109.8,117.4,110.3,113,74554.0
2024-2025,03,BRETAGNE,14,RENNES,35,ILLE-ET-VILAINE,35238,RENNES,0351714Y,ECOLE PRIMAIRE PRIVEE ST ARMEL,privé sous contrat,79.5,121.5,103.1,105.8,113.7,107.2,109.8,117.4,110.3,113,74565.0
2024-2025,03,BRETAGNE,14,RENNES,35,ILLE-ET-VILAINE,35200,MOUTIERS,0351826V,ECOLE PRIMAIRE PRIVEE STE THERESE,privé sous contrat,97.3,121.5,103.1,105.8,113.7,107.2,109.8,117.4,110.3,113,74601.0
2024-2025,03,BRETAGNE,14,RENNES,35,ILLE-ET-VILAINE,35238,RENNES,0352055U,ECOLE ELEMENTAIRE PUBLIQUE LOUISE MICHEL,public,116,121.5,103.1,105.8,113.7,107.2,109.8,117.4,110.3,113,74617.0
2024-2025,03,BRETAGNE,14,RENNES,35,ILLE-ET-VILAINE,35238,RENNES,0352140L,ECOLE ELEMENTAIRE PUBLIQUE JULES FERRY,public,105.8,121.5,103.1,105.8,113.7,107.2,109.8,117.4,110.3,113,74631.0
2024-2025,03,BRETAGNE,14,RENNES,35,ILLE-ET-VILAINE,35238,RENNES,0352308U,ECOLE PRIMAIRE PRIVEE MARCEL CALLO,privé sous contrat,136.3,121.5,103.1,105.8,113.7,107.2,109.8,117.4,110.3,113,74665.0
2024-2025,03,BRETAGNE,14,RENNES,35,ILLE-ET-VILAINE,35065,LA CHAPELLE THOUARAULT,0352390H,ECOLE PRIMAIRE PUBLIQUE ROGER BEAULIEU,public,109.5,121.5,103.1,105.8,113.7,107.2,109.8,117.4,110.3,113,74698.0
2024-2025,03,BRETAGNE,14,RENNES,35,ILLE-ET-VILAINE,35238,RENNES,0352432D,ECOLE PRIMAIRE PUBLIQUE MARIE PAPE CARPANTIER,public,120.1,121.5,103.1,105.8,113.7,107.2,109.8,117.4,110.3,113,74708.0
2024-2025,03,BRETAGNE,14,RENNES,35,ILLE-ET-VILAINE,35024,BETTON,0352536S,ECOLE PRIMAIRE PUBLIQUE LES MEZIERES,public,119.7,121.5,103.1,105.8,113.7,107.2,109.8,117.4,110.3,113,74729.0
2024-2025,03,BRETAGNE,14,RENNES,35,ILLE-ET-VILAINE,35131,L HERMITAGE,0351823S,ECOLE ELEMENTAIRE PUBLIQUE EUGENE ALLANIC,public,110.1,121.5,103.1,105.8,113.7,107.2,109.8,117.4,110.3,113,74600.0
2024-2025,03,BRETAGNE,14,RENNES,35,ILLE-ET-VILAINE,35238,RENNES,0352258P,ECOLE ELEMENTAIRE PUBLIQUE VOLGA,public,78.6,121.5,103.1,105.8,113.7,107.2,109.8,117.4,110.3,113,74656.0
2024-2025,03,BRETAGNE,14,RENNES,35,ILLE-ET-VILAINE,35136,JANZE,0352363D,ECOLE PRIMAIRE PRIVEE LE SACRE COEUR,privé sous contrat,117.3,121.5,103.1,105.8,113.7,107.2,109.8,117.4,110.3,113,74684.0
2024-2025,03,BRETAGNE,14,RENNES,35,ILLE-ET-VILAINE,35238,RENNES,0352411F,ECOLE PRIMAIRE PRIVEE ST YVES,privé sous contrat,137.6,121.5,103.1,105.8,113.7,107.2,109.8,117.4,110.3,113,74707.0
2024-2025,03,BRETAGNE,14,RENNES,35,ILLE-ET-VILAINE,35196,MORDELLES,0352485L,ECOLE PRIMAIRE PRIVEE L IMMACULEE,privé sous contrat,113.3,121.5,103.1,105.8,113.7,107.2,109.8,117.4,110.3,113,74717.0
2024-2025,03,BRETAGNE,14,RENNES,35,ILLE-ET-VILAINE,35238,RENNES,0352500C,ECOLE PRIMAIRE PRIVEE DIWAN,privé sous contrat,135.4,121.5,103.1,105.8,113.7,107.2,109.8,117.4,110.3,113,74720.0
2023-2024,03,BRETAGNE,14,RENNES,35,ILLE-ET-VILAINE,35001,ACIGNE,0350103X,ECOLE ELEMENTAIRE PUBLIQUE LE CHEVRE,public,130.5,120.3,102.9,105.5,112.8,107.1,109.4,116.5,110.4,112.7,41653.0
2023-2024,03,BRETAGNE,14,RENNES,35,ILLE-ET-VILAINE,35206,NOYAL CHATILLON SUR SEICHE,0350188P,ECOLE PRIMAIRE PUBLIQUE LE CHAT PERCHE,public,118.6,120.3,102.9,105.5,112.8,107.1,109.4,116.5,110.4,112.7,41671.0
2023-2024,03,BRETAGNE,14,RENNES,35,ILLE-ET-VILAINE,35080,CINTRE,0350196Y,ECOLE PRIMAIRE PUBLIQUE ARC EN CIEL,public,114.6,120.3,102.9,105.5,112.8,107.1,109.4,116.5,110.4,112.7,41674.0
2023-2024,03,BRETAGNE,14,RENNES,35,ILLE-ET-VILAINE,35081,CLAYES,0350197Z,ECOLE PRIMAIRE PUBLIQUE DE CLAYES,public,114.6,120.3,102.9,105.5,112.8,107.1,109.4,116.5,110.4,112.7,41675.0
2023-2024,03,BRETAGNE,14,RENNES,35,ILLE-ET-VILAINE,35120,GEVEZE,0350266Z,ECOLE ELEMENTAIRE PUBLIQUE LEONARD DE VINCI,public,118.6,120.3,102.9,105.5,112.8,107.1,109.4,116.5,110.4,112.7,41687.0
2023-2024,03,BRETAGNE,14,RENNES,35,ILLE-ET-VILAINE,35135,IRODOUER,0350294E,ECOLE PRIMAIRE PUBLIQUE HENRI DES,public,102.2,120.3,102.9,105.5,112.8,107.1,109.4,116.5,110.4,112.7,41691.0
2023-2024,03,BRETAGNE,14,RENNES,35,ILLE-ET-VILAINE,35250,SAINT ARMEL,0350445U,ECOLE PRIMAIRE PUBLIQUE LES BOSCHAUX,public,111.7,120.3,102.9,105.5,112.8,107.1,109.4,116.5,110.4,112.7,41722.0
2023-2024,03,BRETAGNE,14,RENNES,35,ILLE-ET-VILAINE,35315,SAINT SULPICE LA FORET,0350552K,ECOLE PRIMAIRE PUBLIQUE NIKI DE SAINT PHALLE,public,131.7,120.3,102.9,105.5,112.8,107.1,109.4,116.5,110.4,112.7,41744.0
2023-2024,03,BRETAGNE,14,RENNES,35,ILLE-ET-VILAINE,35238,RENNES,0350596H,ECOLE ELEMENTAIRE PUBLIQUE OSCAR LEROUX,public,105.9,120.3,102.9,105.5,112.8,107.1,109.4,116.5,110.4,112.7,41753.0
2023-2024,03,BRETAGNE,14,RENNES,35,ILLE-ET-VILAINE,35238,RENNES,0350612A,ECOLE ELEMENTAIRE PUBLIQUE JEAN ZAY,public,136.8,120.3,102.9,105.5,112.8,107.1,109.4,116.5,110.4,112.7,41757.0
2023-2024,03,BRETAGNE,14,RENNES,35,ILLE-ET-VILAINE,35238,RENNES,0350627S,ECOLE ELEMENTAIRE PUBLIQUE DUCHESSE ANNE,public,131.6,120.3,102.9,105.5,112.8,107.1,109.4,116.5,110.4,112.7,41762.0
2023-2024,03,BRETAGNE,14,RENNES,35,ILLE-ET-VILAINE,35238,RENNES,0350638D,ECOLE ELEMENTAIRE PUBLIQUE CARLE BAHON,public,139.5,120.3,102.9,105.5,112.8,107.1,109.4,116.5,110.4,112.7,41766.0
2023-2024,03,BRETAGNE,14,RENNES,35,ILLE-ET-VILAINE,35238,RENNES,0350639E,ECOLE ELEMENTAIRE PUBLIQUE VILLENEUVE,public,143.2,120.3,102.9,105.5,112.8,107.1,109.4,116.5,110.4,112.7,41767.0
2023-2024,03,BRETAGNE,14,RENNES,35,ILLE-ET-VILAINE,35196,MORDELLES,0351022W,ECOLE ELEMENTAIRE PUBLIQUE LA CHESNAYE,public,107,120.3,102.9,105.5,112.8,107.1,109.4,116.5,110.4,112.7,41782.0
2023-2024,03,BRETAGNE,14,RENNES,35,ILLE-ET-VILAINE,35208,ORGERES,0351151L,ECOLE PRIMAIRE PRIVEE LE SACRE COEUR,privé sous contrat,120.4,120.3,102.9,105.5,112.8,107.1,109.4,116.5,110.4,112.7,41820.0
2023-2024,03,BRETAGNE,14,RENNES,35,ILLE-ET-VILAINE,35022,BECHEREL,0351182V,ECOLE ELEMENTAIRE PRIVEE NOTRE DAME,privé sous contrat,106.4,120.3,102.9,105.5,112.8,107.1,109.4,116.5,110.4,112.7,41829.0
2023-2024,03,BRETAGNE,14,RENNES,35,ILLE-ET-VILAINE,35032,BOURGBARRE,0351197L,ECOLE PRIMAIRE PRIVEE L ARCHE DE NOE,privé sous contrat,126.8,120.3,102.9,105.5,112.8,107.1,109.4,116.5,110.4,112.7,41835.0
2023-2024,03,BRETAGNE,14,RENNES,35,ILLE-ET-VILAINE,35047,BRUZ,0351214E,ECOLE PRIMAIRE PRIVEE LA PROVIDENCE CENTRE,privé sous contrat,135.3,120.3,102.9,105.5,112.8,107.1,109.4,116.5,110.4,112.7,41841.0
2023-2024,03,BRETAGNE,14,RENNES,35,ILLE-ET-VILAINE,35059,LA CHAPELLE DES FOUGERETZ,0351230X,ECOLE PRIMAIRE PRIVEE NOTRE DAME,privé sous contrat,131.1,120.3,102.9,105.5,112.8,107.1,109.4,116.5,110.4,112.7,41843.0
2023-2024,03,BRETAGNE,14,RENNES,35,ILLE-ET-VILAINE,35310,SAINT SAUVEUR DES LANDES,0351421E,ECOLE PRIMAIRE PRIVEE FREDERIC OZANAM,privé sous contrat,106.3,120.3,102.9,105.5,112.8,107.1,109.4,116.5,110.4,112.7,41895.0
2023-2024,03,BRETAGNE,14,RENNES,35,ILLE-ET-VILAINE,35238,RENNES,0351492G,ECOLE PRIMAIRE PRIVEE ST CLEMENT,privé sous contrat,123.5,120.3,102.9,105.5,112.8,107.1,109.4,116.5,110.4,112.7,41916.0
2023-2024,03,BRETAGNE,14,RENNES,35,ILLE-ET-VILAINE,35238,RENNES,0351515G,ECOLE PRIMAIRE PRIVEE ST LAURENT,privé sous contrat,105.1,120.3,102.9,105.5,112.8,107.1,109.4,116.5,110.4,112.7,41922.0
2023-2024,03,BRETAGNE,14,RENNES,35,ILLE-ET-VILAINE,35351,LE VERGER,0351558D,ECOLE PRIMAIRE PRIVEE STE BERNADETTE,privé sous contrat,107.4,120.3,102.9,105.5,112.8,107.1,109.4,116.5,110.4,112.7,41939.0
2023-2024,03,BRETAGNE,14,RENNES,35,ILLE-ET-VILAINE,35204,NOUVOITOU,0351707R,ECOLE PRIMAIRE PRIVEE ST MARTIN,privé sous contrat,116.3,120.3,102.9,105.5,112.8,107.1,109.4,116.5,110.4,112.7,42002.0
2023-2024,03,BRETAGNE,14,RENNES,35,ILLE-ET-VILAINE,35238,RENNES,0352187M,ECOLE ELEMENTAIRE PUBLIQUE CLEMENCEAU,public,82,120.3,102.9,105.5,112.8,107.1,109.4,116.5,110.4,112.7,42081.0
2023-2024,03,BRETAGNE,14,RENNES,35,ILLE-ET-VILAINE,35024,BETTON,0352360A,ECOLE PRIMAIRE PRIVEE RAOUL FOLLEREAU,privé sous contrat,131,120.3,102.9,105.5,112.8,107.1,109.4,116.5,110.4,112.7,42122.0
2023-2024,03,BRETAGNE,14,RENNES,35,ILLE-ET-VILAINE,35210,PACE,0352377U,ECOLE PRIMAIRE PRIVEE STE ANNE ST JOSEPH,privé sous contrat,136.3,120.3,102.9,105.5,112.8,107.1,109.4,116.5,110.4,112.7,42133.0
2023-2024,03,BRETAGNE,14,RENNES,35,ILLE-ET-VILAINE,35352,VERN SUR SEICHE,0352387E,ECOLE ELEMENTAIRE PUBLIQUE LA CHALOTAIS,public,111.1,120.3,102.9,105.5,112.8,107.1,109.4,116.5,110.4,112.7,42137.0
2023-2024,03,BRETAGNE,14,RENNES,35,ILLE-ET-VILAINE,35240,LE RHEU,0352487N,ECOLE PRIMAIRE PRIVEE STE MARIE,privé sous contrat,120.1,120.3,102.9,105.5,112.8,107.1,109.4,116.5,110.4,112.7,42159.0
2023-2024,03,BRETAGNE,14,RENNES,35,ILLE-ET-VILAINE,35238,RENNES,0352668K,ECOLE ELEMENTAIRE PUBLIQUE GANTELLES,public,94.5,120.3,102.9,105.5,112.8,107.1,109.4,116.5,110.4,112.7,42175.0
2023-2024,03,BRETAGNE,14,RENNES,35,ILLE-ET-VILAINE,35238,RENNES,0352670M,ECOLE ELEMENTAIRE PUBLIQUE JACQUES PREVERT,public,72.5,120.3,102.9,105.5,112.8,107.1,109.4,116.5,110.4,112.7,42177.0
2023-2024,03,BRETAGNE,14,RENNES,35,ILLE-ET-VILAINE,35238,RENNES,0352877M,ECOLE PRIMAIRE PUBLIQUE NELSON MANDELA,public,95.1,120.3,102.9,105.5,112.8,107.1,109.4,116.5,110.4,112.7,42195.0
2023-2024,03,BRETAGNE,14,RENNES,35,ILLE-ET-VILAINE,35206,NOYAL CHATILLON SUR SEICHE,0352975U,ECOLE PRIMAIRE PUBLIQUE LE PETIT PRINCE,public,106.2,120.3,102.9,105.5,112.8,107.1,109.4,116.5,110.4,112.7,42197.0
2022-2023,03,BRETAGNE,14,RENNES,35,ILLE-ET-VILAINE,35120,GEVEZE,0350266Z,ECOLE ELEMENTAIRE PUBLIQUE LEONARD DE VINCI,public,122.4,119.3,102.9,105.4,112.1,107.1,109.1,115.6,110.4,112.4,9510.0
2022-2023,03,BRETAGNE,14,RENNES,35,ILLE-ET-VILAINE,35136,JANZE,0350296G,ECOLE ELEMENTAIRE PUBLIQUE LE CHAT PERCHE,public,109.3,119.3,102.9,105.4,112.1,107.1,109.1,115.6,110.4,112.4,9515.0
2022-2023,03,BRETAGNE,14,RENNES,35,ILLE-ET-VILAINE,35250,SAINT ARMEL,0350445U,ECOLE PRIMAIRE PUBLIQUE LES BOSCHAUX,public,110.9,119.3,102.9,105.4,112.1,107.1,109.1,115.6,110.4,112.4,9545.0
2022-2023,03,BRETAGNE,14,RENNES,35,ILLE-ET-VILAINE,35238,RENNES,0350593E,ECOLE ELEMENTAIRE PUBLIQUE ALBERT DE MUN,public,137.2,119.3,102.9,105.4,112.1,107.1,109.1,115.6,110.4,112.4,9572.0
2022-2023,03,BRETAGNE,14,RENNES,35,ILLE-ET-VILAINE,35238,RENNES,0350596H,ECOLE ELEMENTAIRE PUBLIQUE OSCAR LEROUX,public,105.7,119.3,102.9,105.4,112.1,107.1,109.1,115.6,110.4,112.4,9574.0
2022-2023,03,BRETAGNE,14,RENNES,35,ILLE-ET-VILAINE,35238,RENNES,0350607V,ECOLE PRIMAIRE PUBLIQUE MAUCONSEIL,public,128,119.3,102.9,105.4,112.1,107.1,109.1,115.6,110.4,112.4,9577.0
2022-2023,03,BRETAGNE,14,RENNES,35,ILLE-ET-VILAINE,35238,RENNES,0350624N,ECOLE ELEMENTAIRE PUBLIQUE CONTOUR SAINT AUBIN,public,132.2,119.3,102.9,105.4,112.1,107.1,109.1,115.6,110.4,112.4,9581.0
2022-2023,03,BRETAGNE,14,RENNES,35,ILLE-ET-VILAINE,35238,RENNES,0350631W,ECOLE ELEMENTAIRE PUBLIQUE MOULIN DU COMTE,public,100.1,119.3,102.9,105.4,112.1,107.1,109.1,115.6,110.4,112.4,9584.0
2022-2023,03,BRETAGNE,14,RENNES,35,ILLE-ET-VILAINE,35196,MORDELLES,0351022W,ECOLE ELEMENTAIRE PUBLIQUE LA CHESNAYE,public,107.2,119.3,102.9,105.4,112.1,107.1,109.1,115.6,110.4,112.4,9603.0
2022-2023,03,BRETAGNE,14,RENNES,35,ILLE-ET-VILAINE,35245,ROMILLE,0351025Z,ECOLE ELEMENTAIRE PUBLIQUE JEAN DE LA FONTAINE,public,117.4,119.3,102.9,105.4,112.1,107.1,109.1,115.6,110.4,112.4,9605.0
2022-2023,03,BRETAGNE,14,RENNES,35,ILLE-ET-VILAINE,35208,ORGERES,0351151L,ECOLE PRIMAIRE PRIVEE LE SACRE COEUR,privé sous contrat,119.2,119.3,102.9,105.4,112.1,107.1,109.1,115.6,110.4,112.4,9637.0
2022-2023,03,BRETAGNE,14,RENNES,35,ILLE-ET-VILAINE,35032,BOURGBARRE,0351197L,ECOLE PRIMAIRE PRIVEE L ARCHE DE NOE,privé sous contrat,127.7,119.3,102.9,105.4,112.1,107.1,109.1,115.6,110.4,112.4,9651.0
2022-2023,03,BRETAGNE,14,RENNES,35,ILLE-ET-VILAINE,35080,CINTRE,0351254Y,ECOLE PRIMAIRE PRIVEE ST JOSEPH,privé sous contrat,116,119.3,102.9,105.4,112.1,107.1,109.1,115.6,110.4,112.4,9666.0
2022-2023,03,BRETAGNE,14,RENNES,35,ILLE-ET-VILAINE,35266,SAINT ERBLON,0351360N,ECOLE PRIMAIRE PRIVEE ST JEAN,privé sous contrat,122,119.3,102.9,105.4,112.1,107.1,109.1,115.6,110.4,112.4,9689.0
2022-2023,03,BRETAGNE,14,RENNES,35,ILLE-ET-VILAINE,35275,SAINT GILLES,0351369Y,ECOLE PRIMAIRE PRIVEE LE SACRE COEUR,privé sous contrat,127.5,119.3,102.9,105.4,112.1,107.1,109.1,115.6,110.4,112.4,9693.0
2022-2023,03,BRETAGNE,14,RENNES,35,ILLE-ET-VILAINE,35238,RENNES,0351494J,ECOLE PRIMAIRE PRIVEE NOTRE DAME DU VIEUX COURS,privé sous contrat,128.1,119.3,102.9,105.4,112.1,107.1,109.1,115.6,110.4,112.4,9730.0
2022-2023,03,BRETAGNE,14,RENNES,35,ILLE-ET-VILAINE,35238,RENNES,0351502T,ECOLE PRIMAIRE PRIVEE ST VINCENT PROVIDENCE,privé sous contrat,142.8,119.3,102.9,105.4,112.1,107.1,109.1,115.6,110.4,112.4,9732.0
2022-2023,03,BRETAGNE,14,RENNES,35,ILLE-ET-VILAINE,35245,ROMILLE,0351536E,ECOLE PRIMAIRE PRIVEE ST MARTIN,privé sous contrat,114.1,119.3,102.9,105.4,112.1,107.1,109.1,115.6,110.4,112.4,9740.0
2022-2023,03,BRETAGNE,14,RENNES,35,ILLE-ET-VILAINE,35353,VEZIN LE COQUET,0351619V,ECOLE ELEMENTAIRE PUBLIQUE ERIC TABARLY,public,105.9,119.3,102.9,105.4,112.1,107.1,109.1,115.6,110.4,112.4,9769.0
2022-2023,03,BRETAGNE,14,RENNES,35,ILLE-ET-VILAINE,35139,LAILLE,0351657L,ECOLE ELEMENTAIRE PUBLIQUE LEONARD DE VINCI,public,127.5,119.3,102.9,105.4,112.1,107.1,109.1,115.6,110.4,112.4,9783.0
2022-2023,03,BRETAGNE,14,RENNES,35,ILLE-ET-VILAINE,35266,SAINT ERBLON,0351786B,ECOLE PRIMAIRE PUBLIQUE LOUISE MICHEL,public,119.3,119.3,102.9,105.4,112.1,107.1,109.1,115.6,110.4,112.4,9847.0
2022-2023,03,BRETAGNE,14,RENNES,35,ILLE-ET-VILAINE,35131,L HERMITAGE,0351823S,ECOLE ELEMENTAIRE PUBLIQUE EUGENE ALLANIC,public,109.8,119.3,102.9,105.4,112.1,107.1,109.1,115.6,110.4,112.4,9855.0
2022-2023,03,BRETAGNE,14,RENNES,35,ILLE-ET-VILAINE,35051,CESSON SEVIGNE,0351859F,ECOLE ELEMENTAIRE PUBLIQUE BEAUSOLEIL,public,134.9,119.3,102.9,105.4,112.1,107.1,109.1,115.6,110.4,112.4,9861.0
2022-2023,03,BRETAGNE,14,RENNES,35,ILLE-ET-VILAINE,35238,RENNES,0352055U,ECOLE ELEMENTAIRE PUBLIQUE LOUISE MICHEL,public,120.7,119.3,102.9,105.4,112.1,107.1,109.1,115.6,110.4,112.4,9871.0
2022-2023,03,BRETAGNE,14,RENNES,35,ILLE-ET-VILAINE,35281,SAINT JACQUES DE LA LANDE,0352137H,ECOLE ELEMENTAIRE PUBLIQUE OLYMPE DE GOUGES,public,106.8,119.3,102.9,105.4,112.1,107.1,109.1,115.6,110.4,112.4,9884.0
2022-2023,03,BRETAGNE,14,RENNES,35,ILLE-ET-VILAINE,35238,RENNES,0352150X,ECOLE ELEMENTAIRE PUBLIQUE TORIGNE,public,69.4,119.3,102.9,105.4,112.1,107.1,109.1,115.6,110.4,112.4,9886.0
2022-2023,03,BRETAGNE,14,RENNES,35,ILLE-ET-VILAINE,35235,RANNEE,0352245A,ECOLE PRIMAIRE PRIVEE STE ANNE,privé sous contrat,91.4,119.3,102.9,105.4,112.1,107.1,109.1,115.6,110.4,112.4,9909.0
2022-2023,03,BRETAGNE,14,RENNES,35,ILLE-ET-VILAINE,35238,RENNES,0352271D,ECOLE ELEMENTAIRE PUBLIQUE GUYENNE,public,73.3,119.3,102.9,105.4,112.1,107.1,109.1,115.6,110.4,112.4,9914.0
2022-2023,03,BRETAGNE,14,RENNES,35,ILLE-ET-VILAINE,35352,VERN SUR SEICHE,0352386D,ECOLE ELEMENTAIRE PUBLIQUE NOËL DU FAIL,public,123.5,119.3,102.9,105.4,112.1,107.1,109.1,115.6,110.4,112.4,9950.0
2022-2023,03,BRETAGNE,14,RENNES,35,ILLE-ET-VILAINE,35238,RENNES,0352500C,ECOLE PRIMAIRE PRIVEE DIWAN,privé sous contrat,137.3,119.3,102.9,105.4,112.1,107.1,109.1,115.6,110.4,112.4,9975.0
2022-2023,03,BRETAGNE,14,RENNES,35,ILLE-ET-VILAINE,35055,CHANTEPIE,0352521A,ECOLE ELEMENTAIRE PUBLIQUE LES DEUX RUISSEAUX,public,109.3,119.3,102.9,105.4,112.1,107.1,109.1,115.6,110.4,112.4,9982.0
2022-2023,03,BRETAGNE,14,RENNES,35,ILLE-ET-VILAINE,35238,RENNES,0352559S,ECOLE PRIMAIRE PUBLIQUE SONIA DELAUNAY,public,91.6,119.3,102.9,105.4,112.1,107.1,109.1,115.6,110.4,112.4,9985.0
2022-2023,03,BRETAGNE,14,RENNES,35,ILLE-ET-VILAINE,35047,BRUZ,0352674S,ECOLE ELEMENTAIRE PUBLIQUE LE VERT BUISSON,public,119.2,119.3,102.9,105.4,112.1,107.1,109.1,115.6,110.4,112.4,9993.0
2024-2025,03,BRETAGNE,14,RENNES,35,ILLE-ET-VILAINE,35230,POILLEY,0351479T,ECOLE PRIMAIRE PRIVEE ST JOSEPH,privé sous contrat,NS,121.5,103.1,105.8,113.7,107.2,109.8,117.4,110.3,113,74471.0
2024-2025,03,BRETAGNE,14,RENNES,35,ILLE-ET-VILAINE,35238,RENNES,0351502T,ECOLE PRIMAIRE PRIVEE ST VINCENT PROVIDENCE,privé sous contrat,145.2,121.5,103.1,105.8,113.7,107.2,109.8,117.4,110.3,113,74477.0
2024-2025,03,BRETAGNE,14,RENNES,35,ILLE-ET-VILAINE,35351,LE VERGER,0351558D,ECOLE PRIMAIRE PRIVEE STE BERNADETTE,privé sous contrat,105.1,121.5,103.1,105.8,113.7,107.2,109.8,117.4,110.3,113,74497.0
2024-2025,03,BRETAGNE,14,RENNES,35,ILLE-ET-VILAINE,35238,RENNES,0351572U,ECOLE PRIMAIRE PRIVEE MONTESSORI,privé sous contrat,144.2,121.5,103.1,105.8,113.7,107.2,109.8,117.4,110.3,113,74503.0
2024-2025,03,BRETAGNE,14,RENNES,35,ILLE-ET-VILAINE,35334,THORIGNE FOUILLARD,0351765D,ECOLE ELEMENTAIRE PUBLIQUE LES GRANDS PRES VERTS,public,124.9,121.5,103.1,105.8,113.7,107.2,109.8,117.4,110.3,113,74587.0
2024-2025,03,BRETAGNE,14,RENNES,35,ILLE-ET-VILAINE,35024,BETTON,0351809B,ECOLE ELEMENTAIRE PUBLIQUE LA HAYE RENAUD,public,130.2,121.5,103.1,105.8,113.7,107.2,109.8,117.4,110.3,113,74596.0
2024-2025,03,BRETAGNE,14,RENNES,35,ILLE-ET-VILAINE,35196,MORDELLES,0352038A,ECOLE ELEMENTAIRE PUBLIQUE LE GRETAY,public,116.7,121.5,103.1,105.8,113.7,107.2,109.8,117.4,110.3,113,74616.0
2024-2025,03,BRETAGNE,14,RENNES,35,ILLE-ET-VILAINE,35238,RENNES,0352136G,ECOLE ELEMENTAIRE PUBLIQUE CLOTEAUX,public,102.6,121.5,103.1,105.8,113.7,107.2,109.8,117.4,110.3,113,74629.0
2024-2025,03,BRETAGNE,14,RENNES,35,ILLE-ET-VILAINE,35281,SAINT JACQUES DE LA LANDE,0352137H,ECOLE ELEMENTAIRE PUBLIQUE OLYMPE DE GOUGES,public,111,121.5,103.1,105.8,113.7,107.2,109.8,117.4,110.3,113,74630.0
2024-2025,03,BRETAGNE,14,RENNES,35,ILLE-ET-VILAINE,35238,RENNES,0352187M,ECOLE ELEMENTAIRE PUBLIQUE CLEMENCEAU,public,82,121.5,103.1,105.8,113.7,107.2,109.8,117.4,110.3,113,74641.0
2024-2025,03,BRETAGNE,14,RENNES,35,ILLE-ET-VILAINE,35066,CHARTRES DE BRETAGNE,0352306S,ECOLE ELEMENTAIRE PUBLIQUE L AUDITOIRE,public,108.9,121.5,103.1,105.8,113.7,107.2,109.8,117.4,110.3,113,74664.0
2024-2025,03,BRETAGNE,14,RENNES,35,ILLE-ET-VILAINE,35066,CHARTRES DE BRETAGNE,0352344H,ECOLE PRIMAIRE PRIVEE STE MARIE,privé sous contrat,130.7,121.5,103.1,105.8,113.7,107.2,109.8,117.4,110.3,113,74676.0
2024-2025,03,BRETAGNE,14,RENNES,35,ILLE-ET-VILAINE,35210,PACE,0352353T,ECOLE PRIMAIRE PUBLIQUE LE HAUT CHEMIN,public,125.5,121.5,103.1,105.8,113.7,107.2,109.8,117.4,110.3,113,74678.0
2024-2025,03,BRETAGNE,14,RENNES,35,ILLE-ET-VILAINE,35001,ACIGNE,0352358Y,ECOLE PRIMAIRE PRIVEE STE JEANNE D ARC,privé sous contrat,126.6,121.5,103.1,105.8,113.7,107.2,109.8,117.4,110.3,113,74679.0
2024-2025,03,BRETAGNE,14,RENNES,35,ILLE-ET-VILAINE,35281,SAINT JACQUES DE LA LANDE,0352437J,ECOLE ELEMENTAIRE PUBLIQUE SUZANNE LACORE,public,94.5,121.5,103.1,105.8,113.7,107.2,109.8,117.4,110.3,113,74711.0
2024-2025,03,BRETAGNE,14,RENNES,35,ILLE-ET-VILAINE,35055,CHANTEPIE,0352521A,ECOLE ELEMENTAIRE PUBLIQUE LES DEUX RUISSEAUX,public,107.3,121.5,103.1,105.8,113.7,107.2,109.8,117.4,110.3,113,74727.0
2024-2025,03,BRETAGNE,14,RENNES,35,ILLE-ET-VILAINE,35238,RENNES,0352559S,ECOLE PRIMAIRE PUBLIQUE SONIA DELAUNAY,public,90,121.5,103.1,105.8,113.7,107.2,109.8,117.4,110.3,113,74730.0
2024-2025,03,BRETAGNE,14,RENNES,35,ILLE-ET-VILAINE,35047,BRUZ,0352674S,ECOLE PRIMAIRE PUBLIQUE LE VERT BUISSON,public,114.8,121.5,103.1,105.8,113.7,107.2,109.8,117.4,110.3,113,74738.0
2024-2025,03,BRETAGNE,14,RENNES,35,ILLE-ET-VILAINE,35238,RENNES,0353082K,ECOLE PRIMAIRE PUBLIQUE TONI MORRISON,public,NS,121.5,103.1,105.8,113.7,107.2,109.8,117.4,110.3,113,74757.0
2024-2025,03,BRETAGNE,14,RENNES,35,ILLE-ET-VILAINE,35079,CHEVAIGNE,0350195X,ECOLE PRIMAIRE PUBLIQUE JULES VERNE,public,125.3,121.5,103.1,105.8,113.7,107.2,109.8,117.4,110.3,113,74229.0
2024-2025,03,BRETAGNE,14,RENNES,35,ILLE-ET-VILAINE,35080,CINTRE,0350196Y,ECOLE PRIMAIRE PUBLIQUE ARC EN CIEL,public,114.6,121.5,103.1,105.8,113.7,107.2,109.8,117.4,110.3,113,74230.0
2024-2025,03,BRETAGNE,14,RENNES,35,ILLE-ET-VILAINE,35136,JANZE,0350296G,ECOLE ELEMENTAIRE PUBLIQUE LE CHAT PERCHE,public,111.6,121.5,103.1,105.8,113.7,107.2,109.8,117.4,110.3,113,74248.0
2024-2025,03,BRETAGNE,14,RENNES,35,ILLE-ET-VILAINE,35189,MONTGERMONT,0350362D,ECOLE ELEMENTAIRE PUBLIQUE GERARD PHILIPE,public,124.3,121.5,103.1,105.8,113.7,107.2,109.8,117.4,110.3,113,74262.0
2024-2025,03,BRETAGNE,14,RENNES,35,ILLE-ET-VILAINE,35240,LE RHEU,0350430C,ECOLE PRIMAIRE PUBLIQUE MOIGNE,public,127.4,121.5,103.1,105.8,113.7,107.2,109.8,117.4,110.3,113,74275.0
2024-2025,03,BRETAGNE,14,RENNES,35,ILLE-ET-VILAINE,35238,RENNES,0350592D,ECOLE ELEMENTAIRE PUBLIQUE JOSEPH LOTTE,public,119.5,121.5,103.1,105.8,113.7,107.2,109.8,117.4,110.3,113,74306.0
2024-2025,03,BRETAGNE,14,RENNES,35,ILLE-ET-VILAINE,35238,RENNES,0350602P,ECOLE ELEMENTAIRE PUBLIQUE MARCEL PAGNOL,public,113.9,121.5,103.1,105.8,113.7,107.2,109.8,117.4,110.3,113,74310.0
2024-2025,03,BRETAGNE,14,RENNES,35,ILLE-ET-VILAINE,35238,RENNES,0350635A,ECOLE ELEMENTAIRE PUBLIQUE POTERIE,public,122,121.5,103.1,105.8,113.7,107.2,109.8,117.4,110.3,113,74321.0
2024-2025,03,BRETAGNE,14,RENNES,35,ILLE-ET-VILAINE,35238,RENNES,0350639E,ECOLE ELEMENTAIRE PUBLIQUE VILLENEUVE,public,142.7,121.5,103.1,105.8,113.7,107.2,109.8,117.4,110.3,113,74323.0
2024-2025,03,BRETAGNE,14,RENNES,35,ILLE-ET-VILAINE,35150,LECOUSSE,0351072A,ECOLE PRIMAIRE PRIVEE NOTRE DAME,privé sous contrat,109.6,121.5,103.1,105.8,113.7,107.2,109.8,117.4,110.3,113,74355.0
2024-2025,03,BRETAGNE,14,RENNES,35,ILLE-ET-VILAINE,35189,MONTGERMONT,0351126J,ECOLE PRIMAIRE PRIVEE NOTRE DAME,privé sous contrat,130.4,121.5,103.1,105.8,113.7,107.2,109.8,117.4,110.3,113,74371.0
2024-2025,03,BRETAGNE,14,RENNES,35,ILLE-ET-VILAINE,35047,BRUZ,0351213D,ECOLE PRIMAIRE PRIVEE LA PROVIDENCE VERT BUISSON,privé sous contrat,128.7,121.5,103.1,105.8,113.7,107.2,109.8,117.4,110.3,113,74396.0
2024-2025,03,BRETAGNE,14,RENNES,35,ILLE-ET-VILAINE,35206,NOYAL CHATILLON SUR SEICHE,0351245N,ECOLE PRIMAIRE PRIVEE ST AMAND,privé sous contrat,128.2,121.5,103.1,105.8,113.7,107.2,109.8,117.4,110.3,113,74405.0
2024-2025,03,BRETAGNE,14,RENNES,35,ILLE-ET-VILAINE,35079,CHEVAIGNE,0351253X,ECOLE PRIMAIRE PRIVEE STE THERESE,privé sous contrat,136.2,121.5,103.1,105.8,113.7,107.2,109.8,117.4,110.3,113,74406.0
2024-2025,03,BRETAGNE,14,RENNES,35,ILLE-ET-VILAINE,35088,CORPS NUDS,0351267M,ECOLE PRIMAIRE PRIVEE ST JOSEPH,privé sous contrat,120.2,121.5,103.1,105.8,113.7,107.2,109.8,117.4,110.3,113,74410.0
2024-2025,03,BRETAGNE,14,RENNES,35,ILLE-ET-VILAINE,35238,RENNES,0351504V,ECOLE PRIMAIRE PRIVEE ADORATION,privé sous contrat,142,121.5,103.1,105.8,113.7,107.2,109.8,117.4,110.3,113,74478.0
2022-2023,03,BRETAGNE,14,RENNES,35,ILLE-ET-VILAINE,35206,NOYAL CHATILLON SUR SEICHE,0352975U,ECOLE PRIMAIRE PUBLIQUE LE PETIT PRINCE,public,99.9,119.3,102.9,105.4,112.1,107.1,109.1,115.6,110.4,112.4,10009.0
2024-2025,03,BRETAGNE,14,RENNES,35,ILLE-ET-VILAINE,35250,SAINT ARMEL,0350445U,ECOLE PRIMAIRE PUBLIQUE LES BOSCHAUX,public,111.7,121.5,103.1,105.8,113.7,107.2,109.8,117.4,110.3,113,74278.0
2024-2025,03,BRETAGNE,14,RENNES,35,ILLE-ET-VILAINE,35315,SAINT SULPICE LA FORET,0350552K,ECOLE PRIMAIRE PUBLIQUE NIKI DE SAINT PHALLE,public,134.6,121.5,103.1,105.8,113.7,107.2,109.8,117.4,110.3,113,74300.0
2024-2025,03,BRETAGNE,14,RENNES,35,ILLE-ET-VILAINE,35238,RENNES,0350594F,ECOLE ELEMENTAIRE PUBLIQUE CHAMPION DE CICE,public,97.5,121.5,103.1,105.8,113.7,107.2,109.8,117.4,110.3,113,74308.0
2024-2025,03,BRETAGNE,14,RENNES,35,ILLE-ET-VILAINE,35238,RENNES,0350603R,ECOLE ELEMENTAIRE PUBLIQUE PABLO PICASSO,public,126.8,121.5,103.1,105.8,113.7,107.2,109.8,117.4,110.3,113,74311.0
2024-2025,03,BRETAGNE,14,RENNES,35,ILLE-ET-VILAINE,35238,RENNES,0350624N,ECOLE ELEMENTAIRE PUBLIQUE CONTOUR SAINT AUBIN,public,132.8,121.5,103.1,105.8,113.7,107.2,109.8,117.4,110.3,113,74316.0
2024-2025,03,BRETAGNE,14,RENNES,35,ILLE-ET-VILAINE,35238,RENNES,0350631W,ECOLE ELEMENTAIRE PUBLIQUE MOULIN DU COMTE,public,98.5,121.5,103.1,105.8,113.7,107.2,109.8,117.4,110.3,113,74319.0
2024-2025,03,BRETAGNE,14,RENNES,35,ILLE-ET-VILAINE,35245,ROMILLE,0351025Z,ECOLE ELEMENTAIRE PUBLIQUE JEAN DE LA FONTAINE,public,117.9,121.5,103.1,105.8,113.7,107.2,109.8,117.4,110.3,113,74340.0
2024-2025,03,BRETAGNE,14,RENNES,35,ILLE-ET-VILAINE,35208,ORGERES,0351151L,ECOLE PRIMAIRE PRIVEE LE SACRE COEUR,privé sous contrat,120.1,121.5,103.1,105.8,113.7,107.2,109.8,117.4,110.3,113,74376.0
2024-2025,03,BRETAGNE,14,RENNES,35,ILLE-ET-VILAINE,35266,SAINT ERBLON,0351360N,ECOLE PRIMAIRE PRIVEE ST JEAN,privé sous contrat,129.2,121.5,103.1,105.8,113.7,107.2,109.8,117.4,110.3,113,74431.0
2024-2025,03,BRETAGNE,14,RENNES,35,ILLE-ET-VILAINE,35238,RENNES,0351492G,ECOLE PRIMAIRE PRIVEE ST CLEMENT,privé sous contrat,126.1,121.5,103.1,105.8,113.7,107.2,109.8,117.4,110.3,113,74474.0
2024-2025,03,BRETAGNE,14,RENNES,35,ILLE-ET-VILAINE,35238,RENNES,0351522P,ECOLE PRIMAIRE PRIVEE ST JEAN STE THERESE,privé sous contrat,135.1,121.5,103.1,105.8,113.7,107.2,109.8,117.4,110.3,113,74482.0
2022-2023,03,BRETAGNE,14,RENNES,35,ILLE-ET-VILAINE,35238,RENNES,0352810P,ECOLE PRIMAIRE PUBLIQUE ANDREE CHEDID,public,75.4,119.3,102.9,105.4,112.1,107.1,109.1,115.6,110.4,112.4,10004.0
2022-2023,03,BRETAGNE,14,RENNES,35,ILLE-ET-VILAINE,35206,NOYAL CHATILLON SUR SEICHE,0350188P,ECOLE PRIMAIRE PUBLIQUE LE CHAT PERCHE,public,117.5,119.3,102.9,105.4,112.1,107.1,109.1,115.6,110.4,112.4,9494.0
2022-2023,03,BRETAGNE,14,RENNES,35,ILLE-ET-VILAINE,35076,CHAVAGNE,0350192U,ECOLE ELEMENTAIRE PUBLIQUE DE CHAVAGNE,public,110.2,119.3,102.9,105.4,112.1,107.1,109.1,115.6,110.4,112.4,9495.0
2022-2023,03,BRETAGNE,14,RENNES,35,ILLE-ET-VILAINE,35080,CINTRE,0350196Y,ECOLE PRIMAIRE PUBLIQUE ARC EN CIEL,public,116.6,119.3,102.9,105.4,112.1,107.1,109.1,115.6,110.4,112.4,9497.0
2022-2023,03,BRETAGNE,14,RENNES,35,ILLE-ET-VILAINE,35081,CLAYES,0350197Z,ECOLE PRIMAIRE PUBLIQUE DE CLAYES,public,111.4,119.3,102.9,105.4,112.1,107.1,109.1,115.6,110.4,112.4,9498.0
2022-2023,03,BRETAGNE,14,RENNES,35,ILLE-ET-VILAINE,35088,CORPS NUDS,0350208L,ECOLE PRIMAIRE PUBLIQUE JACQUES YVES COUSTEAU,public,113.9,119.3,102.9,105.4,112.1,107.1,109.1,115.6,110.4,112.4,9500.0
2022-2023,03,BRETAGNE,14,RENNES,35,ILLE-ET-VILAINE,35132,HIREL,0350288Y,ECOLE PRIMAIRE PUBLIQUE LE LONG SILLON,public,89.9,119.3,102.9,105.4,112.1,107.1,109.1,115.6,110.4,112.4,9513.0
2022-2023,03,BRETAGNE,14,RENNES,35,ILLE-ET-VILAINE,35315,SAINT SULPICE LA FORET,0350552K,ECOLE PRIMAIRE PUBLIQUE NIKI DE SAINT PHALLE,public,130.5,119.3,102.9,105.4,112.1,107.1,109.1,115.6,110.4,112.4,9565.0
2022-2023,03,BRETAGNE,14,RENNES,35,ILLE-ET-VILAINE,35238,RENNES,0350612A,ECOLE ELEMENTAIRE PUBLIQUE JEAN ZAY,public,138.4,119.3,102.9,105.4,112.1,107.1,109.1,115.6,110.4,112.4,9578.0
2022-2023,03,BRETAGNE,14,RENNES,35,ILLE-ET-VILAINE,35238,RENNES,0350615D,ECOLE ELEMENTAIRE PUBLIQUE PAUL LANGEVIN,public,98.3,119.3,102.9,105.4,112.1,107.1,109.1,115.6,110.4,112.4,9579.0
2022-2023,03,BRETAGNE,14,RENNES,35,ILLE-ET-VILAINE,35238,RENNES,0350632X,ECOLE ELEMENTAIRE PUBLIQUE COLOMBIER,public,93.2,119.3,102.9,105.4,112.1,107.1,109.1,115.6,110.4,112.4,9585.0
2022-2023,03,BRETAGNE,14,RENNES,35,ILLE-ET-VILAINE,35351,LE VERGER,0350671P,ECOLE PRIMAIRE PUBLIQUE DE LA VALLEE DU ROHUEL,public,119.8,119.3,102.9,105.4,112.1,107.1,109.1,115.6,110.4,112.4,9589.0
2022-2023,03,BRETAGNE,14,RENNES,35,ILLE-ET-VILAINE,35135,IRODOUËR,0351059L,ECOLE PRIMAIRE PRIVEE ST JOSEPH,privé sous contrat,110.7,119.3,102.9,105.4,112.1,107.1,109.1,115.6,110.4,112.4,9613.0
2022-2023,03,BRETAGNE,14,RENNES,35,ILLE-ET-VILAINE,35150,LECOUSSE,0351072A,ECOLE PRIMAIRE PRIVEE NOTRE DAME,privé sous contrat,105.3,119.3,102.9,105.4,112.1,107.1,109.1,115.6,110.4,112.4,9619.0
2022-2023,03,BRETAGNE,14,RENNES,35,ILLE-ET-VILAINE,35189,MONTGERMONT,0351126J,ECOLE PRIMAIRE PRIVEE NOTRE DAME,privé sous contrat,128.4,119.3,102.9,105.4,112.1,107.1,109.1,115.6,110.4,112.4,9632.0
2022-2023,03,BRETAGNE,14,RENNES,35,ILLE-ET-VILAINE,35059,LA CHAPELLE DES FOUGERETZ,0351230X,ECOLE PRIMAIRE PRIVEE NOTRE DAME,privé sous contrat,129.3,119.3,102.9,105.4,112.1,107.1,109.1,115.6,110.4,112.4,9658.0
2022-2023,03,BRETAGNE,14,RENNES,35,ILLE-ET-VILAINE,35238,RENNES,0351515G,ECOLE PRIMAIRE PRIVEE ST LAURENT,privé sous contrat,102.6,119.3,102.9,105.4,112.1,107.1,109.1,115.6,110.4,112.4,9735.0
2022-2023,03,BRETAGNE,14,RENNES,35,ILLE-ET-VILAINE,35353,VEZIN LE COQUET,0351561G,ECOLE PRIMAIRE PRIVEE NOTRE DAME,privé sous contrat,126.3,119.3,102.9,105.4,112.1,107.1,109.1,115.6,110.4,112.4,9753.0
2022-2023,03,BRETAGNE,14,RENNES,35,ILLE-ET-VILAINE,35144,LANGAN,0351659N,ECOLE PRIMAIRE PUBLIQUE LE VIEUX MUR,public,111.1,119.3,102.9,105.4,112.1,107.1,109.1,115.6,110.4,112.4,9784.0
2022-2023,03,BRETAGNE,14,RENNES,35,ILLE-ET-VILAINE,35055,CHANTEPIE,0351699G,ECOLE PRIMAIRE PRIVEE ST JOSEPH,privé sous contrat,129.4,119.3,102.9,105.4,112.1,107.1,109.1,115.6,110.4,112.4,9809.0
2022-2023,03,BRETAGNE,14,RENNES,35,ILLE-ET-VILAINE,35204,NOUVOITOU,0351707R,ECOLE PRIMAIRE PRIVEE ST MARTIN,privé sous contrat,118.8,119.3,102.9,105.4,112.1,107.1,109.1,115.6,110.4,112.4,9815.0
2022-2023,03,BRETAGNE,14,RENNES,35,ILLE-ET-VILAINE,35238,RENNES,0351774N,ECOLE ELEMENTAIRE PUBLIQUE LIBERTE,public,127.8,119.3,102.9,105.4,112.1,107.1,109.1,115.6,110.4,112.4,9843.0
2022-2023,03,BRETAGNE,14,RENNES,35,ILLE-ET-VILAINE,35200,MOUTIERS,0351826V,ECOLE PRIMAIRE PRIVEE STE THERESE,privé sous contrat,95.1,119.3,102.9,105.4,112.1,107.1,109.1,115.6,110.4,112.4,9856.0
2022-2023,03,BRETAGNE,14,RENNES,35,ILLE-ET-VILAINE,35051,CESSON SEVIGNE,0351894U,ECOLE ELEMENTAIRE PUBLIQUE BOURGCHEVREUIL,public,135.3,119.3,102.9,105.4,112.1,107.1,109.1,115.6,110.4,112.4,9865.0
2022-2023,03,BRETAGNE,14,RENNES,35,ILLE-ET-VILAINE,35238,RENNES,0351989X,ECOLE ELEMENTAIRE PUBLIQUE JULES ISAAC,public,112.5,119.3,102.9,105.4,112.1,107.1,109.1,115.6,110.4,112.4,9868.0
2022-2023,03,BRETAGNE,14,RENNES,35,ILLE-ET-VILAINE,35238,RENNES,0352199A,ECOLE ELEMENTAIRE PUBLIQUE GUILLEVIC,public,74.9,119.3,102.9,105.4,112.1,107.1,109.1,115.6,110.4,112.4,9901.0
2022-2023,03,BRETAGNE,14,RENNES,35,ILLE-ET-VILAINE,35238,RENNES,0352209L,ECOLE PRIMAIRE PUBLIQUE TREGAIN,public,73.2,119.3,102.9,105.4,112.1,107.1,109.1,115.6,110.4,112.4,9903.0
2022-2023,03,BRETAGNE,14,RENNES,35,ILLE-ET-VILAINE,35238,RENNES,0352308U,ECOLE PRIMAIRE PRIVEE MARCEL CALLO,privé sous contrat,136.1,119.3,102.9,105.4,112.1,107.1,109.1,115.6,110.4,112.4,9920.0
2022-2023,03,BRETAGNE,14,RENNES,35,ILLE-ET-VILAINE,35240,LE RHEU,0352329S,ECOLE ELEMENTAIRE PUBLIQUE LA GABILLAIS,public,117.1,119.3,102.9,105.4,112.1,107.1,109.1,115.6,110.4,112.4,9927.0
2022-2023,03,BRETAGNE,14,RENNES,35,ILLE-ET-VILAINE,35210,PACE,0352377U,ECOLE PRIMAIRE PRIVEE STE ANNE ST JOSEPH,privé sous contrat,135.2,119.3,102.9,105.4,112.1,107.1,109.1,115.6,110.4,112.4,9947.0
2022-2023,03,BRETAGNE,14,RENNES,35,ILLE-ET-VILAINE,35281,SAINT JACQUES DE LA LANDE,0352391J,ECOLE PRIMAIRE PUBLIQUE EUGENE POTTIER,public,99.6,119.3,102.9,105.4,112.1,107.1,109.1,115.6,110.4,112.4,9954.0
2022-2023,03,BRETAGNE,14,RENNES,35,ILLE-ET-VILAINE,35238,RENNES,0352433E,ECOLE PRIMAIRE PUBLIQUE ROBERT DOISNEAU,public,113.5,119.3,102.9,105.4,112.1,107.1,109.1,115.6,110.4,112.4,9964.0
2022-2023,03,BRETAGNE,14,RENNES,35,ILLE-ET-VILAINE,35196,MORDELLES,0352485L,ECOLE PRIMAIRE PRIVEE L IMMACULEE,privé sous contrat,111.8,119.3,102.9,105.4,112.1,107.1,109.1,115.6,110.4,112.4,9972.0
2022-2023,03,BRETAGNE,14,RENNES,35,ILLE-ET-VILAINE,35024,BETTON,0352536S,ECOLE PRIMAIRE PUBLIQUE LES MEZIERES,public,117.3,119.3,102.9,105.4,112.1,107.1,109.1,115.6,110.4,112.4,9984.0
2022-2023,03,BRETAGNE,14,RENNES,35,ILLE-ET-VILAINE,35238,RENNES,0352667J,ECOLE ELEMENTAIRE PUBLIQUE ILLE,public,124.2,119.3,102.9,105.4,112.1,107.1,109.1,115.6,110.4,112.4,9988.0
2024-2025,03,BRETAGNE,14,RENNES,35,ILLE-ET-VILAINE,35353,VEZIN LE COQUET,0351619V,ECOLE ELEMENTAIRE PUBLIQUE ERIC TABARLY,public,112.5,121.5,103.1,105.8,113.7,107.2,109.8,117.4,110.3,113,74514.0
2024-2025,03,BRETAGNE,14,RENNES,35,ILLE-ET-VILAINE,35144,LANGAN,0351659N,ECOLE PRIMAIRE PUBLIQUE LE VIEUX MUR,public,107.5,121.5,103.1,105.8,113.7,107.2,109.8,117.4,110.3,113,74529.0
2024-2025,03,BRETAGNE,14,RENNES,35,ILLE-ET-VILAINE,35032,BOURGBARRE,0351686T,ECOLE PRIMAIRE PUBLIQUE FRANCOISE DOLTO,public,117.7,121.5,103.1,105.8,113.7,107.2,109.8,117.4,110.3,113,74551.0
2024-2025,03,BRETAGNE,14,RENNES,35,ILLE-ET-VILAINE,35204,NOUVOITOU,0351707R,ECOLE PRIMAIRE PRIVEE ST MARTIN,privé sous contrat,115.7,121.5,103.1,105.8,113.7,107.2,109.8,117.4,110.3,113,74560.0
2024-2025,03,BRETAGNE,14,RENNES,35,ILLE-ET-VILAINE,35051,CESSON SEVIGNE,0351894U,ECOLE ELEMENTAIRE PUBLIQUE BOURGCHEVREUIL,public,135,121.5,103.1,105.8,113.7,107.2,109.8,117.4,110.3,113,74610.0
2024-2025,03,BRETAGNE,14,RENNES,35,ILLE-ET-VILAINE,35204,NOUVOITOU,0352056V,ECOLE PRIMAIRE PUBLIQUE LE CHENE CENTENAIRE,public,117.5,121.5,103.1,105.8,113.7,107.2,109.8,117.4,110.3,113,74618.0
2024-2025,03,BRETAGNE,14,RENNES,35,ILLE-ET-VILAINE,35238,RENNES,0352209L,ECOLE PRIMAIRE PUBLIQUE TREGAIN,public,73.2,121.5,103.1,105.8,113.7,107.2,109.8,117.4,110.3,113,74649.0
2024-2025,03,BRETAGNE,14,RENNES,35,ILLE-ET-VILAINE,35240,LE RHEU,0352324L,ECOLE ELEMENTAIRE PUBLIQUE LE CLOS JOURY,public,118.7,121.5,103.1,105.8,113.7,107.2,109.8,117.4,110.3,113,74670.0
2024-2025,03,BRETAGNE,14,RENNES,35,ILLE-ET-VILAINE,35240,LE RHEU,0352329S,ECOLE ELEMENTAIRE PUBLIQUE LA GABILLAIS,public,118.1,121.5,103.1,105.8,113.7,107.2,109.8,117.4,110.3,113,74672.0
2024-2025,03,BRETAGNE,14,RENNES,35,ILLE-ET-VILAINE,35238,RENNES,0352376T,ECOLE PRIMAIRE PRIVEE STE MARIE,privé sous contrat,131.4,121.5,103.1,105.8,113.7,107.2,109.8,117.4,110.3,113,74691.0
2024-2025,03,BRETAGNE,14,RENNES,35,ILLE-ET-VILAINE,35210,PACE,0352377U,ECOLE PRIMAIRE PRIVEE STE ANNE ST JOSEPH,privé sous contrat,137.9,121.5,103.1,105.8,113.7,107.2,109.8,117.4,110.3,113,74692.0
2024-2025,03,BRETAGNE,14,RENNES,35,ILLE-ET-VILAINE,35352,VERN SUR SEICHE,0352386D,ECOLE ELEMENTAIRE PUBLIQUE NOEL DU FAIL,public,124.6,121.5,103.1,105.8,113.7,107.2,109.8,117.4,110.3,113,74695.0
2024-2025,03,BRETAGNE,14,RENNES,35,ILLE-ET-VILAINE,35281,SAINT JACQUES DE LA LANDE,0352391J,ECOLE PRIMAIRE PUBLIQUE EUGENE POTTIER,public,99.6,121.5,103.1,105.8,113.7,107.2,109.8,117.4,110.3,113,74699.0
2024-2025,03,BRETAGNE,14,RENNES,35,ILLE-ET-VILAINE,35238,RENNES,0352433E,ECOLE PRIMAIRE PUBLIQUE ROBERT DOISNEAU,public,110.6,121.5,103.1,105.8,113.7,107.2,109.8,117.4,110.3,113,74709.0
2024-2025,03,BRETAGNE,14,RENNES,35,ILLE-ET-VILAINE,35238,RENNES,0352517W,ECOLE PRIMAIRE PRIVEE NOTRE DAME DES MIRACLES,privé sous contrat,135.6,121.5,103.1,105.8,113.7,107.2,109.8,117.4,110.3,113,74724.0
2024-2025,03,BRETAGNE,14,RENNES,35,ILLE-ET-VILAINE,35055,CHANTEPIE,0352520Z,ECOLE PRIMAIRE PUBLIQUE LES LANDES,public,105.3,121.5,103.1,105.8,113.7,107.2,109.8,117.4,110.3,113,74726.0
2024-2025,03,BRETAGNE,14,RENNES,35,ILLE-ET-VILAINE,35238,RENNES,0352810P,ECOLE PRIMAIRE PUBLIQUE ANDREE CHEDID,public,72.5,121.5,103.1,105.8,113.7,107.2,109.8,117.4,110.3,113,74750.0
2023-2024,03,BRETAGNE,14,RENNES,35,ILLE-ET-VILAINE,35120,GEVEZE,0351736X,ECOLE PRIMAIRE PRIVEE STE MARIE,privé sous contrat,131.1,120.3,102.9,105.5,112.8,107.1,109.4,116.5,110.4,112.7,42013.0
2023-2024,03,BRETAGNE,14,RENNES,35,ILLE-ET-VILAINE,35266,SAINT ERBLON,0351786B,ECOLE PRIMAIRE PUBLIQUE LOUISE MICHEL,public,120.9,120.3,102.9,105.5,112.8,107.1,109.4,116.5,110.4,112.7,42033.0
2023-2024,03,BRETAGNE,14,RENNES,35,ILLE-ET-VILAINE,35024,BETTON,0351806Y,ECOLE ELEMENTAIRE PUBLIQUE LES OMBLAIS,public,131,120.3,102.9,105.5,112.8,107.1,109.4,116.5,110.4,112.7,42036.0
2023-2024,03,BRETAGNE,14,RENNES,35,ILLE-ET-VILAINE,35024,BETTON,0351809B,ECOLE ELEMENTAIRE PUBLIQUE LA HAYE RENAUD,public,128.4,120.3,102.9,105.5,112.8,107.1,109.4,116.5,110.4,112.7,42037.0
2023-2024,03,BRETAGNE,14,RENNES,35,ILLE-ET-VILAINE,35238,RENNES,0352055U,ECOLE ELEMENTAIRE PUBLIQUE LOUISE MICHEL,public,120,120.3,102.9,105.5,112.8,107.1,109.4,116.5,110.4,112.7,42057.0
2023-2024,03,BRETAGNE,14,RENNES,35,ILLE-ET-VILAINE,35210,PACE,0352134E,ECOLE ELEMENTAIRE PUBLIQUE GUY GERARD,public,130.5,120.3,102.9,105.5,112.8,107.1,109.4,116.5,110.4,112.7,42067.0
2023-2024,03,BRETAGNE,14,RENNES,35,ILLE-ET-VILAINE,35281,SAINT JACQUES DE LA LANDE,0352137H,ECOLE ELEMENTAIRE PUBLIQUE OLYMPE DE GOUGES,public,107.9,120.3,102.9,105.5,112.8,107.1,109.4,116.5,110.4,112.7,42070.0
2023-2024,03,BRETAGNE,14,RENNES,35,ILLE-ET-VILAINE,35238,RENNES,0352158F,ECOLE ELEMENTAIRE PUBLIQUE JEAN ROSTAND,public,113.1,120.3,102.9,105.5,112.8,107.1,109.4,116.5,110.4,112.7,42075.0
2023-2024,03,BRETAGNE,14,RENNES,35,ILLE-ET-VILAINE,35238,RENNES,0352209L,ECOLE PRIMAIRE PUBLIQUE TREGAIN,public,73.8,120.3,102.9,105.5,112.8,107.1,109.4,116.5,110.4,112.7,42089.0
2023-2024,03,BRETAGNE,14,RENNES,35,ILLE-ET-VILAINE,35047,BRUZ,0352241W,ECOLE PRIMAIRE PUBLIQUE JACQUES PREVERT,public,119.6,120.3,102.9,105.5,112.8,107.1,109.4,116.5,110.4,112.7,42094.0
2023-2024,03,BRETAGNE,14,RENNES,35,ILLE-ET-VILAINE,35238,RENNES,0352271D,ECOLE ELEMENTAIRE PUBLIQUE GUYENNE,public,73.2,120.3,102.9,105.5,112.8,107.1,109.4,116.5,110.4,112.7,42100.0
2023-2024,03,BRETAGNE,14,RENNES,35,ILLE-ET-VILAINE,35066,CHARTRES DE BRETAGNE,0352306S,ECOLE ELEMENTAIRE PUBLIQUE L AUDITOIRE,public,108.4,120.3,102.9,105.5,112.8,107.1,109.4,116.5,110.4,112.7,42105.0
2023-2024,03,BRETAGNE,14,RENNES,35,ILLE-ET-VILAINE,35240,LE RHEU,0352324L,ECOLE ELEMENTAIRE PUBLIQUE LE CLOS JOURY,public,119.1,120.3,102.9,105.5,112.8,107.1,109.4,116.5,110.4,112.7,42111.0
2023-2024,03,BRETAGNE,14,RENNES,35,ILLE-ET-VILAINE,35240,LE RHEU,0352329S,ECOLE ELEMENTAIRE PUBLIQUE LA GABILLAIS,public,116.7,120.3,102.9,105.5,112.8,107.1,109.4,116.5,110.4,112.7,42113.0
2023-2024,03,BRETAGNE,14,RENNES,35,ILLE-ET-VILAINE,35051,CESSON SEVIGNE,0352362C,ECOLE PRIMAIRE PRIVEE NOTRE DAME,privé sous contrat,143.4,120.3,102.9,105.5,112.8,107.1,109.4,116.5,110.4,112.7,42124.0
2023-2024,03,BRETAGNE,14,RENNES,35,ILLE-ET-VILAINE,35238,RENNES,0352376T,ECOLE PRIMAIRE PRIVEE STE MARIE,privé sous contrat,130.5,120.3,102.9,105.5,112.8,107.1,109.4,116.5,110.4,112.7,42132.0
2023-2024,03,BRETAGNE,14,RENNES,35,ILLE-ET-VILAINE,35065,LA CHAPELLE THOUARAULT,0352390H,ECOLE PRIMAIRE PUBLIQUE ROGER BEAULIEU,public,109.1,120.3,102.9,105.5,112.8,107.1,109.4,116.5,110.4,112.7,42139.0
2023-2024,03,BRETAGNE,14,RENNES,35,ILLE-ET-VILAINE,35281,SAINT JACQUES DE LA LANDE,0352391J,ECOLE PRIMAIRE PUBLIQUE EUGENE POTTIER,public,97.8,120.3,102.9,105.5,112.8,107.1,109.4,116.5,110.4,112.7,42140.0
2023-2024,03,BRETAGNE,14,RENNES,35,ILLE-ET-VILAINE,35076,CHAVAGNE,0352407B,ECOLE PRIMAIRE PRIVEE STE ANNE,privé sous contrat,117.1,120.3,102.9,105.5,112.8,107.1,109.4,116.5,110.4,112.7,42145.0
2023-2024,03,BRETAGNE,14,RENNES,35,ILLE-ET-VILAINE,35196,MORDELLES,0352485L,ECOLE PRIMAIRE PRIVEE L IMMACULEE,privé sous contrat,112,120.3,102.9,105.5,112.8,107.1,109.4,116.5,110.4,112.7,42158.0
2023-2024,03,BRETAGNE,14,RENNES,35,ILLE-ET-VILAINE,35238,RENNES,0352667J,ECOLE ELEMENTAIRE PUBLIQUE ILLE,public,123.1,120.3,102.9,105.5,112.8,107.1,109.4,116.5,110.4,112.7,42174.0
2023-2024,03,BRETAGNE,14,RENNES,35,ILLE-ET-VILAINE,35238,RENNES,0353062N,ECOLE PRIMAIRE PUBLIQUE SIMONE VEIL,public,NS,120.3,102.9,105.5,112.8,107.1,109.4,116.5,110.4,112.7,42198.0
2023-2024,03,BRETAGNE,14,RENNES,35,ILLE-ET-VILAINE,35039,BRECE,0350153B,ECOLE PRIMAIRE PUBLIQUE AUX QUATRE VENTS,public,114.8,120.3,102.9,105.5,112.8,107.1,109.4,116.5,110.4,112.7,41661.0
2023-2024,03,BRETAGNE,14,RENNES,35,ILLE-ET-VILAINE,35079,CHEVAIGNE,0350195X,ECOLE PRIMAIRE PUBLIQUE JULES VERNE,public,122.9,120.3,102.9,105.5,112.8,107.1,109.4,116.5,110.4,112.7,41673.0
2023-2024,03,BRETAGNE,14,RENNES,35,ILLE-ET-VILAINE,35132,HIREL,0350288Y,ECOLE PRIMAIRE PUBLIQUE LE LONG SILLON,public,90,120.3,102.9,105.5,112.8,107.1,109.4,116.5,110.4,112.7,41690.0
2023-2024,03,BRETAGNE,14,RENNES,35,ILLE-ET-VILAINE,35363,PONT PEAN,0350467T,ECOLE PRIMAIRE PUBLIQUE LUCIE AUBRAC,public,117.2,120.3,102.9,105.5,112.8,107.1,109.4,116.5,110.4,112.7,41723.0
2023-2024,03,BRETAGNE,14,RENNES,35,ILLE-ET-VILAINE,35278,SAINT GREGOIRE,0350483K,ECOLE ELEMENTAIRE PUBLIQUE PAUL EMILE VICTOR,public,127.3,120.3,102.9,105.5,112.8,107.1,109.4,116.5,110.4,112.7,41727.0
2023-2024,03,BRETAGNE,14,RENNES,35,ILLE-ET-VILAINE,35238,RENNES,0350593E,ECOLE ELEMENTAIRE PUBLIQUE ALBERT DE MUN,public,136.5,120.3,102.9,105.5,112.8,107.1,109.4,116.5,110.4,112.7,41751.0
2023-2024,03,BRETAGNE,14,RENNES,35,ILLE-ET-VILAINE,35238,RENNES,0350635A,ECOLE ELEMENTAIRE PUBLIQUE POTERIE,public,120.5,120.3,102.9,105.5,112.8,107.1,109.4,116.5,110.4,112.7,41765.0
2023-2024,03,BRETAGNE,14,RENNES,35,ILLE-ET-VILAINE,35135,IRODOUER,0351059L,ECOLE PRIMAIRE PRIVEE ST JOSEPH,privé sous contrat,108.6,120.3,102.9,105.5,112.8,107.1,109.4,116.5,110.4,112.7,41793.0
2023-2024,03,BRETAGNE,14,RENNES,35,ILLE-ET-VILAINE,35139,LAILLE,0351064S,ECOLE PRIMAIRE PRIVEE NOTRE DAME,privé sous contrat,130.2,120.3,102.9,105.5,112.8,107.1,109.4,116.5,110.4,112.7,41795.0
2023-2024,03,BRETAGNE,14,RENNES,35,ILLE-ET-VILAINE,35189,MONTGERMONT,0351126J,ECOLE PRIMAIRE PRIVEE NOTRE DAME,privé sous contrat,132.3,120.3,102.9,105.5,112.8,107.1,109.4,116.5,110.4,112.7,41815.0
2023-2024,03,BRETAGNE,14,RENNES,35,ILLE-ET-VILAINE,35206,NOYAL CHATILLON SUR SEICHE,0351245N,ECOLE PRIMAIRE PRIVEE ST AMAND,privé sous contrat,129.6,120.3,102.9,105.5,112.8,107.1,109.4,116.5,110.4,112.7,41849.0
2023-2024,03,BRETAGNE,14,RENNES,35,ILLE-ET-VILAINE,35131,L HERMITAGE,0351349B,ECOLE PRIMAIRE PRIVEE ST JOSEPH,privé sous contrat,117.8,120.3,102.9,105.5,112.8,107.1,109.4,116.5,110.4,112.7,41871.0
2023-2024,03,BRETAGNE,14,RENNES,35,ILLE-ET-VILAINE,35230,POILLEY,0351479T,ECOLE PRIMAIRE PRIVEE ST JOSEPH,privé sous contrat,NS,120.3,102.9,105.5,112.8,107.1,109.4,116.5,110.4,112.7,41914.0
2023-2024,03,BRETAGNE,14,RENNES,35,ILLE-ET-VILAINE,35238,RENNES,0351498N,ECOLE PRIMAIRE PRIVEE ST MICHEL,privé sous contrat,137.2,120.3,102.9,105.5,112.8,107.1,109.4,116.5,110.4,112.7,41918.0
2023-2024,03,BRETAGNE,14,RENNES,35,ILLE-ET-VILAINE,35238,RENNES,0351504V,ECOLE PRIMAIRE PRIVEE ADORATION,privé sous contrat,139.8,120.3,102.9,105.5,112.8,107.1,109.4,116.5,110.4,112.7,41920.0
2023-2024,03,BRETAGNE,14,RENNES,35,ILLE-ET-VILAINE,35245,ROMILLE,0351536E,ECOLE PRIMAIRE PRIVEE ST MARTIN,privé sous contrat,114.3,120.3,102.9,105.5,112.8,107.1,109.4,116.5,110.4,112.7,41927.0
2023-2024,03,BRETAGNE,14,RENNES,35,ILLE-ET-VILAINE,35238,RENNES,0351572U,ECOLE PRIMAIRE PRIVEE MONTESSORI,privé sous contrat,143.4,120.3,102.9,105.5,112.8,107.1,109.4,116.5,110.4,112.7,41945.0
2023-2024,03,BRETAGNE,14,RENNES,35,ILLE-ET-VILAINE,35139,LAILLE,0351657L,ECOLE ELEMENTAIRE PUBLIQUE LEONARD DE VINCI,public,126,120.3,102.9,105.5,112.8,107.1,109.4,116.5,110.4,112.7,41970.0
2024-2025,03,BRETAGNE,14,RENNES,35,ILLE-ET-VILAINE,35135,IRODOUER,0351059L,ECOLE PRIMAIRE PRIVEE ST JOSEPH,privé sous contrat,109.4,121.5,103.1,105.8,113.7,107.2,109.8,117.4,110.3,113,74349.0
2024-2025,03,BRETAGNE,14,RENNES,35,ILLE-ET-VILAINE,35080,CINTRE,0351254Y,ECOLE PRIMAIRE PRIVEE ST JOSEPH,privé sous contrat,110.1,121.5,103.1,105.8,113.7,107.2,109.8,117.4,110.3,113,74407.0
2024-2025,03,BRETAGNE,14,RENNES,35,ILLE-ET-VILAINE,35278,SAINT GREGOIRE,0351372B,ECOLE PRIMAIRE PRIVEE NOTRE DAME,privé sous contrat,141.6,121.5,103.1,105.8,113.7,107.2,109.8,117.4,110.3,113,74436.0
2024-2025,03,BRETAGNE,14,RENNES,35,ILLE-ET-VILAINE,35238,RENNES,0351498N,ECOLE PRIMAIRE PRIVEE ST MICHEL,privé sous contrat,135.3,121.5,103.1,105.8,113.7,107.2,109.8,117.4,110.3,113,74476.0
2024-2025,03,BRETAGNE,14,RENNES,35,ILLE-ET-VILAINE,35353,VEZIN LE COQUET,0351561G,ECOLE PRIMAIRE PRIVEE NOTRE DAME,privé sous contrat,124.1,121.5,103.1,105.8,113.7,107.2,109.8,117.4,110.3,113,74498.0
2024-2025,03,BRETAGNE,14,RENNES,35,ILLE-ET-VILAINE,35039,BRECE,0350153B,ECOLE PRIMAIRE PUBLIQUE AUX QUATRE VENTS,public,116.6,121.5,103.1,105.8,113.7,107.2,109.8,117.4,110.3,113,74217.0
2024-2025,03,BRETAGNE,14,RENNES,35,ILLE-ET-VILAINE,35206,NOYAL CHATILLON SUR SEICHE,0350188P,ECOLE PRIMAIRE PUBLIQUE LE CHAT PERCHE,public,115.5,121.5,103.1,105.8,113.7,107.2,109.8,117.4,110.3,113,74227.0
2024-2025,03,BRETAGNE,14,RENNES,35,ILLE-ET-VILAINE,35076,CHAVAGNE,0350192U,ECOLE ELEMENTAIRE PUBLIQUE DE CHAVAGNE,public,112.2,121.5,103.1,105.8,113.7,107.2,109.8,117.4,110.3,113,74228.0
2024-2025,03,BRETAGNE,14,RENNES,35,ILLE-ET-VILAINE,35120,GEVEZE,0350266Z,ECOLE ELEMENTAIRE PUBLIQUE LEONARD DE VINCI,public,119.7,121.5,103.1,105.8,113.7,107.2,109.8,117.4,110.3,113,74243.0
2024-2025,03,BRETAGNE,14,RENNES,35,ILLE-ET-VILAINE,35363,PONT PEAN,0350467T,ECOLE PRIMAIRE PUBLIQUE LUCIE AUBRAC,public,114.6,121.5,103.1,105.8,113.7,107.2,109.8,117.4,110.3,113,74279.0
2024-2025,03,BRETAGNE,14,RENNES,35,ILLE-ET-VILAINE,35238,RENNES,0350596H,ECOLE ELEMENTAIRE PUBLIQUE OSCAR LEROUX,public,109.1,121.5,103.1,105.8,113.7,107.2,109.8,117.4,110.3,113,74309.0
2024-2025,03,BRETAGNE,14,RENNES,35,ILLE-ET-VILAINE,35238,RENNES,0350612A,ECOLE ELEMENTAIRE PUBLIQUE JEAN ZAY,public,137,121.5,103.1,105.8,113.7,107.2,109.8,117.4,110.3,113,74313.0
2024-2025,03,BRETAGNE,14,RENNES,35,ILLE-ET-VILAINE,35238,RENNES,0350615D,ECOLE ELEMENTAIRE PUBLIQUE PAUL LANGEVIN,public,99.3,121.5,103.1,105.8,113.7,107.2,109.8,117.4,110.3,113,74314.0
2024-2025,03,BRETAGNE,14,RENNES,35,ILLE-ET-VILAINE,35238,RENNES,0350626R,ECOLE ELEMENTAIRE PUBLIQUE CAMILLE CLAUDEL,public,130,121.5,103.1,105.8,113.7,107.2,109.8,117.4,110.3,113,74317.0
2024-2025,03,BRETAGNE,14,RENNES,35,ILLE-ET-VILAINE,35139,LAILLE,0351657L,ECOLE ELEMENTAIRE PUBLIQUE LEONARD DE VINCI,public,125.6,121.5,103.1,105.8,113.7,107.2,109.8,117.4,110.3,113,74528.0
2024-2025,03,BRETAGNE,14,RENNES,35,ILLE-ET-VILAINE,35120,GEVEZE,0351736X,ECOLE PRIMAIRE PRIVEE STE MARIE,privé sous contrat,131.2,121.5,103.1,105.8,113.7,107.2,109.8,117.4,110.3,113,74572.0
2024-2025,03,BRETAGNE,14,RENNES,35,ILLE-ET-VILAINE,35352,VERN SUR SEICHE,0351749L,ECOLE PRIMAIRE PRIVEE NOTRE DAME,privé sous contrat,127.6,121.5,103.1,105.8,113.7,107.2,109.8,117.4,110.3,113,74579.0
2024-2025,03,BRETAGNE,14,RENNES,35,ILLE-ET-VILAINE,35047,BRUZ,0351813F,ECOLE PRIMAIRE PUBLIQUE CHAMP L EVEQUE,public,122.4,121.5,103.1,105.8,113.7,107.2,109.8,117.4,110.3,113,74598.0
2024-2025,03,BRETAGNE,14,RENNES,35,ILLE-ET-VILAINE,35150,LECOUSSE,0352096N,ECOLE PRIMAIRE PUBLIQUE MONTAUBERT,public,106.7,121.5,103.1,105.8,113.7,107.2,109.8,117.4,110.3,113,74620.0
2024-2025,03,BRETAGNE,14,RENNES,35,ILLE-ET-VILAINE,35210,PACE,0352134E,ECOLE ELEMENTAIRE PUBLIQUE GUY GERARD,public,130.3,121.5,103.1,105.8,113.7,107.2,109.8,117.4,110.3,113,74627.0
2024-2025,03,BRETAGNE,14,RENNES,35,ILLE-ET-VILAINE,35238,RENNES,0352150X,ECOLE ELEMENTAIRE PUBLIQUE TORIGNE,public,66.6,121.5,103.1,105.8,113.7,107.2,109.8,117.4,110.3,113,74632.0
2024-2025,03,BRETAGNE,14,RENNES,35,ILLE-ET-VILAINE,35238,RENNES,0352158F,ECOLE ELEMENTAIRE PUBLIQUE JEAN ROSTAND,public,113.7,121.5,103.1,105.8,113.7,107.2,109.8,117.4,110.3,113,74635.0
2024-2025,03,BRETAGNE,14,RENNES,35,ILLE-ET-VILAINE,35047,BRUZ,0352241W,ECOLE PRIMAIRE PUBLIQUE JACQUES PREVERT,public,119.6,121.5,103.1,105.8,113.7,107.2,109.8,117.4,110.3,113,74654.0
2024-2025,03,BRETAGNE,14,RENNES,35,ILLE-ET-VILAINE,35238,RENNES,0352335Y,ECOLE PRIMAIRE PRIVEE STE BERNADETTE,privé sous contrat,131.4,121.5,103.1,105.8,113.7,107.2,109.8,117.4,110.3,113,74673.0
2024-2025,03,BRETAGNE,14,RENNES,35,ILLE-ET-VILAINE,35051,CESSON SEVIGNE,0352362C,ECOLE PRIMAIRE PRIVEE NOTRE DAME,privé sous contrat,144.9,121.5,103.1,105.8,113.7,107.2,109.8,117.4,110.3,113,74683.0
2024-2025,03,BRETAGNE,14,RENNES,35,ILLE-ET-VILAINE,35352,VERN SUR SEICHE,0352387E,ECOLE ELEMENTAIRE PUBLIQUE LA CHALOTAIS,public,113.1,121.5,103.1,105.8,113.7,107.2,109.8,117.4,110.3,113,74696.0
2024-2025,03,BRETAGNE,14,RENNES,35,ILLE-ET-VILAINE,35238,RENNES,0352410E,ECOLE PRIMAIRE PRIVEE ST JEAN BOSCO,privé sous contrat,101.4,121.5,103.1,105.8,113.7,107.2,109.8,117.4,110.3,113,74706.0
2024-2025,03,BRETAGNE,14,RENNES,35,ILLE-ET-VILAINE,35238,RENNES,0352667J,ECOLE ELEMENTAIRE PUBLIQUE ILLE,public,120.6,121.5,103.1,105.8,113.7,107.2,109.8,117.4,110.3,113,74733.0
2024-2025,03,BRETAGNE,14,RENNES,35,ILLE-ET-VILAINE,35238,RENNES,0352669L,ECOLE ELEMENTAIRE PUBLIQUE PASCAL LAFAYE,public,84.1,121.5,103.1,105.8,113.7,107.2,109.8,117.4,110.3,113,74735.0
2024-2025,03,BRETAGNE,14,RENNES,35,ILLE-ET-VILAINE,35238,RENNES,0352670M,ECOLE ELEMENTAIRE PUBLIQUE JACQUES PREVERT,public,73,121.5,103.1,105.8,113.7,107.2,109.8,117.4,110.3,113,74736.0
2024-2025,03,BRETAGNE,14,RENNES,35,ILLE-ET-VILAINE,35206,NOYAL CHATILLON SUR SEICHE,0352975U,ECOLE PRIMAIRE PUBLIQUE LE PETIT PRINCE,public,103.2,121.5,103.1,105.8,113.7,107.2,109.8,117.4,110.3,113,74755.0
2022-2023,03,BRETAGNE,14,RENNES,35,ILLE-ET-VILAINE,35001,ACIGNE,0350103X,ECOLE ELEMENTAIRE PUBLIQUE LE CHEVRE,public,128.7,119.3,102.9,105.4,112.1,107.1,109.1,115.6,110.4,112.4,9476.0
2022-2023,03,BRETAGNE,14,RENNES,35,ILLE-ET-VILAINE,35039,BRECE,0350153B,ECOLE PRIMAIRE PUBLIQUE AUX QUATRE VENTS,public,111.4,119.3,102.9,105.4,112.1,107.1,109.1,115.6,110.4,112.4,9484.0
2022-2023,03,BRETAGNE,14,RENNES,35,ILLE-ET-VILAINE,35079,CHEVAIGNE,0350195X,ECOLE PRIMAIRE PUBLIQUE JULES VERNE,public,123.6,119.3,102.9,105.4,112.1,107.1,109.1,115.6,110.4,112.4,9496.0
2022-2023,03,BRETAGNE,14,RENNES,35,ILLE-ET-VILAINE,35238,RENNES,0352877M,ECOLE PRIMAIRE PUBLIQUE NELSON MANDELA,public,94.3,119.3,102.9,105.4,112.1,107.1,109.1,115.6,110.4,112.4,10007.0
2022-2023,03,BRETAGNE,14,RENNES,35,ILLE-ET-VILAINE,35275,SAINT GILLES,0350479F,ECOLE ELEMENTAIRE PUBLIQUE JACQUES PREVERT,public,116.1,119.3,102.9,105.4,112.1,107.1,109.1,115.6,110.4,112.4,9549.0
2022-2023,03,BRETAGNE,14,RENNES,35,ILLE-ET-VILAINE,35238,RENNES,0350592D,ECOLE ELEMENTAIRE PUBLIQUE JOSEPH LOTTE,public,123.7,119.3,102.9,105.4,112.1,107.1,109.1,115.6,110.4,112.4,9571.0
2022-2023,03,BRETAGNE,14,RENNES,35,ILLE-ET-VILAINE,35238,RENNES,0350602P,ECOLE ELEMENTAIRE PUBLIQUE MARCEL PAGNOL,public,118.5,119.3,102.9,105.4,112.1,107.1,109.1,115.6,110.4,112.4,9575.0
2022-2023,03,BRETAGNE,14,RENNES,35,ILLE-ET-VILAINE,35238,RENNES,0350627S,ECOLE ELEMENTAIRE PUBLIQUE DUCHESSE ANNE,public,132.8,119.3,102.9,105.4,112.1,107.1,109.1,115.6,110.4,112.4,9583.0
2022-2023,03,BRETAGNE,14,RENNES,35,ILLE-ET-VILAINE,35238,RENNES,0350635A,ECOLE ELEMENTAIRE PUBLIQUE POTERIE,public,119.5,119.3,102.9,105.4,112.1,107.1,109.1,115.6,110.4,112.4,9586.0
2022-2023,03,BRETAGNE,14,RENNES,35,ILLE-ET-VILAINE,35047,BRUZ,0351214E,ECOLE PRIMAIRE PRIVEE LA PROVIDENCE CENTRE,privé sous contrat,132.8,119.3,102.9,105.4,112.1,107.1,109.1,115.6,110.4,112.4,9657.0
2022-2023,03,BRETAGNE,14,RENNES,35,ILLE-ET-VILAINE,35079,CHEVAIGNE,0351253X,ECOLE PRIMAIRE PRIVEE STE THERESE,privé sous contrat,132.1,119.3,102.9,105.4,112.1,107.1,109.1,115.6,110.4,112.4,9665.0
2022-2023,03,BRETAGNE,14,RENNES,35,ILLE-ET-VILAINE,35278,SAINT GREGOIRE,0351372B,ECOLE PRIMAIRE PRIVEE NOTRE DAME,privé sous contrat,138.5,119.3,102.9,105.4,112.1,107.1,109.1,115.6,110.4,112.4,9694.0
2022-2023,03,BRETAGNE,14,RENNES,35,ILLE-ET-VILAINE,35238,RENNES,0351492G,ECOLE PRIMAIRE PRIVEE ST CLEMENT,privé sous contrat,118.9,119.3,102.9,105.4,112.1,107.1,109.1,115.6,110.4,112.4,9729.0
2022-2023,03,BRETAGNE,14,RENNES,35,ILLE-ET-VILAINE,35238,RENNES,0351498N,ECOLE PRIMAIRE PRIVEE ST MICHEL,privé sous contrat,134.6,119.3,102.9,105.4,112.1,107.1,109.1,115.6,110.4,112.4,9731.0
2022-2023,03,BRETAGNE,14,RENNES,35,ILLE-ET-VILAINE,35238,RENNES,0351516H,ECOLE PRIMAIRE PRIVEE ST JOSEPH,privé sous contrat,122.9,119.3,102.9,105.4,112.1,107.1,109.1,115.6,110.4,112.4,9736.0
2022-2023,03,BRETAGNE,14,RENNES,35,ILLE-ET-VILAINE,35032,BOURGBARRE,0351686T,ECOLE PRIMAIRE PUBLIQUE FRANCOISE DOLTO,public,118.3,119.3,102.9,105.4,112.1,107.1,109.1,115.6,110.4,112.4,9806.0
2022-2023,03,BRETAGNE,14,RENNES,35,ILLE-ET-VILAINE,35334,THORIGNE FOUILLARD,0351765D,ECOLE ELEMENTAIRE PUBLIQUE LES GRANDS PRES VERTS,public,126.4,119.3,102.9,105.4,112.1,107.1,109.1,115.6,110.4,112.4,9842.0
2022-2023,03,BRETAGNE,14,RENNES,35,ILLE-ET-VILAINE,35047,BRUZ,0351813F,ECOLE PRIMAIRE PUBLIQUE CHAMP L EVEQUE,public,128.2,119.3,102.9,105.4,112.1,107.1,109.1,115.6,110.4,112.4,9853.0
2022-2023,03,BRETAGNE,14,RENNES,35,ILLE-ET-VILAINE,35150,LECOUSSE,0352096N,ECOLE PRIMAIRE PUBLIQUE MONTAUBERT,public,106,119.3,102.9,105.4,112.1,107.1,109.1,115.6,110.4,112.4,9874.0
2022-2023,03,BRETAGNE,14,RENNES,35,ILLE-ET-VILAINE,35238,RENNES,0352136G,ECOLE ELEMENTAIRE PUBLIQUE CLOTEAUX,public,98,119.3,102.9,105.4,112.1,107.1,109.1,115.6,110.4,112.4,9883.0
2022-2023,03,BRETAGNE,14,RENNES,35,ILLE-ET-VILAINE,35047,BRUZ,0352241W,ECOLE PRIMAIRE PUBLIQUE JACQUES PREVERT,public,118.3,119.3,102.9,105.4,112.1,107.1,109.1,115.6,110.4,112.4,9908.0
2022-2023,03,BRETAGNE,14,RENNES,35,ILLE-ET-VILAINE,35001,ACIGNE,0352358Y,ECOLE PRIMAIRE PRIVEE STE JEANNE D ARC,privé sous contrat,124.3,119.3,102.9,105.4,112.1,107.1,109.1,115.6,110.4,112.4,9934.0
2022-2023,03,BRETAGNE,14,RENNES,35,ILLE-ET-VILAINE,35024,BETTON,0352360A,ECOLE PRIMAIRE PRIVEE RAOUL FOLLEREAU,privé sous contrat,131.4,119.3,102.9,105.4,112.1,107.1,109.1,115.6,110.4,112.4,9936.0
2022-2023,03,BRETAGNE,14,RENNES,35,ILLE-ET-VILAINE,35238,RENNES,0352376T,ECOLE PRIMAIRE PRIVEE STE MARIE,privé sous contrat,126.8,119.3,102.9,105.4,112.1,107.1,109.1,115.6,110.4,112.4,9946.0
2022-2023,03,BRETAGNE,14,RENNES,35,ILLE-ET-VILAINE,35238,RENNES,0352432D,ECOLE PRIMAIRE PUBLIQUE MARIE PAPE CARPANTIER,public,118,119.3,102.9,105.4,112.1,107.1,109.1,115.6,110.4,112.4,9963.0
2022-2023,03,BRETAGNE,14,RENNES,35,ILLE-ET-VILAINE,35281,SAINT JACQUES DE LA LANDE,0352437J,ECOLE ELEMENTAIRE PUBLIQUE SUZANNE LACORE,public,96.3,119.3,102.9,105.4,112.1,107.1,109.1,115.6,110.4,112.4,9966.0
2022-2023,03,BRETAGNE,14,RENNES,35,ILLE-ET-VILAINE,35238,RENNES,0352517W,ECOLE PRIMAIRE PRIVEE NOTRE DAME DES MIRACLES,privé sous contrat,128.9,119.3,102.9,105.4,112.1,107.1,109.1,115.6,110.4,112.4,9979.0
2022-2023,03,BRETAGNE,14,RENNES,35,ILLE-ET-VILAINE,35238,RENNES,0352670M,ECOLE ELEMENTAIRE PUBLIQUE JACQUES PREVERT,public,73.4,119.3,102.9,105.4,112.1,107.1,109.1,115.6,110.4,112.4,9991.0
2023-2024,03,BRETAGNE,14,RENNES,35,ILLE-ET-VILAINE,35032,BOURGBARRE,0351686T,ECOLE PRIMAIRE PUBLIQUE FRANCOISE DOLTO,public,117.6,120.3,102.9,105.5,112.8,107.1,109.4,116.5,110.4,112.7,41993.0
2023-2024,03,BRETAGNE,14,RENNES,35,ILLE-ET-VILAINE,35238,RENNES,0351774N,ECOLE ELEMENTAIRE PUBLIQUE LIBERTE,public,126.2,120.3,102.9,105.5,112.8,107.1,109.4,116.5,110.4,112.7,42029.0
2023-2024,03,BRETAGNE,14,RENNES,35,ILLE-ET-VILAINE,35196,MORDELLES,0352038A,ECOLE ELEMENTAIRE PUBLIQUE LE GRETAY,public,117.4,120.3,102.9,105.5,112.8,107.1,109.4,116.5,110.4,112.7,42056.0
2023-2024,03,BRETAGNE,14,RENNES,35,ILLE-ET-VILAINE,35204,NOUVOITOU,0352056V,ECOLE PRIMAIRE PUBLIQUE LE CHENE CENTENAIRE,public,117.9,120.3,102.9,105.5,112.8,107.1,109.4,116.5,110.4,112.7,42058.0
2023-2024,03,BRETAGNE,14,RENNES,35,ILLE-ET-VILAINE,35150,LECOUSSE,0352096N,ECOLE PRIMAIRE PUBLIQUE MONTAUBERT,public,105.9,120.3,102.9,105.5,112.8,107.1,109.4,116.5,110.4,112.7,42060.0
2023-2024,03,BRETAGNE,14,RENNES,35,ILLE-ET-VILAINE,35238,RENNES,0352150X,ECOLE ELEMENTAIRE PUBLIQUE TORIGNE,public,68.5,120.3,102.9,105.5,112.8,107.1,109.4,116.5,110.4,112.7,42072.0
2023-2024,03,BRETAGNE,14,RENNES,35,ILLE-ET-VILAINE,35235,RANNEE,0352245A,ECOLE PRIMAIRE PRIVEE STE ANNE,privé sous contrat,91.1,120.3,102.9,105.5,112.8,107.1,109.4,116.5,110.4,112.7,42095.0
2023-2024,03,BRETAGNE,14,RENNES,35,ILLE-ET-VILAINE,35238,RENNES,0352258P,ECOLE ELEMENTAIRE PUBLIQUE VOLGA,public,81.1,120.3,102.9,105.5,112.8,107.1,109.4,116.5,110.4,112.7,42097.0
2023-2024,03,BRETAGNE,14,RENNES,35,ILLE-ET-VILAINE,35238,RENNES,0352308U,ECOLE PRIMAIRE PRIVEE MARCEL CALLO,privé sous contrat,135.3,120.3,102.9,105.5,112.8,107.1,109.4,116.5,110.4,112.7,42106.0
2023-2024,03,BRETAGNE,14,RENNES,35,ILLE-ET-VILAINE,35238,RENNES,0352432D,ECOLE PRIMAIRE PUBLIQUE MARIE PAPE CARPANTIER,public,118.2,120.3,102.9,105.5,112.8,107.1,109.4,116.5,110.4,112.7,42149.0
2023-2024,03,BRETAGNE,14,RENNES,35,ILLE-ET-VILAINE,35238,RENNES,0352433E,ECOLE PRIMAIRE PUBLIQUE ROBERT DOISNEAU,public,113.4,120.3,102.9,105.5,112.8,107.1,109.4,116.5,110.4,112.7,42150.0
2023-2024,03,BRETAGNE,14,RENNES,35,ILLE-ET-VILAINE,35238,RENNES,0352500C,ECOLE PRIMAIRE PRIVEE DIWAN,privé sous contrat,139.9,120.3,102.9,105.5,112.8,107.1,109.4,116.5,110.4,112.7,42161.0
2023-2024,03,BRETAGNE,14,RENNES,35,ILLE-ET-VILAINE,35055,CHANTEPIE,0352521A,ECOLE ELEMENTAIRE PUBLIQUE LES DEUX RUISSEAUX,public,107.2,120.3,102.9,105.5,112.8,107.1,109.4,116.5,110.4,112.7,42168.0
2023-2024,03,BRETAGNE,14,RENNES,35,ILLE-ET-VILAINE,35238,RENNES,0352669L,ECOLE ELEMENTAIRE PUBLIQUE PASCAL LAFAYE,public,83,120.3,102.9,105.5,112.8,107.1,109.4,116.5,110.4,112.7,42176.0
2023-2024,03,BRETAGNE,14,RENNES,35,ILLE-ET-VILAINE,35238,RENNES,0352810P,ECOLE PRIMAIRE PUBLIQUE ANDREE CHEDID,public,73.4,120.3,102.9,105.5,112.8,107.1,109.4,116.5,110.4,112.7,42192.0
2023-2024,03,BRETAGNE,14,RENNES,35,ILLE-ET-VILAINE,35059,LA CHAPELLE DES FOUGERETZ,0350174Z,ECOLE ELEMENTAIRE PUBLIQUE GEORGES MARTINAIS,public,123,120.3,102.9,105.5,112.8,107.1,109.4,116.5,110.4,112.7,41667.0
2023-2024,03,BRETAGNE,14,RENNES,35,ILLE-ET-VILAINE,35189,MONTGERMONT,0350362D,ECOLE ELEMENTAIRE PUBLIQUE GERARD PHILIPE,public,122.4,120.3,102.9,105.5,112.8,107.1,109.4,116.5,110.4,112.7,41706.0
2023-2024,03,BRETAGNE,14,RENNES,35,ILLE-ET-VILAINE,35238,RENNES,0350592D,ECOLE ELEMENTAIRE PUBLIQUE JOSEPH LOTTE,public,122.5,120.3,102.9,105.5,112.8,107.1,109.4,116.5,110.4,112.7,41750.0
2023-2024,03,BRETAGNE,14,RENNES,35,ILLE-ET-VILAINE,35238,RENNES,0350615D,ECOLE ELEMENTAIRE PUBLIQUE PAUL LANGEVIN,public,99.6,120.3,102.9,105.5,112.8,107.1,109.4,116.5,110.4,112.7,41758.0
2023-2024,03,BRETAGNE,14,RENNES,35,ILLE-ET-VILAINE,35238,RENNES,0350619H,ECOLE ELEMENTAIRE PUBLIQUE CHATEAUGIRON LANDRY,public,126.8,120.3,102.9,105.5,112.8,107.1,109.4,116.5,110.4,112.7,41759.0
2023-2024,03,BRETAGNE,14,RENNES,35,ILLE-ET-VILAINE,35238,RENNES,0350632X,ECOLE ELEMENTAIRE PUBLIQUE COLOMBIER,public,93.2,120.3,102.9,105.5,112.8,107.1,109.4,116.5,110.4,112.7,41764.0
2023-2024,03,BRETAGNE,14,RENNES,35,ILLE-ET-VILAINE,35351,LE VERGER,0350671P,ECOLE PRIMAIRE PUBLIQUE DE LA VALLEE DU ROHUEL,public,113.3,120.3,102.9,105.5,112.8,107.1,109.4,116.5,110.4,112.7,41768.0
2023-2024,03,BRETAGNE,14,RENNES,35,ILLE-ET-VILAINE,35245,ROMILLE,0351025Z,ECOLE ELEMENTAIRE PUBLIQUE JEAN DE LA FONTAINE,public,117.1,120.3,102.9,105.5,112.8,107.1,109.4,116.5,110.4,112.7,41784.0
2023-2024,03,BRETAGNE,14,RENNES,35,ILLE-ET-VILAINE,35150,LECOUSSE,0351072A,ECOLE PRIMAIRE PRIVEE NOTRE DAME,privé sous contrat,107.8,120.3,102.9,105.5,112.8,107.1,109.4,116.5,110.4,112.7,41799.0
2023-2024,03,BRETAGNE,14,RENNES,35,ILLE-ET-VILAINE,35266,SAINT ERBLON,0351360N,ECOLE PRIMAIRE PRIVEE ST JEAN,privé sous contrat,124.1,120.3,102.9,105.5,112.8,107.1,109.4,116.5,110.4,112.7,41875.0
2023-2024,03,BRETAGNE,14,RENNES,35,ILLE-ET-VILAINE,35334,THORIGNE FOUILLARD,0351443D,ECOLE PRIMAIRE PRIVEE STE ANNE,privé sous contrat,139.6,120.3,102.9,105.5,112.8,107.1,109.4,116.5,110.4,112.7,41902.0
2023-2024,03,BRETAGNE,14,RENNES,35,ILLE-ET-VILAINE,35238,RENNES,0351522P,ECOLE PRIMAIRE PRIVEE ST JEAN STE THERESE,privé sous contrat,134.2,120.3,102.9,105.5,112.8,107.1,109.4,116.5,110.4,112.7,41924.0
2023-2024,03,BRETAGNE,14,RENNES,35,ILLE-ET-VILAINE,35058,LA CHAPELLE CHAUSSEE,0350173Y,ECOLE PRIMAIRE PUBLIQUE LE CHEMIN NEUF,public,112.7,120.3,102.9,105.5,112.8,107.1,109.4,116.5,110.4,112.7,41666.0
2023-2024,03,BRETAGNE,14,RENNES,35,ILLE-ET-VILAINE,35076,CHAVAGNE,0350192U,ECOLE ELEMENTAIRE PUBLIQUE DE CHAVAGNE,public,113.3,120.3,102.9,105.5,112.8,107.1,109.4,116.5,110.4,112.7,41672.0
2023-2024,03,BRETAGNE,14,RENNES,35,ILLE-ET-VILAINE,35088,CORPS NUDS,0350208L,ECOLE PRIMAIRE PUBLIQUE JACQUES YVES COUSTEAU,public,113.2,120.3,102.9,105.5,112.8,107.1,109.4,116.5,110.4,112.7,41677.0
2023-2024,03,BRETAGNE,14,RENNES,35,ILLE-ET-VILAINE,35136,JANZE,0350296G,ECOLE ELEMENTAIRE PUBLIQUE LE CHAT PERCHE,public,109.5,120.3,102.9,105.5,112.8,107.1,109.4,116.5,110.4,112.7,41692.0
2023-2024,03,BRETAGNE,14,RENNES,35,ILLE-ET-VILAINE,35216,PARTHENAY DE BRETAGNE,0350395P,ECOLE PRIMAIRE PUBLIQUE LA FONTAINE,public,117.1,120.3,102.9,105.5,112.8,107.1,109.4,116.5,110.4,112.7,41711.0
2023-2024,03,BRETAGNE,14,RENNES,35,ILLE-ET-VILAINE,35238,RENNES,0350603R,ECOLE ELEMENTAIRE PUBLIQUE PABLO PICASSO,public,126.5,120.3,102.9,105.5,112.8,107.1,109.4,116.5,110.4,112.7,41755.0
2023-2024,03,BRETAGNE,14,RENNES,35,ILLE-ET-VILAINE,35238,RENNES,0350624N,ECOLE ELEMENTAIRE PUBLIQUE CONTOUR SAINT AUBIN,public,134.5,120.3,102.9,105.5,112.8,107.1,109.4,116.5,110.4,112.7,41760.0
2023-2024,03,BRETAGNE,14,RENNES,35,ILLE-ET-VILAINE,35238,RENNES,0350631W,ECOLE ELEMENTAIRE PUBLIQUE MOULIN DU COMTE,public,99.1,120.3,102.9,105.5,112.8,107.1,109.4,116.5,110.4,112.7,41763.0
2023-2024,03,BRETAGNE,14,RENNES,35,ILLE-ET-VILAINE,35047,BRUZ,0351213D,ECOLE PRIMAIRE PRIVEE LA PROVIDENCE VERT BUISSON,privé sous contrat,126,120.3,102.9,105.5,112.8,107.1,109.4,116.5,110.4,112.7,41840.0
2023-2024,03,BRETAGNE,14,RENNES,35,ILLE-ET-VILAINE,35080,CINTRE,0351254Y,ECOLE PRIMAIRE PRIVEE ST JOSEPH,privé sous contrat,114.9,120.3,102.9,105.5,112.8,107.1,109.4,116.5,110.4,112.7,41851.0
2023-2024,03,BRETAGNE,14,RENNES,35,ILLE-ET-VILAINE,35275,SAINT GILLES,0351369Y,ECOLE PRIMAIRE PRIVEE LE SACRE COEUR,privé sous contrat,128,120.3,102.9,105.5,112.8,107.1,109.4,116.5,110.4,112.7,41879.0
2023-2024,03,BRETAGNE,14,RENNES,35,ILLE-ET-VILAINE,35278,SAINT GREGOIRE,0351372B,ECOLE PRIMAIRE PRIVEE NOTRE DAME,privé sous contrat,139.3,120.3,102.9,105.5,112.8,107.1,109.4,116.5,110.4,112.7,41880.0
2023-2024,03,BRETAGNE,14,RENNES,35,ILLE-ET-VILAINE,35238,RENNES,0351502T,ECOLE PRIMAIRE PRIVEE ST VINCENT PROVIDENCE,privé sous contrat,143.8,120.3,102.9,105.5,112.8,107.1,109.4,116.5,110.4,112.7,41919.0
2023-2024,03,BRETAGNE,14,RENNES,35,ILLE-ET-VILAINE,35238,RENNES,0351512D,ECOLE PRIMAIRE PRIVEE STE JEANNE D ARC,privé sous contrat,139.1,120.3,102.9,105.5,112.8,107.1,109.4,116.5,110.4,112.7,41921.0
2023-2024,03,BRETAGNE,14,RENNES,35,ILLE-ET-VILAINE,35238,RENNES,0351516H,ECOLE PRIMAIRE PRIVEE ST JOSEPH,privé sous contrat,123.1,120.3,102.9,105.5,112.8,107.1,109.4,116.5,110.4,112.7,41923.0
2023-2024,03,BRETAGNE,14,RENNES,35,ILLE-ET-VILAINE,35353,VEZIN LE COQUET,0351619V,ECOLE ELEMENTAIRE PUBLIQUE ERIC TABARLY,public,108.6,120.3,102.9,105.5,112.8,107.1,109.4,116.5,110.4,112.7,41956.0
2023-2024,03,BRETAGNE,14,RENNES,35,ILLE-ET-VILAINE,35144,LANGAN,0351659N,ECOLE PRIMAIRE PUBLIQUE LE VIEUX MUR,public,108.7,120.3,102.9,105.5,112.8,107.1,109.4,116.5,110.4,112.7,41971.0
2023-2024,03,BRETAGNE,14,RENNES,35,ILLE-ET-VILAINE,35334,THORIGNE FOUILLARD,0351765D,ECOLE ELEMENTAIRE PUBLIQUE LES GRANDS PRES VERTS,public,124.6,120.3,102.9,105.5,112.8,107.1,109.4,116.5,110.4,112.7,42028.0
2023-2024,03,BRETAGNE,14,RENNES,35,ILLE-ET-VILAINE,35131,L HERMITAGE,0351823S,ECOLE ELEMENTAIRE PUBLIQUE EUGENE ALLANIC,public,110.3,120.3,102.9,105.5,112.8,107.1,109.4,116.5,110.4,112.7,42041.0
2023-2024,03,BRETAGNE,14,RENNES,35,ILLE-ET-VILAINE,35200,MOUTIERS,0351826V,ECOLE PRIMAIRE PRIVEE STE THERESE,privé sous contrat,95.2,120.3,102.9,105.5,112.8,107.1,109.4,116.5,110.4,112.7,42042.0
2023-2024,03,BRETAGNE,14,RENNES,35,ILLE-ET-VILAINE,35051,CESSON SEVIGNE,0351859F,ECOLE ELEMENTAIRE PUBLIQUE BEAUSOLEIL,public,135.4,120.3,102.9,105.5,112.8,107.1,109.4,116.5,110.4,112.7,42047.0
2023-2024,03,BRETAGNE,14,RENNES,35,ILLE-ET-VILAINE,35238,RENNES,0351989X,ECOLE ELEMENTAIRE PUBLIQUE JULES ISAAC,public,114.7,120.3,102.9,105.5,112.8,107.1,109.4,116.5,110.4,112.7,42054.0
2023-2024,03,BRETAGNE,14,RENNES,35,ILLE-ET-VILAINE,35238,RENNES,0352136G,ECOLE ELEMENTAIRE PUBLIQUE CLOTEAUX,public,98.6,120.3,102.9,105.5,112.8,107.1,109.4,116.5,110.4,112.7,42069.0
2023-2024,03,BRETAGNE,14,RENNES,35,ILLE-ET-VILAINE,35238,RENNES,0352140L,ECOLE ELEMENTAIRE PUBLIQUE JULES FERRY,public,107,120.3,102.9,105.5,112.8,107.1,109.4,116.5,110.4,112.7,42071.0
2023-2024,03,BRETAGNE,14,RENNES,35,ILLE-ET-VILAINE,35238,RENNES,0352207J,ECOLE ELEMENTAIRE PUBLIQUE JEAN MOULIN,public,85.6,120.3,102.9,105.5,112.8,107.1,109.4,116.5,110.4,112.7,42088.0
2023-2024,03,BRETAGNE,14,RENNES,35,ILLE-ET-VILAINE,35066,CHARTRES DE BRETAGNE,0352344H,ECOLE PRIMAIRE PRIVEE STE MARIE,privé sous contrat,128.8,120.3,102.9,105.5,112.8,107.1,109.4,116.5,110.4,112.7,42117.0
2023-2024,03,BRETAGNE,14,RENNES,35,ILLE-ET-VILAINE,35001,ACIGNE,0352358Y,ECOLE PRIMAIRE PRIVEE STE JEANNE D ARC,privé sous contrat,124.3,120.3,102.9,105.5,112.8,107.1,109.4,116.5,110.4,112.7,42120.0
2023-2024,03,BRETAGNE,14,RENNES,35,ILLE-ET-VILAINE,35136,JANZE,0352363D,ECOLE PRIMAIRE PRIVEE LE SACRE COEUR,privé sous contrat,116,120.3,102.9,105.5,112.8,107.1,109.4,116.5,110.4,112.7,42125.0
2023-2024,03,BRETAGNE,14,RENNES,35,ILLE-ET-VILAINE,35352,VERN SUR SEICHE,0352386D,ECOLE ELEMENTAIRE PUBLIQUE NOEL DU FAIL,public,123.7,120.3,102.9,105.5,112.8,107.1,109.4,116.5,110.4,112.7,42136.0
2023-2024,03,BRETAGNE,14,RENNES,35,ILLE-ET-VILAINE,35238,RENNES,0352410E,ECOLE PRIMAIRE PRIVEE ST JEAN BOSCO,privé sous contrat,103.5,120.3,102.9,105.5,112.8,107.1,109.4,116.5,110.4,112.7,42147.0
2023-2024,03,BRETAGNE,14,RENNES,35,ILLE-ET-VILAINE,35238,RENNES,0352411F,ECOLE PRIMAIRE PRIVEE ST YVES,privé sous contrat,136.2,120.3,102.9,105.5,112.8,107.1,109.4,116.5,110.4,112.7,42148.0
2023-2024,03,BRETAGNE,14,RENNES,35,ILLE-ET-VILAINE,35055,CHANTEPIE,0352520Z,ECOLE PRIMAIRE PUBLIQUE LES LANDES,public,113.2,120.3,102.9,105.5,112.8,107.1,109.4,116.5,110.4,112.7,42167.0
2023-2024,03,BRETAGNE,14,RENNES,35,ILLE-ET-VILAINE,35024,BETTON,0352536S,ECOLE PRIMAIRE PUBLIQUE LES MEZIERES,public,119.6,120.3,102.9,105.5,112.8,107.1,109.4,116.5,110.4,112.7,42170.0
2023-2024,03,BRETAGNE,14,RENNES,35,ILLE-ET-VILAINE,35047,BRUZ,0352674S,ECOLE ELEMENTAIRE PUBLIQUE LE VERT BUISSON,public,116.5,120.3,102.9,105.5,112.8,107.1,109.4,116.5,110.4,112.7,42179.0
2022-2023,03,BRETAGNE,14,RENNES,35,ILLE-ET-VILAINE,35059,LA CHAPELLE DES FOUGERETZ,0350174Z,ECOLE ELEMENTAIRE PUBLIQUE GEORGES MARTINAIS,public,123.3,119.3,102.9,105.4,112.1,107.1,109.1,115.6,110.4,112.4,9490.0
2022-2023,03,BRETAGNE,14,RENNES,35,ILLE-ET-VILAINE,35240,LE RHEU,0350430C,ECOLE PRIMAIRE PUBLIQUE MOIGNE,public,124.5,119.3,102.9,105.4,112.1,107.1,109.1,115.6,110.4,112.4,9542.0
2022-2023,03,BRETAGNE,14,RENNES,35,ILLE-ET-VILAINE,35238,RENNES,0350603R,ECOLE ELEMENTAIRE PUBLIQUE PABLO PICASSO,public,123.9,119.3,102.9,105.4,112.1,107.1,109.1,115.6,110.4,112.4,9576.0
2022-2023,03,BRETAGNE,14,RENNES,35,ILLE-ET-VILAINE,35238,RENNES,0350638D,ECOLE ELEMENTAIRE PUBLIQUE CARLE BAHON,public,136.8,119.3,102.9,105.4,112.1,107.1,109.1,115.6,110.4,112.4,9587.0
2022-2023,03,BRETAGNE,14,RENNES,35,ILLE-ET-VILAINE,35238,RENNES,0350639E,ECOLE ELEMENTAIRE PUBLIQUE VILLENEUVE,public,140.5,119.3,102.9,105.4,112.1,107.1,109.1,115.6,110.4,112.4,9588.0
2022-2023,03,BRETAGNE,14,RENNES,35,ILLE-ET-VILAINE,35047,BRUZ,0351213D,ECOLE PRIMAIRE PRIVEE LA PROVIDENCE VERT BUISSON,privé sous contrat,125.2,119.3,102.9,105.4,112.1,107.1,109.1,115.6,110.4,112.4,9656.0
2022-2023,03,BRETAGNE,14,RENNES,35,ILLE-ET-VILAINE,35088,CORPS NUDS,0351267M,ECOLE PRIMAIRE PRIVEE ST JOSEPH,privé sous contrat,122.3,119.3,102.9,105.4,112.1,107.1,109.1,115.6,110.4,112.4,9668.0
2022-2023,03,BRETAGNE,14,RENNES,35,ILLE-ET-VILAINE,35310,SAINT SAUVEUR DES LANDES,0351421E,ECOLE PRIMAIRE PRIVEE FREDERIC OZANAM,privé sous contrat,106.5,119.3,102.9,105.4,112.1,107.1,109.1,115.6,110.4,112.4,9710.0
2022-2023,03,BRETAGNE,14,RENNES,35,ILLE-ET-VILAINE,35334,THORIGNE FOUILLARD,0351443D,ECOLE PRIMAIRE PRIVEE STE ANNE,privé sous contrat,137.8,119.3,102.9,105.4,112.1,107.1,109.1,115.6,110.4,112.4,9716.0
2022-2023,03,BRETAGNE,14,RENNES,35,ILLE-ET-VILAINE,35238,RENNES,0351504V,ECOLE PRIMAIRE PRIVEE ADORATION,privé sous contrat,135.3,119.3,102.9,105.4,112.1,107.1,109.1,115.6,110.4,112.4,9733.0
2022-2023,03,BRETAGNE,14,RENNES,35,ILLE-ET-VILAINE,35238,RENNES,0351522P,ECOLE PRIMAIRE PRIVEE ST JEAN STE THERESE,privé sous contrat,133.4,119.3,102.9,105.4,112.1,107.1,109.1,115.6,110.4,112.4,9737.0
2022-2023,03,BRETAGNE,14,RENNES,35,ILLE-ET-VILAINE,35351,LE VERGER,0351558D,ECOLE PRIMAIRE PRIVEE STE BERNADETTE,privé sous contrat,106.8,119.3,102.9,105.4,112.1,107.1,109.1,115.6,110.4,112.4,9752.0
2022-2023,03,BRETAGNE,14,RENNES,35,ILLE-ET-VILAINE,35238,RENNES,0351572U,ECOLE PRIMAIRE PRIVEE MONTESSORI,privé sous contrat,141.8,119.3,102.9,105.4,112.1,107.1,109.1,115.6,110.4,112.4,9758.0
2022-2023,03,BRETAGNE,14,RENNES,35,ILLE-ET-VILAINE,35352,VERN SUR SEICHE,0351749L,ECOLE PRIMAIRE PRIVEE NOTRE DAME,privé sous contrat,126.3,119.3,102.9,105.4,112.1,107.1,109.1,115.6,110.4,112.4,9834.0
2022-2023,03,BRETAGNE,14,RENNES,35,ILLE-ET-VILAINE,35208,ORGERES,0351862J,ECOLE ELEMENTAIRE PUBLIQUE LES GRAINS D ORGE,public,115.3,119.3,102.9,105.4,112.1,107.1,109.1,115.6,110.4,112.4,9864.0
2022-2023,03,BRETAGNE,14,RENNES,35,ILLE-ET-VILAINE,35204,NOUVOITOU,0352056V,ECOLE PRIMAIRE PUBLIQUE LE CHENE CENTENAIRE,public,120.2,119.3,102.9,105.4,112.1,107.1,109.1,115.6,110.4,112.4,9872.0
2022-2023,03,BRETAGNE,14,RENNES,35,ILLE-ET-VILAINE,35210,PACE,0352134E,ECOLE ELEMENTAIRE PUBLIQUE GUY GERARD,public,128.2,119.3,102.9,105.4,112.1,107.1,109.1,115.6,110.4,112.4,9881.0
2022-2023,03,BRETAGNE,14,RENNES,35,ILLE-ET-VILAINE,35238,RENNES,0352187M,ECOLE ELEMENTAIRE PUBLIQUE CLEMENCEAU,public,82.9,119.3,102.9,105.4,112.1,107.1,109.1,115.6,110.4,112.4,9895.0
2022-2023,03,BRETAGNE,14,RENNES,35,ILLE-ET-VILAINE,35238,RENNES,0352207J,ECOLE ELEMENTAIRE PUBLIQUE JEAN MOULIN,public,90.3,119.3,102.9,105.4,112.1,107.1,109.1,115.6,110.4,112.4,9902.0
2022-2023,03,BRETAGNE,14,RENNES,35,ILLE-ET-VILAINE,35240,LE RHEU,0352324L,ECOLE ELEMENTAIRE PUBLIQUE LE CLOS JOURY,public,118,119.3,102.9,105.4,112.1,107.1,109.1,115.6,110.4,112.4,9925.0
2022-2023,03,BRETAGNE,14,RENNES,35,ILLE-ET-VILAINE,35238,RENNES,0352335Y,ECOLE PRIMAIRE PRIVEE STE BERNADETTE,privé sous contrat,128.8,119.3,102.9,105.4,112.1,107.1,109.1,115.6,110.4,112.4,9928.0
2022-2023,03,BRETAGNE,14,RENNES,35,ILLE-ET-VILAINE,35066,CHARTRES DE BRETAGNE,0352344H,ECOLE PRIMAIRE PRIVEE STE MARIE,privé sous contrat,125.8,119.3,102.9,105.4,112.1,107.1,109.1,115.6,110.4,112.4,9931.0
2022-2023,03,BRETAGNE,14,RENNES,35,ILLE-ET-VILAINE,35051,CESSON SEVIGNE,0352362C,ECOLE PRIMAIRE PRIVEE NOTRE DAME,privé sous contrat,140.1,119.3,102.9,105.4,112.1,107.1,109.1,115.6,110.4,112.4,9938.0
2022-2023,03,BRETAGNE,14,RENNES,35,ILLE-ET-VILAINE,35076,CHAVAGNE,0352407B,ECOLE PRIMAIRE PRIVEE STE ANNE,privé sous contrat,117.9,119.3,102.9,105.4,112.1,107.1,109.1,115.6,110.4,112.4,9959.0
2022-2023,03,BRETAGNE,14,RENNES,35,ILLE-ET-VILAINE,35240,LE RHEU,0352487N,ECOLE PRIMAIRE PRIVEE STE MARIE,privé sous contrat,121.1,119.3,102.9,105.4,112.1,107.1,109.1,115.6,110.4,112.4,9973.0
2022-2023,03,BRETAGNE,14,RENNES,35,ILLE-ET-VILAINE,35055,CHANTEPIE,0352520Z,ECOLE PRIMAIRE PUBLIQUE LES LANDES,public,114.7,119.3,102.9,105.4,112.1,107.1,109.1,115.6,110.4,112.4,9981.0
2022-2023,03,BRETAGNE,14,RENNES,35,ILLE-ET-VILAINE,35238,RENNES,0352668K,ECOLE ELEMENTAIRE PUBLIQUE GANTELLES,public,97.5,119.3,102.9,105.4,112.1,107.1,109.1,115.6,110.4,112.4,9989.0
2024-2025,03,BRETAGNE,14,RENNES,35,ILLE-ET-VILAINE,35001,ACIGNE,0350103X,ECOLE ELEMENTAIRE PUBLIQUE LE CHEVRE,public,131.6,121.5,103.1,105.8,113.7,107.2,109.8,117.4,110.3,113,74209.0
2024-2025,03,BRETAGNE,14,RENNES,35,ILLE-ET-VILAINE,35058,LA CHAPELLE CHAUSSEE,0350173Y,ECOLE PRIMAIRE PUBLIQUE LE CHEMIN NEUF,public,114.8,121.5,103.1,105.8,113.7,107.2,109.8,117.4,110.3,113,74222.0
2024-2025,03,BRETAGNE,14,RENNES,35,ILLE-ET-VILAINE,35059,LA CHAPELLE DES FOUGERETZ,0350174Z,ECOLE ELEMENTAIRE PUBLIQUE GEORGES MARTINAIS,public,123.8,121.5,103.1,105.8,113.7,107.2,109.8,117.4,110.3,113,74223.0
2024-2025,03,BRETAGNE,14,RENNES,35,ILLE-ET-VILAINE,35088,CORPS NUDS,0350208L,ECOLE PRIMAIRE PUBLIQUE JACQUES YVES COUSTEAU,public,114.8,121.5,103.1,105.8,113.7,107.2,109.8,117.4,110.3,113,74233.0
2024-2025,03,BRETAGNE,14,RENNES,35,ILLE-ET-VILAINE,35132,HIREL,0350288Y,ECOLE PRIMAIRE PUBLIQUE LE LONG SILLON,public,91,121.5,103.1,105.8,113.7,107.2,109.8,117.4,110.3,113,74246.0
2024-2025,03,BRETAGNE,14,RENNES,35,ILLE-ET-VILAINE,35278,SAINT GREGOIRE,0350483K,ECOLE ELEMENTAIRE PUBLIQUE PAUL EMILE VICTOR,public,127.8,121.5,103.1,105.8,113.7,107.2,109.8,117.4,110.3,113,74283.0
2024-2025,03,BRETAGNE,14,RENNES,35,ILLE-ET-VILAINE,35238,RENNES,0350593E,ECOLE ELEMENTAIRE PUBLIQUE ALBERT DE MUN,public,138.4,121.5,103.1,105.8,113.7,107.2,109.8,117.4,110.3,113,74307.0
2024-2025,03,BRETAGNE,14,RENNES,35,ILLE-ET-VILAINE,35238,RENNES,0350627S,ECOLE ELEMENTAIRE PUBLIQUE DUCHESSE ANNE,public,134.9,121.5,103.1,105.8,113.7,107.2,109.8,117.4,110.3,113,74318.0
2024-2025,03,BRETAGNE,14,RENNES,35,ILLE-ET-VILAINE,35238,RENNES,0350632X,ECOLE ELEMENTAIRE PUBLIQUE COLOMBIER,public,93.2,121.5,103.1,105.8,113.7,107.2,109.8,117.4,110.3,113,74320.0
2024-2025,03,BRETAGNE,14,RENNES,35,ILLE-ET-VILAINE,35351,LE VERGER,0350671P,ECOLE PRIMAIRE PUBLIQUE DE LA VALLEE DU ROHUEL,public,110.9,121.5,103.1,105.8,113.7,107.2,109.8,117.4,110.3,113,74324.0
2024-2025,03,BRETAGNE,14,RENNES,35,ILLE-ET-VILAINE,35139,LAILLE,0351064S,ECOLE PRIMAIRE PRIVEE NOTRE DAME,privé sous contrat,127.5,121.5,103.1,105.8,113.7,107.2,109.8,117.4,110.3,113,74351.0
2024-2025,03,BRETAGNE,14,RENNES,35,ILLE-ET-VILAINE,35170,MECE,0351099E,ECOLE PRIMAIRE PRIVEE NOTRE DAME DES VERTUS,privé sous contrat,NS,121.5,103.1,105.8,113.7,107.2,109.8,117.4,110.3,113,74364.0
2024-2025,03,BRETAGNE,14,RENNES,35,ILLE-ET-VILAINE,35238,RENNES,0351494J,ECOLE PRIMAIRE PRIVEE NOTRE DAME DU VIEUX COURS,privé sous contrat,128.5,121.5,103.1,105.8,113.7,107.2,109.8,117.4,110.3,113,74475.0
2024-2025,03,BRETAGNE,14,RENNES,35,ILLE-ET-VILAINE,35238,RENNES,0351512D,ECOLE PRIMAIRE PRIVEE STE JEANNE D ARC,privé sous contrat,140.8,121.5,103.1,105.8,113.7,107.2,109.8,117.4,110.3,113,74479.0
2024-2025,03,BRETAGNE,14,RENNES,35,ILLE-ET-VILAINE,35238,RENNES,0351516H,ECOLE PRIMAIRE PRIVEE ST JOSEPH,privé sous contrat,125.7,121.5,103.1,105.8,113.7,107.2,109.8,117.4,110.3,113,74481.0
2024-2025,03,BRETAGNE,14,RENNES,35,ILLE-ET-VILAINE,35238,RENNES,0351774N,ECOLE ELEMENTAIRE PUBLIQUE LIBERTE,public,122.9,121.5,103.1,105.8,113.7,107.2,109.8,117.4,110.3,113,74588.0
2024-2025,03,BRETAGNE,14,RENNES,35,ILLE-ET-VILAINE,35266,SAINT ERBLON,0351786B,ECOLE PRIMAIRE PUBLIQUE LOUISE MICHEL,public,116.9,121.5,103.1,105.8,113.7,107.2,109.8,117.4,110.3,113,74592.0
2024-2025,03,BRETAGNE,14,RENNES,35,ILLE-ET-VILAINE,35024,BETTON,0351806Y,ECOLE ELEMENTAIRE PUBLIQUE LES OMBLAIS,public,133.3,121.5,103.1,105.8,113.7,107.2,109.8,117.4,110.3,113,74595.0
2024-2025,03,BRETAGNE,14,RENNES,35,ILLE-ET-VILAINE,35238,RENNES,0351829Y,ECOLE ELEMENTAIRE PUBLIQUE LEON GRIMAULT,public,102.6,121.5,103.1,105.8,113.7,107.2,109.8,117.4,110.3,113,74603.0
2024-2025,03,BRETAGNE,14,RENNES,35,ILLE-ET-VILAINE,35051,CESSON SEVIGNE,0351859F,ECOLE ELEMENTAIRE PUBLIQUE BEAUSOLEIL,public,135.3,121.5,103.1,105.8,113.7,107.2,109.8,117.4,110.3,113,74606.0
2024-2025,03,BRETAGNE,14,RENNES,35,ILLE-ET-VILAINE,35208,ORGERES,0351862J,ECOLE ELEMENTAIRE PUBLIQUE LES GRAINS D ORGE,public,113.6,121.5,103.1,105.8,113.7,107.2,109.8,117.4,110.3,113,74609.0
2024-2025,03,BRETAGNE,14,RENNES,35,ILLE-ET-VILAINE,35238,RENNES,0351989X,ECOLE ELEMENTAIRE PUBLIQUE JULES ISAAC,public,119.4,121.5,103.1,105.8,113.7,107.2,109.8,117.4,110.3,113,74614.0
2024-2025,03,BRETAGNE,14,RENNES,35,ILLE-ET-VILAINE,35238,RENNES,0352199A,ECOLE ELEMENTAIRE PUBLIQUE GUILLEVIC,public,73.1,121.5,103.1,105.8,113.7,107.2,109.8,117.4,110.3,113,74647.0
2024-2025,03,BRETAGNE,14,RENNES,35,ILLE-ET-VILAINE,35238,RENNES,0352207J,ECOLE ELEMENTAIRE PUBLIQUE JEAN MOULIN,public,83.8,121.5,103.1,105.8,113.7,107.2,109.8,117.4,110.3,113,74648.0
2024-2025,03,BRETAGNE,14,RENNES,35,ILLE-ET-VILAINE,35238,RENNES,0352271D,ECOLE ELEMENTAIRE PUBLIQUE GUYENNE,public,71.4,121.5,103.1,105.8,113.7,107.2,109.8,117.4,110.3,113,74659.0
2024-2025,03,BRETAGNE,14,RENNES,35,ILLE-ET-VILAINE,35024,BETTON,0352360A,ECOLE PRIMAIRE PRIVEE RAOUL FOLLEREAU,privé sous contrat,133.1,121.5,103.1,105.8,113.7,107.2,109.8,117.4,110.3,113,74681.0
2024-2025,03,BRETAGNE,14,RENNES,35,ILLE-ET-VILAINE,35076,CHAVAGNE,0352407B,ECOLE PRIMAIRE PRIVEE STE ANNE,privé sous contrat,116.1,121.5,103.1,105.8,113.7,107.2,109.8,117.4,110.3,113,74704.0
2024-2025,03,BRETAGNE,14,RENNES,35,ILLE-ET-VILAINE,35240,LE RHEU,0352487N,ECOLE PRIMAIRE PRIVEE STE MARIE,privé sous contrat,120.4,121.5,103.1,105.8,113.7,107.2,109.8,117.4,110.3,113,74718.0
2024-2025,03,BRETAGNE,14,RENNES,35,ILLE-ET-VILAINE,35238,RENNES,0352668K,ECOLE ELEMENTAIRE PUBLIQUE GANTELLES,public,95.1,121.5,103.1,105.8,113.7,107.2,109.8,117.4,110.3,113,74734.0
2024-2025,03,BRETAGNE,14,RENNES,35,ILLE-ET-VILAINE,35238,RENNES,0352877M,ECOLE PRIMAIRE PUBLIQUE NELSON MANDELA,public,93.9,121.5,103.1,105.8,113.7,107.2,109.8,117.4,110.3,113,74753.0
2024-2025,03,BRETAGNE,14,RENNES,35,ILLE-ET-VILAINE,35238,RENNES,0353062N,ECOLE PRIMAIRE PUBLIQUE SIMONE VEIL,public,89.6,121.5,103.1,105.8,113.7,107.2,109.8,117.4,110.3,113,74756.0
