Nom de la manifestation,Région,Domaine,Complément domaine,Département,Périodicité,Mois habituel de début,Site web,N° Identification,Commune principale,Autres communes,N° de l'édition 2018,Date de création,Soutenu en 2017 par le ministère de la culture ,Soutenu en 2017 par le Centre national du cinéma ,Soutenu en 2017 par le Centre national du livre ,Soutenu en 2017 par le Centre national des variétés ,Soutenu en 2018 par le ministère de la culture ,Soutenu en 2018 par le Centre national du cinéma ,Soutenu en 2018 par le Centre national du livre ,Soutenu en 2018 par le Centre national des variétés ,Code postal,Code INSEE,coordonnees_insee,"Libellé commune pour calcul CP, INSEE",Dépt SK,Nom Département,Commentaires,N° de l'édition 2019,Check édition,"Mois indicatif en chiffre, y compris double mois",Mois indicatif,Date début ancien,Date de fin ancien,Soutien 2017 MCC à la structure,Part festival sur soutien à la structure,Enquête DRAC 2017
FEU AU LAC,Bretagne,Musiques actuelles,Musiques amplifiées ou électroniques,35,Annuelle,06 (juin),www.festival-lefeuaulac.fr,CD105,VERN SUR SEICHE,,12.0,2007-01-01,,,,,,,,,35770,35352,"48.0525245014, -1.60521106164",VERN SUR SEICHE,35.0,Ille-et-Vilaine,,13.0,0.0,6.0,Juin,,,,,
FIESTA LA MASS,Bretagne,Musiques actuelles,Musiques amplifiées ou électroniques,35,Annuelle,10 (octobre),www.massprod.com,CD106,RENNES,,5.0,2014-01-01,,,,,,,,,35700,35238,"48.1119791219, -1.68186449144",RENNES,35.0,Ille-et-Vilaine,Festival de punk et ska,6.0,0.0,10.0,Octobre,2018-10-06,2018-10-06,,,
URBAINES,Bretagne,Pluridisciplinaire Spectacle vivant,Cultures urbaines,35,Annuelle,02 (février),www.urbaines.fr,CB014,RENNES,,9.0,2010-01-01,,,,,,,,,35700,35238,"48.1119791219, -1.68186449144",RENNES,35.0,Ille-et-Vilaine,"Avec URBAINES, Cultures, Pratiques & Tendances nous souhaitons contribuer à ce «renforcement du lien social» en proposant des formes accessibles à tous mettant en valeur le caractère novateur de certaines pratiques émergentes. En articulant cultures, pratiques & tendances, Urbaines se décline en de nombreux rendez-vous à destination des jeunes et des moins jeunes. À travers des concerts, événements artistiques, projections et rencontres, stages, ateliers…",10.0,0.0,3.0,,2019-02-20,2019-03-10,,,
JAZZ À L'ÉTAGE,Bretagne,Musiques actuelles,"Jazz, blues et musiques improvisées",35,Annuelle,02 (février),www.jazzaletage.com,CD131,RENNES,,9.0,2010-01-01,,,,,,,,,35700,35238,"48.1119791219, -1.68186449144",RENNES,35.0,Ille-et-Vilaine,,10.0,0.0,2.0,,2019-02-09,2019-03-09,,,
SEVENADUR,Bretagne,Musiques actuelles,Musiques traditionnelles et du monde,35,Annuelle,02 (février),www.sevenadur.org,CD183,RENNES,,18.0,2001-01-01,,,,,,,,,35700,35238,"48.1119791219, -1.68186449144",RENNES,35.0,Ille-et-Vilaine,,19.0,0.0,2.0,,2019-02-20,2019-03-17,,,
Festival national du film d'animation - Bruz (Rennes Métropole),Bretagne,Cinéma et audiovisuel,Animation,35,,04 (avril),www.festival-film-animation.fr,CJ013,RENNES,,,1995-01-01,,,,,,,,,35700,35238,"48.1119791219, -1.68186449144",RENNES,35.0,Ille-et-Vilaine,,25.0,0.0,4.0,,2019-04-24,2019-04-28,,,
FESTIVAL MAINTENANT,Bretagne,Transdisciplinaire,,35,Annuelle,10 (octobre),https://www.maintenant-festival.fr/2018/,CA002,RENNES,"Pacé, Châteaugiron, Bruz, Brie.",18.0,2001-01-01,,,,,,,,,35700,35238,"48.1119791219, -1.68186449144",RENNES,35.0,Ille-et-Vilaine,,19.0,0.0,10.0,Octobre,2018-10-05,2018-10-14,,,
Festival Travelling de Rennes,Bretagne,Cinéma et audiovisuel,,35,Annuelle,02 (février),www.clairobscur.info,CJ012,RENNES,,29.0,1990-01-01,,,,,,,,,35700,35238,"48.1119791219, -1.68186449144",RENNES,35.0,Ille-et-Vilaine,,30.0,0.0,2.0,,2019-02-05,2019-02-12,,,
FESTIVAL BAZAR LE JOUR BIZ'ART LA NUIT,Bretagne,Cirque et Arts de la rue,Arts de la rue,35,Biennale années impaires,06 (juin),https://bjbn.fr/,CM005,BETTON,,,2011-01-01,,,,,,,,,35830,35024,"48.1812360423, -1.64589552684",BETTON,35.0,Ille-et-Vilaine,,25.0,-16.0,6.0,,,,,,
Festival Court Métrange - Rennes,Bretagne,Cinéma et audiovisuel,Courts-métrages,35,,10 (octobre),www.courtmetrange.eu,CJ002,RENNES,,,2005-01-01,,,,,,,,,35700,35238,"48.1119791219, -1.68186449144",RENNES,35.0,Ille-et-Vilaine,,15.0,0.0,10.0,Octobre,2018-10-16,2018-10-21,,,
AU COIN DE MA RUE,Bretagne,Cirque et Arts de la rue,Arts de la rue,35,Annuelle,09 (septembre),https://fr-fr.facebook.com/aucoindemarue/,CM016,ROMILLE,,10.0,2009-01-01,,,,,,,,,35850,35245,"48.2223488257, -1.87904298142",ROMILLE,35.0,Ille-et-Vilaine,,11.0,0.0,9.0,Septembre,2018-09-09,2018-09-09,,,
UN DES SENS,Bretagne,Musiques actuelles,Musiques amplifiées ou électroniques,35,Annuelle,03 (mars),www.undessens.fr,CD192,RENNES,,14.0,2005-01-01,,,,,,,,,35700,35238,"48.1119791219, -1.68186449144",RENNES,35.0,Ille-et-Vilaine,"154ème édition. Le festival Un Des Sens est le moyen de découvrir une dizaine d'artiste en une semaine. Ils te feront rire, t'émouvront et vont te permettre de passer des moments inoubliables !",15.0,0.0,3.0,,2019-03-25,2019-03-29,,,
Festival TNB,Bretagne,Pluridisciplinaire Spectacle vivant,,35,Annuelle,11 (novembre),https://www.t-n-b.fr/programmation/spectacles/festival-tnb,CB015,RENNES,,2.0,2017-01-01,,,,,,,,,35700,35238,"48.1119791219, -1.68186449144",RENNES,35.0,Ille-et-Vilaine,"Performance, cinéma, théâtre, danse, arts plastiques",3.0,0.0,11.0,Novembre,2018-11-06,2018-11-24,,,
Jardins d'hiver,Bretagne,Livre et littérature,,35,Annuelle,02 (février),www.leschampslibres.fr,CK005,RENNES,,1.0,2018-01-01,,,,,,,,,35700,35238,"48.1119791219, -1.68186449144",RENNES,35.0,Ille-et-Vilaine,"Festival littéraire organisé par Les Champs Libres de Rennes. Il fait honneur à la littérature sous toutes ses formes ! Rencontres, lectures-concerts,  siestes musicales, promenades littéraires, improvisations, battle, escape game, chroniques de booktubeuses et du public…Cet évènement propose de la littérature, de la musique et des festivités",2.0,0.0,2.0,,2019-02-01,2019-02-03,,,
LES EMBELLIES,Bretagne,Musiques actuelles,,35,Annuelle,05 (mai),www.festival-lesembellies.com,CD082,RENNES,,21.0,1998-01-01,,,,,,,,,35700,35238,"48.1119791219, -1.68186449144",RENNES,35.0,Ille-et-Vilaine,,22.0,0.0,5.0,,2019-05-02,2019-05-04,,,
Festival Agrock,Bretagne,Musiques actuelles,Musiques amplifiées ou électroniques,35,Annuelle,01 (janvier),http://festival-agrock.fr/Views/home.php,CD007,RENNES,,29.0,1990-01-01,,,,,,,,,35700,35238,"48.1119791219, -1.68186449144",RENNES,35.0,Ille-et-Vilaine,,30.0,0.0,1.0,Janvier,,,,,
Festival Rue des livres,Bretagne,Livre et littérature,,35,Annuelle,03 (mars),www.festival-ruedeslivres.org,CK010,RENNES,,11.0,2008-01-01,,,,,,,,,35700,35238,"48.1119791219, -1.68186449144",RENNES,35.0,Ille-et-Vilaine,,12.0,0.0,3.0,,2019-03-23,2019-03-24,,,
Festival Yaouank,Bretagne,Musiques actuelles,Musiques traditionnelles et du monde,35,Annuelle,11 (novembre),http://yaouank.bzh/,CD160,RENNES,,20.0,1999-01-01,,,,,,,,,35700,35238,"48.1119791219, -1.68186449144",RENNES,35.0,Ille-et-Vilaine,Le plus grand fest-noz de Bretagne constitue le point culminant du festival avec une soirée à la programmation aussi éclectique et rythmé qu'inattendu.,21.0,0.0,11.0,Novembre,2018-11-01,2018-11-17,,,
QUARTIERS EN SCENE,Bretagne,Pluridisciplinaire Spectacle vivant,,35,Annuelle,03 (mars),www.quartiers-en-scene.fr,CB016,RENNES,,15.0,2004-01-01,,,,,,,,,35700,35238,"48.1119791219, -1.68186449144",RENNES,35.0,Ille-et-Vilaine,16ème édition. Festival de spectacles vivants à Rennes.,16.0,0.0,3.0,,2019-03-07,2019-03-16,,,
LES TOMBEES DE LA NUIT,Bretagne,Pluridisciplinaire Spectacle vivant,,35,Annuelle,07 (juillet),http://www.lestombeesdelanuit.com,CB010,RENNES,,39.0,1980-01-01,,,,,,,,,35700,35238,"48.1119791219, -1.68186449144",RENNES,35.0,Ille-et-Vilaine,,40.0,0.0,7.0,,2018-07-04,2018-07-08,,,
ROCK'N SOLEX,Bretagne,Musiques actuelles,Musiques amplifiées ou électroniques,35,Annuelle,05 (mai),http://rocknsolex.fr,CD147,RENNES,,52.0,1967-01-01,,,,,,,,,35700,35238,"48.1119791219, -1.68186449144",RENNES,35.0,Ille-et-Vilaine,,53.0,0.0,5.0,Mai,2018-05-09,2018-05-13,,,
MARMAILLE,Bretagne,Pluridisciplinaire Spectacle vivant,Jeune public,35,Annuelle,10 (octobre),www.lillicojeunepublic.fr,CH031,RENNES,,26.0,1993-01-01,,,,,,,,,35700,35238,"48.1119791219, -1.68186449144",RENNES,35.0,Ille-et-Vilaine,,27.0,0.0,10.0,Octobre,2018-10-16,2018-10-26,,,
JAZZ À LA HARPE,Bretagne,Musiques actuelles,"Jazz, blues et musiques improvisées",35,,05 (mai),www.3regards.com,CD129,RENNES,,,,,,,,,,,,35700,35238,"48.1119791219, -1.68186449144",RENNES,35.0,Ille-et-Vilaine,,,2020.0,5.0,Mai,,,,,
TRANSAT EN VILLE,Bretagne,Transdisciplinaire,,35,Annuelle,07 (juillet),www.tourisme-rennes.com,CA007,RENNES,,15.0,2004-01-01,,,,,,,,,35700,35238,"48.1119791219, -1.68186449144",RENNES,35.0,Ille-et-Vilaine,"Au programme : Farniente, théâtre, spectacles, cinema et concerts proposés par la Mairie de Rennes",16.0,0.0,7.0,Juillet,2018-07-07,2018-08-25,,,
LE GRAND SOUFFLET,Bretagne,Musiques actuelles,Musiques traditionnelles et du monde,35,Annuelle,10 (octobre),www.legrandsoufflet.fr,CD180,Chartres de Bretagne,Bruz (35)  /  Chateaugiron (35)  /  Redon (35)  /  La Bouexiere (35)  /  Fougeres (35)  /  Domloup (35)  /  Orgeres (35)  /  Eance (35)  /  La Chapelle de Brain (35)  /  Pace (35)  /  Montfort sur Meu (35)  /  Montours (35)  /  Parce (35)  /  Saint Lunaire (35)  /  Chantepie (35) /  Bazouges La Perouse (35)  /  Liffre (35)  /  Vitre (35)  / Pont Pean (35)  /  Maure de Bretagne (35),23.0,1996-01-01,,,,oui,,,,,35131,35066,"48.0451561683, -1.70650297343",Chartres de Bretagne,35.0,Ille-et-Vilaine,Festival dédié à l’accordéon et aux instruments à hanche libre.,24.0,0.0,10.0,Octobre,2018-10-03,2018-10-13,,,
LES GIBOULEES,Bretagne,Cirque et Arts de la rue,Arts de la rue,35,Annuelle,03 (mars),http://festival-lesgiboulees.fr/,CM015,RENNES,,3.0,2016-01-01,,,,,,,,,35700,35238,"48.1119791219, -1.68186449144",RENNES,35.0,Ille-et-Vilaine,,4.0,0.0,3.0,,2019-03-16,2019-03-17,,,
DOOINIT FESTIVAL,Bretagne,Musiques actuelles,Musiques amplifiées ou électroniques,35,Annuelle,04 (avril),http://www.dooinit-festival.com,CD075,RENNES,,9.0,2010-01-01,,,,,,,,,35700,35238,"48.1119791219, -1.68186449144",RENNES,35.0,Ille-et-Vilaine,10ème édition du festival Dooinit à Rennes,10.0,0.0,4.0,,2019-04-02,2019-04-07,,,
BREIZH DISORDER,Bretagne,Musiques actuelles,Musiques amplifiées ou électroniques,35,Annuelle,05 (mai),www.massprod.com,CD044,RENNES,Diverses communes,20.0,1999-01-01,,,,,,,,,35700,35238,"48.1119791219, -1.68186449144",RENNES,35.0,Ille-et-Vilaine,,21.0,0.0,5.0,Mai,,,,,
LES RENCONTRES TRANS MUSICALES DE RENNES,Bretagne,Musiques actuelles,Musiques amplifiées ou électroniques,35,Annuelle,12 (décembre),www.lestrans.com,CD143,RENNES,Saint Jacques de La Lande (35),40.0,1979-01-01,,,,oui,,,,,35700,35238,"48.1119791219, -1.68186449144",RENNES,35.0,Ille-et-Vilaine,,41.0,0.0,12.0,,2019-12-04,2019-12-08,,,
Biennale d'art contemporain de Rennes,Bretagne,Arts plastiques et visuels,,35,Biennale années paires,09 (septembre),,CI003,RENNES,,6.0,,,,,,,,,,35700,35238,"48.1119791219, -1.68186449144",RENNES,35.0,Ille-et-Vilaine,,41.0,1979.0,9.0,Septembre,2018-09-29,2018-12-02,,,
ROCK N SOLEX,Bretagne,Musiques actuelles,Musiques amplifiées ou électroniques,35,Annuelle,04 (avril),www.rocknsolex.fr,,RENNES,,,1968-01-01,,,,,,,,,35700,35238,"48.1119791219, -1.68186449144",RENNES,35.0,Ille-et-Vilaine,"52ème édition du plus ancien festival étudiant de France, organisé par les élèves de l'INSA de Rennes, le Rock N Solex.",52.0,0.0,4.0,,2019-04-24,2019-04-28,,,
BARS EN TRANS,Bretagne,Musiques actuelles,,35,Annuelle,12 (décembre),www.barsentrans.com,CD029,RENNES,,34.0,1985-01-01,,,,oui,,,,,35700,35238,"48.1119791219, -1.68186449144",RENNES,35.0,Ille-et-Vilaine,,35.0,0.0,12.0,Décembre,2018-12-06,2018-12-09,,,
MADE FESTIVAL,Bretagne,Musiques actuelles,Musiques amplifiées ou électroniques,35,Annuelle,05 (mai),www.made-festival.fr,,RENNES,,3.0,2016-01-01,,,,,,,,,35700,35238,"48.1119791219, -1.68186449144",RENNES,35.0,Ille-et-Vilaine,,4.0,0.0,5.0,,2019-05-24,2019-05-25,,,
I'm from Rennes,Bretagne,Musiques actuelles,,35,Annuelle,09 (septembre),http://www.imfromrennes.com,CD162,RENNES,,7.0,2012-01-01,,,,,,,,,35700,35238,"48.1119791219, -1.68186449144",RENNES,35.0,Ille-et-Vilaine,,8.0,0.0,9.0,Septembre,2018-09-14,2018-09-23,,,
LA FLUME ENCHANTEE,Bretagne,Musiques actuelles,,35,Annuelle,09 (septembre),www.festival-laflumeenchantee.fr,CD165,Geveze,,6.0,2013-01-01,,,,,,,,,35850,35120,"48.2133254705, -1.79930703575",GEVEZE,35.0,Ille-et-Vilaine,,7.0,0.0,9.0,Septembre,2018-09-07,2018-09-08,,,
JAZZ À L'OUEST,Bretagne,Musiques actuelles,"Jazz, blues et musiques improvisées",35,Annuelle,11 (novembre),www.jazzalouest.com,CD132,RENNES,,29.0,1990-01-01,,,,,,,,,35700,35238,"48.1119791219, -1.68186449144",RENNES,35.0,Ille-et-Vilaine,,30.0,0.0,11.0,Novembre,2018-11-06,2018-11-24,,,
BIG LOVE,Bretagne,Musiques actuelles,Musiques amplifiées ou électroniques,35,Annuelle,06 (juin),http://crabcakecorporation.com,CD032,RENNES,,4.0,2015-01-01,,,,,,,,,35700,35238,"48.1119791219, -1.68186449144",RENNES,35.0,Ille-et-Vilaine,,5.0,0.0,6.0,,2019-06-07,2019-06-09,,,
BALLADE AVEC BRASSENS,Bretagne,Musiques actuelles,Chanson,35,Annuelle,09 (septembre),http://balladeavecbrassens.fr/,CD166,RENNES,St Brieuc,15.0,2004-01-01,,,,,,,,,35700,35238,"48.1119791219, -1.68186449144",RENNES,35.0,Ille-et-Vilaine,années paires à Rennes et années impaires à Saint-Brieuc,16.0,0.0,9.0,Septembre,2018-09-05,2018-09-09,,,
FESTIVAL AQUI CUBA,Bretagne,Musiques actuelles,Musiques traditionnelles et du monde,35,Annuelle,10 (octobre),http://www.aquicuba.fr/,CD013,RENNES,,16.0,2003-01-01,,,,,,,,,35700,35238,"48.1119791219, -1.68186449144",RENNES,35.0,Ille-et-Vilaine,,17.0,0.0,10.0,Octobre,2018-10-20,2018-10-21,,,
AY-ROOP [Temps Fort arts du cirque],Bretagne,Cirque et Arts de la rue,Cirque,35,annuelle,03 (mars),www.ay-roop.com,CM004,RENNES,Diverses communes (Rennes Métropole / Ille-et-Vilaine / Bretagne),6.0,2013-01-01,oui,,,,oui,,,,35700,35238,"48.1119791219, -1.68186449144",RENNES,35.0,Ille-et-Vilaine,"""Le festival est l'espace-temps qui fédère les publics, les artistes, les bénévoles, les partenaires autour de la découverte et du soutien à la création des arts du cirque. Le festival se décline dans différents lieux et sites de la métropole rennaise, du département et de la région avec une programmation qui fait preuve de la diversité et de la créativité des arts du cirque et qui allie exigence artitsique et accès au plus grand nombre.""",7.0,0.0,3.5,,2019-03-14,2019-03-30,,,
MYTHOS,Bretagne,Musiques actuelles,,35,Annuelle,03 (mars),www.festival-mythos.com,CD145,ST JACQUES DE LA LANDE,Rennes (35) / Cesson Sevigne (35),22.0,1997-01-01,,,,oui,,,,,35136,35281,"48.0755625884, -1.72405381322",ST JACQUES DE LA LANDE,35.0,Ille-et-Vilaine,23ème édition du festival Mythos à Rennes,23.0,0.0,3.0,,2019-03-29,2019-04-07,,,
